obs_wl_vac(nm),unc_obs_wl,ritz_wl_vac(nm),unc_ritz_wl,intens,Aki(s^-1),Acc,Ei(cm-1),Ek(cm-1),conf_i,term_i,J_i,conf_k,term_k,J_k,Type,tp_ref,line_ref,Unnamed: 18
8.916,0.005,8.916,0.005,"a,B",,,0.0000,1121600?,1s2.2s2,1S,0,1s.2s.(1S).3s.4p.(1P*)?,1P*?,1,,,L2305,
9.024,0.003,9.024,0.003,"a,B",,,0.0000,1108200?,1s2.2s2,1S,0,1s.2s.(1S).3s.3p.(1P*)?,1P*?,1,,,L6979,
9.067,0.005,9.067,0.005,"a,B",,,0.0000,1102900?,1s2.2s2,1S,0,1s.2s.(3S).3s.4p.(3P*)?,1P*?,1,,,L2305,
9.220,0.003,9.220,0.003,"a,B",,,0.0000,1084600?,1s2.2s2,1S,0,1s.2s.(3S).3s.3p.(3P*)?,1P*?,1,,,L6979,
9.629,0.005,9.629,0.005,"a,B",,,0.0000,1038500a,1s2.2s2,1S,0,1s.(2S).2s.2p.(1P*).4s,1P*,1,,,L2305,
9.724,0.005,9.724,0.005,"a,B",,,0.0000,1028400?a,1s2.2s2,1S,0,1s.(2S).2s.2p.(1P*).3d?,1P*?,1,,,L2305,
9.744,0.005,9.744,0.005,"3a,B",,,0.0000,1026300a,1s2.2s2,1S,0,1s.(2S).2s.2p.(1P*).3s,1P*,1,,,L2305,
9.786,0.005,9.786,0.005,"5a,B",,,0.0000,1021900?a,1s2.2s2,1S,0,1s.(2S).2s.2p.(3P*).4s?,1P*?,1,,,L2305,
9.797,0.005,9.797,0.005,"a,B",,,0.0000,1020700?,1s2.2s2,1S,0,1s.(2S).2s.2p.(3P*).4d?,1P*?,1,,,L2305,
9.866,0.005,9.866,0.005,"a,B",,,0.0000,1013600?,1s2.2s2,1S,0,1s.(2S).2s.2p.(3P*).3d?,1P*?,1,,,L2305,
9.907,0.010,9.907,0.010,"5a,B",,,0.0000,1009400a,1s2.2s2,1S,0,1s.(2S).2s.2p.(3P*).3s,1P*,1,,,L2305,
10.086,0.005,10.086,0.005,"5a,B,bl",,,0.0000,991500a,1s2.2s2,1S,0,1s.2s2.5p?,1P*?,1,,,L2305,
10.120,0.002,10.1200,0.0020,"6a,B",,,0.0000,988140a,1s2.2s2,1S,0,1s.2s2.4p?,1P*?,1,,,L2305,
10.213,0.002,10.2130,0.0020,"10a,B",,,0.0000,979140a,1s2.2s2,1S,0,1s.2s2.3p,1P*,1,,,L2305,
10.467,0.002,10.467,0.003,"a,B*",,,21978.925,977400a,1s2.2s.2p,3P*,1,1s.(2S).2s.2p2.(2P),3P,1,,,L2305,
10.467,0.002,10.467,0.003,"a,B*",,,21981.26,977400a,1s2.2s.2p,3P*,2,1s.(2S).2s.2p2.(2P),3P,1,,,L2305,
10.467,0.002,10.467,0.004,"a,B*",,,21978.925,977400a,1s2.2s.2p,3P*,1,1s.(2S).2s.2p2.(2P),3P,0,,,L2305,
10.467,0.002,10.467,0.003,"a,B*",,,21978.925,977400a,1s2.2s.2p,3P*,1,1s.(2S).2s.2p2.(2P),3P,2,,,L2305,
10.467,0.002,10.467,0.003,"a,B*",,,21981.26,977400a,1s2.2s.2p,3P*,2,1s.(2S).2s.2p2.(2P),3P,2,,,L2305,
10.467,0.002,10.467,0.003,"a,B*",,,21978.31,977400a,1s2.2s.2p,3P*,0,1s.(2S).2s.2p2.(2P),3P,1,,,L2305,
10.580,0.002,10.5800,0.0020,"a,B*",,,21978.925,967160a,1s2.2s.2p,3P*,1,1s.(2S).2s.2p2.(2S),3S,1,,,L2305,
10.580,0.002,10.5800,0.0020,"a,B*",,,21978.31,967160a,1s2.2s.2p,3P*,0,1s.(2S).2s.2p2.(2S),3S,1,,,L2305,
10.580,0.002,10.5800,0.0020,"a,B*",,,21981.26,967160a,1s2.2s.2p,3P*,2,1s.(2S).2s.2p2.(2S),3S,1,,,L2305,
10.726,0.005,10.726,0.009,"10a,B*",,,21978.925,954300a,1s2.2s.2p,3P*,1,1s.(2S).2s.2p2.(2D),3D,2,,,L2305,
10.726,0.005,10.726,0.007,"10a,B*",,,21978.925,954300a,1s2.2s.2p,3P*,1,1s.(2S).2s.2p2.(2D),3D,1,,,L2305,
10.726,0.005,10.726,0.007,"10a,B*",,,21978.31,954300a,1s2.2s.2p,3P*,0,1s.(2S).2s.2p2.(2D),3D,1,,,L2305,
10.726,0.005,10.726,0.013,"10a,B*",,,21981.26,954300a,1s2.2s.2p,3P*,2,1s.(2S).2s.2p2.(2D),3D,3,,,L2305,
10.726,0.005,10.726,0.007,"10a,B*",,,21981.26,954300a,1s2.2s.2p,3P*,2,1s.(2S).2s.2p2.(2D),3D,1,,,L2305,
10.726,0.005,10.726,0.009,"10a,B*",,,21981.26,954300a,1s2.2s.2p,3P*,2,1s.(2S).2s.2p2.(2D),3D,2,,,L2305,
10.738,0.005,10.738,0.005,"10a,B",,,0.0000,931300a,1s2.2s2,1S,0,1s.2s2.2p,1P*,1,,,L2305,
61.85,0.05,61.85,0.05,"a,B",,,0.0000,161680a,1s2.2s2,1S,0,1s2.3s.10p?,1P*?,1,,,L1790,
62.01,0.05,62.01,0.05,"a,B",,,0.0000,161260a,1s2.2s2,1S,0,1s2.3s.9p?,1P*?,1,,,L1790,
62.26,0.05,62.26,0.05,"a,B",,,0.0000,160620a,1s2.2s2,1S,0,1s2.3s.8p?,1P*?,1,,,L1790,
62.63,0.05,62.63,0.05,"a,B",,,0.0000,159670a,1s2.2s2,1S,0,1s2.3s.7p?,1P*?,1,,,L1790,
65.83,0.05,65.83,0.05,"a,B",,,0.0000,151910a,1s2.2s2,1S,0,1s2.3s.4p,1P*,1,,,L1790,
70.11,0.05,70.11,0.05,"a,B",,,0.0000,142630a,1s2.2s2,1S,0,1s2.3s.3p,1P*,1,,,L1790,
94.01,0.10,94.01,0.10,a,,,0.0000,106370,1s2.2s2,1S,0,1s2.2p.13s,1P*,1,,,L1790,
94.14,0.10,94.14,0.10,a,,,0.0000,106220,1s2.2s2,1S,0,1s2.2p.12s,1P*,1,,,L1790,
94.27,0.10,94.27,0.10,a,,,0.0000,106080,1s2.2s2,1S,0,1s2.2p.11s,1P*,1,,,L1790,
94.49,0.10,94.49,0.10,"a,B",,,0.0000,105830a,1s2.2s2,1S,0,1s2.2p.10s,1P*,1,,,L1790,
94.77,0.10,94.77,0.10,"a,B",,,0.0000,105520a,1s2.2s2,1S,0,1s2.2p.9s,1P*,1,,,L1790,
95.16,0.10,95.16,0.10,"a,B",,,0.0000,105090a,1s2.2s2,1S,0,1s2.2p.8s,1P*,1,,,L1790,
95.78,0.10,95.78,0.10,"a,B",,,0.0000,104410a,1s2.2s2,1S,0,1s2.2p.7s,1P*,1,,,L1790,
95.97,0.05,95.987,0.005,"a,B",,,0.0000,104181a,1s2.2s2,1S,0,1s2.2p.6d,1P*,1,,,L481,
96.78,0.10,96.78,0.10,"a,B",,,0.0000,103330a,1s2.2s2,1S,0,1s2.2p.6s,1P*,1,,,L1790,
97.19,0.05,97.190,0.005,"a,B",,,0.0000,102891a,1s2.2s2,1S,0,1s2.2p.5d,1P*,1,,,L481,
98.62,0.10,98.62,0.10,"a,B",,,0.0000,101400a,1s2.2s2,1S,0,1s2.2p.5s,1P*,1,,,L1790,
99.46,0.05,99.435,0.005,"a,B",,,0.0000,[100568a],1s2.2s2,1S,0,1s2.2p.4d,1P*,1,,,L481,
102.5,0.5,102.5,0.5,"a,B",,,0.0000,97600a,1s2.2s2,1S,0,1s2.2p.4s,1P*,1,,,L1790,
104.58,0.05,104.554,0.005,"a,B",,,0.0000,95644a,1s2.2s2,1S,0,1s2.2p.3d,1P*,1,,,L1790,
113.4,1.0,113.4,1.0,"a,B",,,0.0000,88200a,1s2.2s2,1S,0,1s2.2p.3s,1P*,1,,,L1790,
134.22,0.03,134.2208,0.0009,a,,,0.0000,[74504.1],1s2.2s2,1S,0,1s2.2s.13p,1P*,1,,,L1790,
134.47,0.03,134.4435,0.0009,a,,,0.0000,[74380.7],1s2.2s2,1S,0,1s2.2s.12p,1P*,1,,,L1790,
134.74,0.03,134.7326,0.0009,a,,,0.0000,[74221.1],1s2.2s2,1S,0,1s2.2s.11p,1P*,1,,,L1790,
135.13,0.03,135.1183,0.0009,a,,,0.0000,[74009.2],1s2.2s2,1S,0,1s2.2s.10p,1P*,1,,,L1790,
135.65,0.03,135.6495,0.0009,a,3.71e+05,C,0.0000,[73719.4],1s2.2s2,1S,0,1s2.2s.9p,1P*,1,,u28,L1790,
,,136.40860,0.00013,,5.6e+04,D,0.0000,73309.16,1s2.2s2,1S,0,1s2.2s.8p,3P*,1,,u28,,
136.43,0.03,136.4076,0.0009,a,4.28e+05,C,0.0000,[73309.7],1s2.2s2,1S,0,1s2.2s.8p,1P*,1,,u28,L1790,
137.56,0.03,137.5482,0.0009,a,6.30e+05,C,0.0000,[72701.8],1s2.2s2,1S,0,1s2.2s.7p,1P*,1,,u28,L1790,
139.39,0.03,139.38026,0.00012,a,7.76e+05,C,0.0000,71746.17,1s2.2s2,1S,0,1s2.2s.6p,1P*,1,,u28,L1790,
142.6117,0.0010,142.61146,0.00006,4,7.57e+05,C,0.0000,70120.59,1s2.2s2,1S,0,1s2.2s.5p,1P*,1,,u28,L4743,
149.1762,0.0010,149.17625,0.00007,8,1.2e+05,D,0.0000,67034.80,1s2.2s2,1S,0,1s2.2s.4p,1P*,1,,u28,L4743,
155.2110483,0.0000013,155.2110483,0.0000012,,,,0.0000,64428.4032,1s2.2s2,1S,0,1s2.2s.3d,1D,2,2P,,L21345,
166.1478,0.0010,166.14761,0.00006,30,7.23e+06,A,0.0000,60187.4434,1s2.2s2,1S,0,1s2.2s.3p,1P*,1,,T7096c74,L4743,
,,169.75775,0.00017,,4.4e-01,D,0.0000,58907.472,1s2.2s2,1S,0,1s2.2s.3p,3P*,1,,T7096c74,,
190.712,0.005,190.708,0.009,2*,,,21978.925,74415,1s2.2s.2p,3P*,1,1s2.2s.12d,3D,2,,,L7412,
190.712,0.005,190.708,0.007,2*,,,21978.31,74414.6,1s2.2s.2p,3P*,0,1s2.2s.12d,3D,1,,,L7412,
190.712,0.005,190.710,0.007,2*,,,21978.925,74414.6,1s2.2s.2p,3P*,1,1s2.2s.12d,3D,1,,,L7412,
190.712,0.005,190.713,0.011,2*,,,21981.26,74416,1s2.2s.2p,3P*,2,1s2.2s.12d,3D,3,,,L7412,
190.712,0.005,190.717,0.009,2*,,,21981.26,74415,1s2.2s.2p,3P*,2,1s2.2s.12d,3D,2,,,L7412,
190.712,0.005,190.718,0.007,2*,,,21981.26,74414.6,1s2.2s.2p,3P*,2,1s2.2s.12d,3D,1,,,L7412,
190.95,0.06,190.95,0.11,*,,,931800+x,984170+x,1s.(2S).2s.2p2.(4P),5P,1,1s.(2S).2p3.(4S*),5S*,2,,,L5311c4,
190.95,0.06,190.95,0.11,*,,,931800+x,984170+x,1s.(2S).2s.2p2.(4P),5P,3,1s.(2S).2p3.(4S*),5S*,2,,,L5311c4,
190.95,0.06,190.95,0.11,*,,,931800+x,984170+x,1s.(2S).2s.2p2.(4P),5P,2,1s.(2S).2p3.(4S*),5S*,2,,,L5311c4,
191.249,0.005,191.244,0.007,3*,,,21978.31,74267.4,1s2.2s.2p,3P*,0,1s2.2s.11d,3D,1,,,L7412,
191.249,0.005,191.245,0.009,3*,,,21978.925,74268,1s2.2s.2p,3P*,1,1s2.2s.11d,3D,2,,,L7412,
191.249,0.005,191.247,0.007,3*,,,21978.925,74267.4,1s2.2s.2p,3P*,1,1s2.2s.11d,3D,1,,,L7412,
191.249,0.005,191.249,0.011,3*,,,21981.26,74269,1s2.2s.2p,3P*,2,1s2.2s.11d,3D,3,,,L7412,
191.249,0.005,191.253,0.009,3*,,,21981.26,74268,1s2.2s.2p,3P*,2,1s2.2s.11d,3D,2,,,L7412,
191.249,0.005,191.255,0.007,3*,,,21981.26,74267.4,1s2.2s.2p,3P*,2,1s2.2s.11d,3D,1,,,L7412,
191.976,0.005,191.971,0.009,5*,,,21978.925,74070,1s2.2s.2p,3P*,1,1s2.2s.10d,3D,2,,,L7412,
191.976,0.005,191.972,0.007,5*,,,21978.31,74069.3,1s2.2s.2p,3P*,0,1s2.2s.10d,3D,1,,,L7412,
191.976,0.005,191.974,0.007,5*,,,21978.925,74069.3,1s2.2s.2p,3P*,1,1s2.2s.10d,3D,1,,,L7412,
191.976,0.005,191.976,0.011,5*,,,21981.26,74071,1s2.2s.2p,3P*,2,1s2.2s.10d,3D,3,,,L7412,
191.976,0.005,191.980,0.009,5*,,,21981.26,74070,1s2.2s.2p,3P*,2,1s2.2s.10d,3D,2,,,L7412,
191.976,0.005,191.983,0.007,5*,,,21981.26,74069.3,1s2.2s.2p,3P*,2,1s2.2s.10d,3D,1,,,L7412,
192.967,0.005,192.965,0.009,7*,5.12e+06,B,21978.925,73801.8,1s2.2s.2p,3P*,1,1s2.2s.9d,3D,2,,u28,L7412,
192.967,0.005,192.966,0.011,7*,3.79e+06,B,21978.31,73801,1s2.2s.2p,3P*,0,1s2.2s.9d,3D,1,,u28,L7412,
192.967,0.005,192.967,0.007,7*,6.81e+06,B,21981.26,73803.6,1s2.2s.2p,3P*,2,1s2.2s.9d,3D,3,,u28,L7412,
192.967,0.005,192.968,0.011,7*,2.85e+06,B,21978.925,73801,1s2.2s.2p,3P*,1,1s2.2s.9d,3D,1,,u28,L7412,
192.967,0.005,192.974,0.009,7*,1.71e+06,B,21981.26,73801.8,1s2.2s.2p,3P*,2,1s2.2s.9d,3D,2,,u28,L7412,
192.967,0.005,192.977,0.011,7*,1.90e+05,B,21981.26,73801,1s2.2s.2p,3P*,2,1s2.2s.9d,3D,1,,u28,L7412,
194.368,0.005,194.3592,0.0006,11*,5.43e+06,B,21978.31,73429.43,1s2.2s.2p,3P*,0,1s2.2s.8d,3D,1,,u28,L7412,
194.368,0.005,194.3616,0.0005,11*,7.34e+06,B,21978.925,73429.42,1s2.2s.2p,3P*,1,1s2.2s.8d,3D,2,,u28,L7412,
194.368,0.005,194.3616,0.0006,11*,4.07e+06,B,21978.925,73429.43,1s2.2s.2p,3P*,1,1s2.2s.8d,3D,1,,u28,L7412,
194.368,0.005,194.3704,0.0005,11*,2.44e+06,B,21981.26,73429.42,1s2.2s.2p,3P*,2,1s2.2s.8d,3D,2,,u28,L7412,
194.368,0.005,194.3704,0.0006,11*,2.71e+05,B,21981.26,73429.43,1s2.2s.2p,3P*,2,1s2.2s.8d,3D,1,,u28,L7412,
194.368,0.005,194.3707,0.0005,11*,9.78e+06,B,21981.26,73429.34,1s2.2s.2p,3P*,2,1s2.2s.8d,3D,3,,u28,L7412,
195.663,0.005,195.656,0.005,2*,3.98e+05,C,21978.31,73088.4,1s2.2s.2p,3P*,0,1s2.2s.8s,3S,1,,u28,L7412,
195.663,0.005,195.658,0.005,2*,1.19e+06,C,21978.925,73088.4,1s2.2s.2p,3P*,1,1s2.2s.8s,3S,1,,u28,L7412,
195.663,0.005,195.667,0.005,2*,1.99e+06,C,21981.26,73088.4,1s2.2s.2p,3P*,2,1s2.2s.8s,3S,1,,u28,L7412,
196.459,0.005,196.4532,0.0006,19*,8.15e+06,B,21978.31,72881.03,1s2.2s.2p,3P*,0,1s2.2s.7d,3D,1,,u28,L7412,
196.459,0.005,196.4555,0.0006,19*,6.12e+06,B,21978.925,72881.03,1s2.2s.2p,3P*,1,1s2.2s.7d,3D,1,,u28,L7412,
196.459,0.005,196.4556,0.0005,19*,1.10e+07,B,21978.925,72881.01,1s2.2s.2p,3P*,1,1s2.2s.7d,3D,2,,u28,L7412,
196.459,0.005,196.4645,0.0006,19*,4.08e+05,B,21981.26,72881.03,1s2.2s.2p,3P*,2,1s2.2s.7d,3D,1,,u28,L7412,
196.459,0.005,196.4646,0.0005,19*,3.67e+06,B,21981.26,72881.01,1s2.2s.2p,3P*,2,1s2.2s.7d,3D,2,,u28,L7412,
196.459,0.005,196.4650,0.0005,19*,1.47e+07,B,21981.26,72880.92,1s2.2s.2p,3P*,2,1s2.2s.7d,3D,3,,u28,L7412,
198.513,0.005,198.506,0.005,7*,6.2e+05,C,21978.31,72354.7,1s2.2s.2p,3P*,0,1s2.2s.7s,3S,1,,u28,L7412,
198.513,0.005,198.508,0.005,7*,1.86e+06,C,21978.925,72354.7,1s2.2s.2p,3P*,1,1s2.2s.7s,3S,1,,u28,L7412,
198.513,0.005,198.517,0.005,7*,3.12e+06,C,21981.26,72354.7,1s2.2s.2p,3P*,2,1s2.2s.7s,3S,1,,u28,L7412,
199.801,0.005,199.7955,0.0003,20*,1.30e+07,B,21978.31,72029.49,1s2.2s.2p,3P*,0,1s2.2s.6d,3D,1,,u28,L7412,
199.801,0.005,199.7979,0.0003,20*,9.82e+06,B,21978.925,72029.49,1s2.2s.2p,3P*,1,1s2.2s.6d,3D,1,,u28,L7412,
199.801,0.005,199.7979,0.0003,20*,1.76e+07,B,21978.925,72029.50,1s2.2s.2p,3P*,1,1s2.2s.6d,3D,2,,u28,L7412,
199.801,0.005,199.8072,0.0003,20*,5.89e+06,B,21981.26,72029.50,1s2.2s.2p,3P*,2,1s2.2s.6d,3D,2,,u28,L7412,
199.801,0.005,199.8072,0.0003,20*,2.35e+07,B,21981.26,72029.51,1s2.2s.2p,3P*,2,1s2.2s.6d,3D,3,,u28,L7412,
199.801,0.005,199.8073,0.0003,20*,6.54e+05,B,21981.26,72029.49,1s2.2s.2p,3P*,2,1s2.2s.6d,3D,1,,u28,L7412,
obs_wl_air(nm),unc_obs_wl,ritz_wl_air(nm),unc_ritz_wl,intens,Aki(s^-1),Acc,Ei(cm-1),Ek(cm-1),conf_i,term_i,J_i,conf_k,term_k,J_k,Type,tp_ref,line_ref,
203.265,0.005,203.2602,0.0003,9*,1.06e+06,C,21978.31,71160.514,1s2.2s.2p,3P*,0,1s2.2s.6s,3S,1,,u28,L7412,
203.265,0.005,203.26274,0.00025,9*,3.17e+06,C,21978.925,71160.514,1s2.2s.2p,3P*,1,1s2.2s.6s,3S,1,,u28,L7412,
203.265,0.005,203.27239,0.00025,9*,5.3e+06,C,21981.26,71160.514,1s2.2s.2p,3P*,2,1s2.2s.6s,3S,1,,u28,L7412,
205.5902,0.0010,205.5878,0.0003,11*,2.28e+07,B,21978.31,70603.76,1s2.2s.2p,3P*,0,1s2.2s.5d,3D,1,,u28,L4743,
205.5902,0.0010,205.5904,0.0003,11*,3.08e+07,B,21978.925,70603.76,1s2.2s.2p,3P*,1,1s2.2s.5d,3D,2,,u28,L4743,
205.5902,0.0010,205.5904,0.0003,11*,1.71e+07,B,21978.925,70603.76,1s2.2s.2p,3P*,1,1s2.2s.5d,3D,1,,u28,L4743,
205.6012,0.0010,205.6003,0.0003,13*,1.03e+07,B,21981.26,70603.76,1s2.2s.2p,3P*,2,1s2.2s.5d,3D,2,,u28,L4743,
205.6012,0.0010,205.6003,0.0003,13*,1.14e+06,B,21981.26,70603.76,1s2.2s.2p,3P*,2,1s2.2s.5d,3D,1,,u28,L4743,
205.6012,0.0010,205.6004,0.0003,13*,4.13e+07,B,21981.26,70603.73,1s2.2s.2p,3P*,2,1s2.2s.5d,3D,3,,u28,L4743,
212.5568,0.0010,212.5546,0.0003,3*,2.02e+06,C,21978.31,69010.18,1s2.2s.2p,3P*,0,1s2.2s.5s,3S,1,,u28,L4743,
212.5568,0.0010,212.5574,0.0003,3*,6.0e+06,C,21978.925,69010.18,1s2.2s.2p,3P*,1,1s2.2s.5s,3S,1,,u28,L4743,
212.5685,0.0010,212.5680,0.0003,5,1.01e+07,C,21981.26,69010.18,1s2.2s.2p,3P*,2,1s2.2s.5s,3S,1,,u28,L4743,
214.735,0.005,214.72869,0.00023,1w,,,42565.4502,89121.19,1s2.2s.2p,1P*,1,1s2.2p.3p,1P,1,,,L2771,
217.4986,0.0010,217.4966,0.0004,13*,4.51e+07,B,21978.31,67941.63,1s2.2s.2p,3P*,0,1s2.2s.4d,3D,1,,u28,L4743,
217.4986,0.0010,217.4994,0.0003,13*,6.10e+07,B,21978.925,67941.65,1s2.2s.2p,3P*,1,1s2.2s.4d,3D,2,,u28,L4743,
217.4986,0.0010,217.4995,0.0004,13*,3.38e+07,B,21978.925,67941.63,1s2.2s.2p,3P*,1,1s2.2s.4d,3D,1,,u28,L4743,
217.5103,0.0010,217.5103,0.0003,15*,8.12e+07,B,21981.26,67941.68,1s2.2s.2p,3P*,2,1s2.2s.4d,3D,3,,u28,L4743,
217.5103,0.0010,217.5105,0.0003,15*,2.03e+07,B,21981.26,67941.65,1s2.2s.2p,3P*,2,1s2.2s.4d,3D,2,,u28,L4743,
217.5103,0.0010,217.5106,0.0004,15*,2.26e+06,B,21981.26,67941.63,1s2.2s.2p,3P*,2,1s2.2s.4d,3D,1,,u28,L4743,
219.4249,0.0020,219.4249,0.0019,2,,,56882.5474,102442.0,1s2.2p2,1D,2,1s2.2p.5d,1D*,2,,,L2771,
227.30,0.02,227.30,0.04,*,,,991620+y,1035601+y,1s.(2S).2s.2p.(3P*).3p,5P,1,1s.(2S).2p2.(3P).3p,5S*,2,,,L10228,
227.30,0.02,227.30,0.04,*,,,991620+y,1035601+y,1s.(2S).2s.2p.(3P*).3p,5P,3,1s.(2S).2p2.(3P).3p,5S*,2,,,L10228,
227.30,0.02,227.30,0.04,*,,,991620+y,1035601+y,1s.(2S).2s.2p.(3P*).3p,5P,2,1s.(2S).2p2.(3P).3p,5S*,2,,,L10228,
230.60,0.10,230.60,0.16,*,,,1000700+z,1044052+z,1s.(2S).2s.2p.(3P*).4p,5P,1,1s.(2S).2p2.(3P).4p,5S*,2,,,L5846,
230.60,0.10,230.60,0.16,*,,,1000700+z,1044052+z,1s.(2S).2s.2p.(3P*).4p,5P,3,1s.(2S).2p2.(3P).4p,5S*,2,,,L5846,
230.60,0.10,230.60,0.16,*,,,1000700+z,1044052+z,1s.(2S).2s.2p.(3P*).4p,5P,2,1s.(2S).2p2.(3P).4p,5S*,2,,,L5846,
233.023,0.005,233.015,0.005,2*,,,59693.60,102596.2,1s2.2p2,3P,0,1s2.2p.5d,3D*,,,,L2771,
233.023,0.005,233.022,0.005,2*,,,59694.99,102596.2,1s2.2p2,3P,1,1s2.2p.5d,3D*,,,,L2771,
233.023,0.005,233.033,0.005,2*,,,59696.98,102596.2,1s2.2p2,3P,2,1s2.2p.5d,3D*,,,,L2771,
233.650,0.005,233.650,0.005,3bl,,,56882.5474,99668.5,1s2.2p2,1D,2,1s2.2p.4d,1D*,2,,,L2771,
234.860415,0.000007,234.860414,0.000006,40,5.52e+08,A,0.0000,42565.4502,1s2.2s2,1S,0,1s2.2s.2p,1P*,1,,T7096c74,"L20591,L4743",
235.0661,0.0010,235.0663,0.0003,7,4.7e+06,C,21978.31,64506.483,1s2.2s.2p,3P*,0,1s2.2s.4s,3S,1,,u28,L4743,
235.0703,0.0010,235.0697,0.0003,11,1.41e+07,C,21978.925,64506.483,1s2.2s.2p,3P*,1,1s2.2s.4s,3S,1,,u28,L4743,
235.0829,0.0010,235.0826,0.0003,15,2.35e+07,C,21981.26,64506.483,1s2.2s.2p,3P*,2,1s2.2s.4s,3S,1,,u28,L4743,
248.1319,0.0020,248.1273,0.0013,9bl*,,,59693.60,99983.33,1s2.2p2,3P,0,1s2.2p.4d,3D*,1,,,L2771,
248.1319,0.0020,248.1319,0.0012,9bl*,,,59694.99,99983.97,1s2.2p2,3P,1,1s2.2p.4d,3D*,2,,,L2771,
248.1319,0.0020,248.1360,0.0012,9bl*,,,59696.98,99985.29,1s2.2p2,3P,2,1s2.2p.4d,3D*,3,,,L2771,
249.4543,0.0010,249.4542,0.0004,13,1.07e+08,A,21978.31,62053.7385,1s2.2s.2p,3P*,0,1s2.2s.3d,3D,1,,T7096c74,L4743,
249.4583,0.0010,249.4580,0.0003,17*,1.44e+08,A,21978.925,62053.742,1s2.2s.2p,3P*,1,1s2.2s.3d,3D,2,,T7096c74,L5964,
249.4583,0.0010,249.4581,0.0003,17*,8.04e+07,A,21978.925,62053.7385,1s2.2s.2p,3P*,1,1s2.2s.3d,3D,1,,T7096c74,L5964,
249.4728,0.0010,249.4726,0.0004,20*,4.82e+07,A,21981.26,62053.742,1s2.2s.2p,3P*,2,1s2.2s.3d,3D,2,,T7096c74,L5964,
249.4728,0.0010,249.4726,0.0004,20*,1.92e+08,A,21981.26,62053.742,1s2.2s.2p,3P*,2,1s2.2s.3d,3D,3,,T7096c74,L5964,
249.4728,0.0010,249.4726,0.0004,20*,5.35e+06,A,21981.26,62053.7385,1s2.2s.2p,3P*,2,1s2.2s.3d,3D,1,,T7096c74,L5964,
265.0454,0.0010,265.0461,0.0005,12,1.06e+08,A,21978.925,59696.98,1s2.2s.2p,3P*,1,1s2.2p2,3P,2,,T7096c74,L4743,
265.0550,0.0010,265.0558,0.0005,11,1.41e+08,A,21978.31,59694.99,1s2.2s.2p,3P*,0,1s2.2p2,3P,1,,T7096c74,L4743,
265.0613,0.0010,265.0601,0.0004,12,1.06e+08,A,21978.925,59694.99,1s2.2s.2p,3P*,1,1s2.2p2,3P,1,,T7096c74,L7412,
265.0619,0.0010,265.0625,0.0005,15,3.17e+08,A,21981.26,59696.98,1s2.2s.2p,3P*,2,1s2.2p2,3P,2,,T7096c74,L4743,
265.0694,0.0010,265.0699,0.0006,11,4.23e+08,A,21978.925,59693.60,1s2.2s.2p,3P*,1,1s2.2p2,3P,0,,T7096c74,L4743,
265.0760,0.0010,265.0765,0.0005,13,1.76e+08,A,21981.26,59694.99,1s2.2s.2p,3P*,2,1s2.2p2,3P,1,,T7096c74,L4743,
273.8050,0.0010,273.8050,0.0005,9,,,56882.5474,93394.09,1s2.2p2,1D,2,1s2.2p.3d,1D*,2,,,L4743,
289.8127,0.0010,289.8127,0.0007,5,,,59693.60,94188.53,1s2.2p2,3P,0,1s2.2p.3d,3D*,1,,,L4743,
289.8188,0.0010,289.8185,0.0007,3,,,59694.99,94189.24,1s2.2p2,3P,1,1s2.2p.3d,3D*,2,,,L4743,
289.8254,0.0010,289.8244,0.0007,7*,,,59694.99,94188.53,1s2.2p2,3P,1,1s2.2p.3d,3D*,1,,,L4743,
289.8254,0.0010,289.8258,0.0008,7*,,,59696.98,94190.36,1s2.2p2,3P,2,1s2.2p.3d,3D*,3,,,L4743,
,,289.8352,0.0008,m,,,59696.98,94189.24,1s2.2p2,3P,2,1s2.2p.3d,3D*,2,,,L4743,
298.6062,0.0010,298.6070,0.0005,11,,,52080.943,85560.01,1s2.2s.3s,3S,1,1s2.2p.3s,3P*,2,,,L4743,
298.6418,0.0010,298.6425,0.0004,10,,,52080.943,85556.03,1s2.2s.3s,3S,1,1s2.2p.3s,3P*,1,,,L4743,
298.662,0.003,298.6611,0.0008,7,,,52080.943,85553.94,1s2.2s.3s,3S,1,1s2.2p.3s,3P*,0,,,L7412,
301.9333,0.0010,301.9333,0.0010,12,,,58907.839,92018.09,1s2.2s.3p,3P*,2,1s2.2p.3p,3P,2,,,L4743,
301.9492,0.0010,301.9492,0.0007,9*,,,58907.472,92015.98,1s2.2s.3p,3P*,1,1s2.2p.3p,3P,1,,,L4743,
301.9492,0.0010,301.9492,0.0007,9*,,,58907.472,92015.98,1s2.2s.3p,3P*,0,1s2.2p.3p,3P,1,,,L4743,
301.9526,0.0010,301.9526,0.0007,9,,,58907.839,92015.98,1s2.2s.3p,3P*,2,1s2.2p.3p,3P,1,,,L4743,
301.9599,0.0010,301.9599,0.0010,7,,,58907.472,92014.81,1s2.2s.3p,3P*,1,1s2.2p.3p,3P,0,,,L4743,
308.9826,0.0020,308.9827,0.0020,3*,,,66811.89,99166.77,1s2.2s.4p,3P*,1,1s2.2p.4p,3P,2,,,L2771,
308.9826,0.0020,308.9827,0.0020,3*,,,66811.89,99166.77,1s2.2s.4p,3P*,2,1s2.2p.4p,3P,2,,,L2771,
309.0023,0.0020,309.0024,0.0021,5*,,,66811.89,99164.71,1s2.2s.4p,3P*,1,1s2.2p.4p,3P,1,,,L2771,
309.0023,0.0020,309.0024,0.0022,5*,,,66811.89,99164.71,1s2.2s.4p,3P*,0,1s2.2p.4p,3P,1,,,L2771,
309.0023,0.0020,309.0024,0.0021,5*,,,66811.89,99164.71,1s2.2s.4p,3P*,2,1s2.2p.4p,3P,1,,,L2771,
309.0130,0.0020,309.0131,0.0020,5*,,,66811.89,99163.59,1s2.2s.4p,3P*,1,1s2.2p.4p,3P,0,,,L2771,
311.0814,0.0010,311.0813,0.0009,5*,,,62053.742,94190.36,1s2.2s.3d,3D,3,1s2.2p.3d,3D*,3,,,L4743,
311.0814,0.0010,311.0813,0.0009,5*,,,62053.742,94190.36,1s2.2s.3d,3D,2,1s2.2p.3d,3D*,3,,,L4743,
311.0918,0.0010,311.0921,0.0008,5*,,,62053.742,94189.24,1s2.2s.3d,3D,3,1s2.2p.3d,3D*,2,,,L4743,
311.0918,0.0010,311.0921,0.0008,5*,,,62053.7385,94189.24,1s2.2s.3d,3D,1,1s2.2p.3d,3D*,2,,,L4743,
311.0918,0.0010,311.0921,0.0008,5*,,,62053.742,94189.24,1s2.2s.3d,3D,2,1s2.2p.3d,3D*,2,,,L4743,
311.0986,0.0010,311.0990,0.0008,7*,,,62053.7385,94188.53,1s2.2s.3d,3D,1,1s2.2p.3d,3D*,1,,,L4743,
311.0986,0.0010,311.0990,0.0008,7*,,,62053.742,94188.53,1s2.2s.3d,3D,2,1s2.2p.3d,3D*,1,,,L4743,
311.1068,0.0020,311.1068,0.0021,2bl*,,,[70065.40],102199.38,1s2.2s.5p,3P*,2,1s2.2p.5p,3P,2,,,L2771,
311.1068,0.0020,311.1068,0.0021,2bl*,,,[70065.40],102199.38,1s2.2s.5p,3P*,1,1s2.2p.5p,3P,2,,,L2771,
311.1235,0.0020,311.1235,0.0021,2bl*,,,[70065.40],102197.66,1s2.2s.5p,3P*,2,1s2.2p.5p,3P,1,,,L2771,
311.1235,0.0020,311.1235,0.0021,2bl*,,,[70065.40],102197.66,1s2.2s.5p,3P*,1,1s2.2p.5p,3P,1,,,L2771,
311.1235,0.0020,311.1235,0.0020,2bl*,,,[70065.40],102197.66,1s2.2s.5p,3P*,0,1s2.2p.5p,3P,1,,,L2771,
311.1420,0.0020,311.1420,0.0020,3*,,,[70065.40],102195.75,1s2.2s.5p,3P*,1,1s2.2p.5p,3P,0,,,L2771,
311.9850,0.0020,311.9839,0.0019,2*,,,67941.65,99985.29,1s2.2s.4d,3D,2,1s2.2p.4d,3D*,3,,,L2771,
311.9850,0.0020,311.9842,0.0019,2*,,,67941.68,99985.29,1s2.2s.4d,3D,3,1s2.2p.4d,3D*,3,,,L2771,
311.9968,0.0020,311.9966,0.0019,2bl*,,,67941.63,99983.97,1s2.2s.4d,3D,1,1s2.2p.4d,3D*,2,,,L2771,
311.9968,0.0020,311.9968,0.0019,2bl*,,,67941.65,99983.97,1s2.2s.4d,3D,2,1s2.2p.4d,3D*,2,,,L2771,
311.9968,0.0020,311.9971,0.0019,2bl*,,,67941.68,99983.97,1s2.2s.4d,3D,3,1s2.2p.4d,3D*,2,,,L2771,
312.0020,0.0020,312.0028,0.0019,3*,,,67941.63,99983.33,1s2.2s.4d,3D,1,1s2.2p.4d,3D*,1,,,L2771,
312.0020,0.0020,312.0030,0.0019,3*,,,67941.65,99983.33,1s2.2s.4d,3D,2,1s2.2p.4d,3D*,1,,,L2771,
312.4993,0.0020,312.4993,0.0029,3bl*,,,68241.044,100231.84?,1s2.2s.4f,3F*,3,1s2.2p.4f,3F,4,,,L2771,
312.4993,0.0020,312.4993,0.0029,3bl*,,,68241.04,100231.84?,1s2.2s.4f,3F*,4,1s2.2p.4f,3F,4,,,L2771,
312.5119,0.0020,312.5119,0.0022,3bl*,,,68241.044,100230.55?,1s2.2s.4f,3F*,3,1s2.2p.4f,3F,3,,,L2771,
312.5119,0.0020,312.5119,0.0022,3bl*,,,68241.041,100230.55?,1s2.2s.4f,3F*,2,1s2.2p.4f,3F,3,,,L2771,
312.5119,0.0020,312.512,0.003,3bl*,,,68241.04,100230.55?,1s2.2s.4f,3F*,4,1s2.2p.4f,3F,3,,,L2771,
313.4763,0.0020,313.4764,0.0020,5bl,,,70750.02,102641.11?,1s2.2s.5f,1F*,3,1s2.2p.5f,1F,3,,,L2771,
313.606,0.003,313.606,0.003,3,,,42565.4502,74443.4,1s2.2s.2p,1P*,1,1s2.2s.12d,1D,2,,,L3514,
313.8685,0.0020,313.8686,0.0020,7,,,68241.30,100092.54?,1s2.2s.4f,1F*,3,1s2.2p.4f,1F,3,,,L2771,
314.5425,0.0020,314.5425,0.0020,5,,,71746.17,103529.17,1s2.2s.6p,1P*,1,1s2.2p.6p,1P,1,,,L2771,
315.008,0.003,315.008,0.003,4,,,42565.4502,74301.5,1s2.2s.2p,1P*,1,1s2.2s.11d,1D,2,,,L3514,
316.0768,0.0020,316.0767,0.0020,9,,,70120.59,101749.32,1s2.2s.5p,1P*,1,1s2.2p.5p,1P,1,,,L2771,
316.384,0.003,316.384,0.003,1,,,42565.4502,74163.5,1s2.2s.2p,1P*,1,1s2.2s.11s,1S,0,,,L3514,
316.8602,0.0020,316.8602,0.0020,6,,,42565.4502,74115.98,1s2.2s.2p,1P*,1,1s2.2s.10d,1D,2,,,L2771,
318.734,0.003,318.734,0.003,3,,,42565.4502,73930.5,1s2.2s.2p,1P*,1,1s2.2s.10s,1S,0,,,L3514,
319.3830,0.0020,319.3812,0.0009,8,5.08e+06,B,42565.4502,73866.95,1s2.2s.2p,1P*,1,1s2.2s.9d,1D,2,,u28,L2771,
320.8600,0.0010,320.8597,0.0008,11,,,67034.80,98192.07,1s2.2s.4p,1P*,1,1s2.2p.4p,1P,1,,,L2031,
322.039,0.003,322.039,0.003,4,1.14e+06,B,42565.4502,73608.6,1s2.2s.2p,1P*,1,1s2.2s.9s,1S,0,,u28,L3514,
322.9620,0.0010,322.9619,0.0009,9,7.16e+06,B,42565.4502,73519.92,1s2.2s.2p,1P*,1,1s2.2s.8d,1D,2,,u28,L4743,
326.9038,0.0020,326.9038,0.0020,6,1.52e+06,B,42565.4502,73146.67,1s2.2s.2p,1P*,1,1s2.2s.8s,1S,0,,u28,L2771,
328.2905,0.0010,328.2900,0.0006,10,1.06e+07,B,42565.4502,73017.55,1s2.2s.2p,1P*,1,1s2.2s.7d,1D,2,,u28,L4743,
332.1011,0.0010,332.1013,0.0007,35,1.70e+07,B,21978.31,52080.943,1s2.2s.2p,3P*,0,1s2.2s.3s,3S,1,,T7096c74,L4743,
332.1079,0.0010,332.1081,0.0006,40,5.10e+07,B,21978.925,52080.943,1s2.2s.2p,3P*,1,1s2.2s.3s,3S,1,,T7096c74,L4743,
332.1340,0.0010,332.1338,0.0007,45,8.51e+07,B,21981.26,52080.943,1s2.2s.2p,3P*,2,1s2.2s.3s,3S,1,,T7096c74,L4743,
334.5430,0.0020,334.5430,0.0020,8bl,2.10e+06,B,42565.4502,72448.38,1s2.2s.2p,1P*,1,1s2.2s.7s,1S,0,,u28,L2771,
336.7633,0.0010,336.7650,0.0007,11,1.64e+07,B,42565.4502,72251.22,1s2.2s.2p,1P*,1,1s2.2s.6d,1D,2,,u28,L4743,
345.1372,0.0010,345.1372,0.0008,1,,,64428.4032,93394.09,1s2.2s.3d,1D,2,1s2.2p.3d,1D*,2,,,L4743,
345.5183,0.0010,345.5182,0.0006,17,,,60187.4434,89121.19,1s2.2s.3p,1P*,1,1s2.2p.3p,1P,1,,,L4743,
347.6564,0.0010,347.6564,0.0010,11,3.11e+06,B,42565.4502,71321.25,1s2.2s.2p,1P*,1,1s2.2s.6s,1S,0,,u28,L4743,
351.5539,0.0010,351.5545,0.0004,17,2.74e+07,B,42565.4502,71002.406,1s2.2s.2p,1P*,1,1s2.2s.5d,1D,2,,u28,L4743,
356.1310,0.0020,356.1317,0.0011,5,,,70120.59,98192.07,1s2.2s.5p,1P*,1,1s2.2p.4p,1P,1,,,L2771,
373.6298,0.0010,373.6298,0.0010,13,5.08e+06,B,42565.4502,69322.30,1s2.2s.2p,1P*,1,1s2.2s.5s,1S,0,,u28,L4743,
381.3454,0.0010,381.3453,0.0010,22,4.87e+07,B,42565.4502,68780.96,1s2.2s.2p,1P*,1,1s2.2s.4d,1D,2,,u28,L4743,
386.5130,0.0010,386.5130,0.0007,3,,,59694.99,85560.01,1s2.2p2,3P,1,1s2.2p.3s,3P*,2,,,L483,
386.5423,0.0010,386.5427,0.0007,5,,,59696.98,85560.01,1s2.2p2,3P,2,1s2.2p.3s,3P*,2,,,L483,
386.5513,0.0010,386.5517,0.0009,1,,,59693.60,85556.03,1s2.2p2,3P,0,1s2.2p.3s,3P*,1,,,L483,
386.5722,0.0010,386.5725,0.0007,2,,,59694.99,85556.03,1s2.2p2,3P,1,1s2.2p.3s,3P*,1,,,L483,
386.6025,0.0010,386.6022,0.0009,3*,,,59696.98,85556.03,1s2.2p2,3P,2,1s2.2p.3s,3P*,1,,,L483,
386.6025,0.0010,386.6037,0.0012,3*,,,59694.99,85553.94,1s2.2p2,3P,1,1s2.2p.3s,3P*,0,,,L483,
425.305,0.003,425.2987,0.0011,6*,,,62053.742,85560.01,1s2.2s.3d,3D,2,1s2.2p.3s,3P*,2,,,L7412,
425.305,0.003,425.2987,0.0011,6*,,,62053.7385,85560.01,1s2.2s.3d,3D,1,1s2.2p.3s,3P*,2,,,L7412,
425.305,0.003,425.2987,0.0011,6*,,,62053.742,85560.01,1s2.2s.3d,3D,3,1s2.2p.3s,3P*,2,,,L7412,
425.376,0.003,425.3707,0.0009,5*,,,62053.742,85556.03,1s2.2s.3d,3D,2,1s2.2p.3s,3P*,1,,,L7412,
425.376,0.003,425.3707,0.0009,5*,,,62053.7385,85556.03,1s2.2s.3d,3D,1,1s2.2p.3s,3P*,1,,,L7412,
425.412,0.003,425.4085,0.0016,2*,,,62053.7385,85553.94,1s2.2s.3d,3D,1,1s2.2p.3s,3P*,0,,,L7412,
440.7935,0.0010,440.7936,0.0004,19,1.01e+07,B,42565.4502,65245.437,1s2.2s.2p,1P*,1,1s2.2s.4s,1S,0,,u28,L4743,
452.6409,0.0020,452.6406,0.0010,7,,,67034.80,89121.19,1s2.2s.4p,1P*,1,1s2.2p.3p,1P,1,,,L2771,
,,454.8055,0.0014,,1.65e-04,B,0.0000,21981.26,1s2.2s2,1S,0,1s2.2s.2p,3P*,2,M2,T7096c75,,
454.8538,0.0002,454.85379,0.00021,,4.2e-01,E,0.0000,21978.925,1s2.2s2,1S,0,1s2.2s.2p,3P*,1,,T7096c74,L7430,
457.266605,0.000029,457.266603,0.000021,30,7.62e+07,B,42565.4502,64428.4032,1s2.2s.2p,1P*,1,1s2.2s.3d,1D,2,,T7096c74,"L21345,L4743",
470.937,0.002,470.9391,0.0016,2*,,,52080.943,73309.17,1s2.2s.3s,3S,1,1s2.2s.8p,3P*,0,,,L483,
470.937,0.002,470.9394,0.0011,2*,,,52080.943,73309.16,1s2.2s.3s,3S,1,1s2.2s.8p,3P*,1,,,L483,
470.937,0.002,470.9396,0.0009,2*,,,52080.943,73309.15,1s2.2s.3s,3S,1,1s2.2s.8p,3P*,2,,,L483,
484.916,0.002,484.9153,0.0007,3*,,,52080.943,72697.34,1s2.2s.3s,3S,1,1s2.2s.7p,3P*,2,,,L483,
484.916,0.002,484.9153,0.0009,3*,,,52080.943,72697.34,1s2.2s.3s,3S,1,1s2.2s.7p,3P*,1,,,L483,
484.916,0.002,484.9156,0.0014,3*,,,52080.943,72697.33,1s2.2s.3s,3S,1,1s2.2s.7p,3P*,0,,,L483,
,,485.6045,0.0019,,1.03e-06,B,21978.31,42565.4502,1s2.2s.2p,3P*,0,1s2.2s.2p,1P*,1,M1,T7096c75,L5964,
,,485.61897,0.00024,,2.75e-07,B,21978.925,42565.4502,1s2.2s.2p,3P*,1,1s2.2s.2p,1P*,1,E2,T7096c75,,
,,485.61897,0.00024,,7.68e-07,B,21978.925,42565.4502,1s2.2s.2p,3P*,1,1s2.2s.2p,1P*,1,M1,T7096c75,L5964,
,,485.6741,0.0017,,2.41e-07,B,21981.26,42565.4502,1s2.2s.2p,3P*,2,1s2.2s.2p,1P*,1,E2,T7096c75,,
,,485.6741,0.0017,,1.28e-06,B,21981.26,42565.4502,1s2.2s.2p,3P*,2,1s2.2s.2p,1P*,1,M1,T7096c75,L5964,
508.775,0.002,508.7714,0.0008,5*,,,52080.943,71730.66,1s2.2s.3s,3S,1,1s2.2s.6p,3P*,2,,,L483,
508.775,0.002,508.7714,0.0008,5*,,,52080.943,71730.66,1s2.2s.3s,3S,1,1s2.2s.6p,3P*,1,,,L483,
508.775,0.002,508.7719,0.0013,5*,,,52080.943,71730.64,1s2.2s.3s,3S,1,1s2.2s.6p,3P*,0,,,L483,
,,525.007,0.014,,3.1e+05,C,54677.349,[73719.4],1s2.2s.3s,1S,0,1s2.2s.9p,1P*,1,,u28,,
526.1525,0.0020,526.1527,0.0014,5,,,70120.59,89121.19,1s2.2s.5p,1P*,1,1s2.2p.3p,1P,1,,,L2771,
,,536.552,0.014,,3.7e+05,C,54677.349,[73309.7],1s2.2s.3s,1S,0,1s2.2s.8p,1P*,1,,u28,,
,,554.648,0.015,,5.46e+05,C,54677.349,[72701.8],1s2.2s.3s,1S,0,1s2.2s.7p,1P*,1,,u28,,
555.78,0.10,555.881,0.003,*,,,52080.943,[70065.40],1s2.2s.3s,3S,1,1s2.2s.5p,3P*,0,,,L2031,
555.78,0.10,555.881,0.005,*,,,52080.943,[70065.40],1s2.2s.3s,3S,1,1s2.2s.5p,3P*,2,,,L2031,
555.78,0.10,555.881,0.005,*,,,52080.943,[70065.40],1s2.2s.3s,3S,1,1s2.2s.5p,3P*,1,,,L2031,
585.701,0.002,585.7012,0.0021,3,6.99e+05,C,54677.349,71746.17,1s2.2s.3s,1S,0,1s2.2s.6p,1P*,1,,u28,L483,
,,593.771,0.018,,1.2e+05,D,56882.5474,[73719.4],1s2.2p2,1D,2,1s2.2s.9p,1P*,1,,u28,,
,,608.580,0.019,,1.4e+05,D,56882.5474,[73309.7],1s2.2p2,1D,2,1s2.2s.8p,1P*,1,,u28,,
,,608.600,0.003,,1.9e+04,D,56882.5474,73309.16,1s2.2p2,1D,2,1s2.2s.8p,3P*,1,,u28,,
622.9110,0.0020,622.9108,0.0019,3,2.26e+06,B,56882.5474,72931.77,1s2.2p2,1D,2,1s2.2s.7f,1F*,3,,u28,L4743,
,,631.966,0.020,,2.2e+05,D,56882.5474,[72701.8],1s2.2p2,1D,2,1s2.2s.7p,1P*,1,,u28,,
,,632.145,0.003,,3.5e+01,D,56882.5474,72697.34,1s2.2p2,1D,2,1s2.2s.7p,3P*,1,,u28,,
647.3539,0.0020,647.3536,0.0013,7,7.69e+05,C,54677.349,70120.59,1s2.2s.3s,1S,0,1s2.2s.5p,1P*,1,,u28,L4743,
656.4521,0.0020,656.4519,0.0022,9,3.49e+06,B,56882.5474,72111.75,1s2.2p2,1D,2,1s2.2s.6f,1F*,3,,u28,L4743,
,,671.15,0.09,,6.52e+05,B,58907.839,73803.6,1s2.2s.3p,3P*,2,1s2.2s.9d,3D,3,,u28,,
,,671.21,0.10,,4.89e+05,B,58907.472,73801.8,1s2.2s.3p,3P*,1,1s2.2s.9d,3D,2,,u28,,
,,671.23,0.10,,1.63e+05,B,58907.839,73801.8,1s2.2s.3p,3P*,2,1s2.2s.9d,3D,2,,u28,,
,,671.25,0.14,,3.62e+05,B,58907.472,73801,1s2.2s.3p,3P*,0,1s2.2s.9d,3D,1,,u28,,
,,671.25,0.14,,2.72e+05,B,58907.472,73801,1s2.2s.3p,3P*,1,1s2.2s.9d,3D,1,,u28,,
,,671.26,0.14,,1.81e+04,B,58907.839,73801,1s2.2s.3p,3P*,2,1s2.2s.9d,3D,1,,u28,,
672.60,0.02,672.598,0.003,2bl,3.1e+05,D,56882.5474,71746.17,1s2.2p2,1D,2,1s2.2s.6p,1P*,1,,u28,L483,
678.6559,0.0020,678.656,0.006,9w*,1.7e+05,D,52080.943,66811.89,1s2.2s.3s,3S,1,1s2.2s.4p,3P*,0,,u28,L4743,
678.6559,0.0020,678.656,0.003,9w*,1.7e+05,D,52080.943,66811.89,1s2.2s.3s,3S,1,1s2.2s.4p,3P*,2,,u28,L4743,
678.6559,0.0020,678.656,0.003,9w*,1.7e+05,D,52080.943,66811.89,1s2.2s.3s,3S,1,1s2.2s.4p,3P*,1,,u28,L4743,
688.422,0.005,688.422,0.008,1w*,3.81e+05,B,58907.472,73429.43,1s2.2s.3p,3P*,1,1s2.2s.8d,3D,1,,u28,,
688.422,0.005,688.422,0.008,1w*,5.07e+05,B,58907.472,73429.43,1s2.2s.3p,3P*,0,1s2.2s.8d,3D,1,,u28,L483,
688.422,0.005,688.423,0.006,1w*,6.86e+05,B,58907.472,73429.42,1s2.2s.3p,3P*,1,1s2.2s.8d,3D,2,,u28,,
688.444,0.005,688.440,0.008,2w*,2.54e+04,B,58907.839,73429.43,1s2.2s.3p,3P*,2,1s2.2s.8d,3D,1,,u28,L483,
688.444,0.005,688.440,0.006,2w*,2.28e+05,B,58907.839,73429.42,1s2.2s.3p,3P*,2,1s2.2s.8d,3D,2,,u28,L483,
688.444,0.005,688.444,0.005,2w*,9.13e+05,B,58907.839,73429.34,1s2.2s.3p,3P*,2,1s2.2s.8d,3D,3,,u28,L483,
698.2749,0.0020,698.2730,0.0010,13,,,42565.4502,56882.5474,1s2.2s.2p,1P*,1,1s2.2p2,1D,2,,,L4743,
,,704.98,0.06,,2.91e+05,B,58907.472,73088.4,1s2.2s.3p,3P*,1,1s2.2s.8s,3S,1,,u28,,
,,704.98,0.06,,9.67e+04,B,58907.472,73088.4,1s2.2s.3p,3P*,0,1s2.2s.8s,3S,1,,u28,,
,,705.00,0.06,,4.83e+05,B,58907.839,73088.4,1s2.2s.3p,3P*,2,1s2.2s.8s,3S,1,,u28,,
715.440,0.005,715.440,0.008,2w*,5.55e+05,B,58907.472,72881.03,1s2.2s.3p,3P*,1,1s2.2s.7d,3D,1,,u28,,
715.440,0.005,715.440,0.008,2w*,7.39e+05,B,58907.472,72881.03,1s2.2s.3p,3P*,0,1s2.2s.7d,3D,1,,u28,L483,
715.440,0.005,715.441,0.006,2w*,9.99e+05,B,58907.472,72881.01,1s2.2s.3p,3P*,1,1s2.2s.7d,3D,2,,u28,,
715.465,0.005,715.459,0.008,3w*,3.70e+04,B,58907.839,72881.03,1s2.2s.3p,3P*,2,1s2.2s.7d,3D,1,,u28,L483,
715.465,0.005,715.460,0.006,3w*,3.33e+05,B,58907.839,72881.01,1s2.2s.3p,3P*,2,1s2.2s.7d,3D,2,,u28,L483,
715.465,0.005,715.465,0.006,3w*,1.33e+06,B,58907.839,72880.92,1s2.2s.3p,3P*,2,1s2.2s.7d,3D,3,,u28,L483,
720.9134,0.0020,720.9132,0.0021,13,5.70e+06,B,56882.5474,70750.02,1s2.2p2,1D,2,1s2.2s.5f,1F*,3,,u28,L4743,
,,720.928,0.003,,1.63e+02,C,56882.5474,70749.744,1s2.2p2,1D,2,1s2.2s.5f,3F*,3,,u28,,
730.817,0.005,730.819,0.004,1w,3.34e+05,B,60187.4434,73866.95,1s2.2s.3p,1P*,1,1s2.2s.9d,1D,2,,u28,L483,
,,743.44,0.07,,4.58e+05,B,58907.472,72354.7,1s2.2s.3p,3P*,1,1s2.2s.7s,3S,1,,u28,,
,,743.44,0.07,,1.53e+05,B,58907.472,72354.7,1s2.2s.3p,3P*,0,1s2.2s.7s,3S,1,,u28,,
,,743.46,0.07,,7.64e+05,B,58907.839,72354.7,1s2.2s.3p,3P*,2,1s2.2s.7s,3S,1,,u28,,
,,744.887,0.017,,5.63e+05,B,60187.4434,73608.6,1s2.2s.3p,1P*,1,1s2.2s.9s,1S,0,,u28,,
749.83,0.02,749.842,0.005,"2w,bl",4.46e+05,B,60187.4434,73519.92,1s2.2s.3p,1P*,1,1s2.2s.8d,1D,2,,u28,L483,
755.1898,0.0020,755.1908,0.0017,3,4.2e+05,D,56882.5474,70120.59,1s2.2p2,1D,2,1s2.2s.5p,1P*,1,,u28,L4743,
761.8680,0.0020,761.8676,0.0023,3w*,1.51e+06,B,58907.472,72029.50,1s2.2s.3p,3P*,1,1s2.2s.6d,3D,2,,u28,,
761.8680,0.0020,761.868,0.003,3w*,1.12e+06,B,58907.472,72029.49,1s2.2s.3p,3P*,0,1s2.2s.6d,3D,1,,u28,L4743,
761.8680,0.0020,761.868,0.003,3w*,8.41e+05,B,58907.472,72029.49,1s2.2s.3p,3P*,1,1s2.2s.6d,3D,1,,u28,,
761.8881,0.0020,761.8883,0.0023,5w*,2.02e+06,B,58907.839,72029.51,1s2.2s.3p,3P*,2,1s2.2s.6d,3D,3,,u28,L4743,
761.8881,0.0020,761.8889,0.0023,5w*,5.05e+05,B,58907.839,72029.50,1s2.2s.3p,3P*,2,1s2.2s.6d,3D,2,,u28,L4743,
761.8881,0.0020,761.889,0.003,5w*,5.62e+04,B,58907.839,72029.49,1s2.2s.3p,3P*,2,1s2.2s.6d,3D,1,,u28,L4743,
,,771.439,0.011,,8.20e+05,B,60187.4434,73146.67,1s2.2s.3p,1P*,1,1s2.2s.8s,1S,0,,u28,,
779.200,0.005,779.202,0.004,2w,6.02e+05,B,60187.4434,73017.55,1s2.2s.3p,1P*,1,1s2.2s.7d,1D,2,,u28,L483,
809.0061,0.0020,809.0059,0.0020,11,3.29e+05,C,54677.349,67034.80,1s2.2s.3s,1S,0,1s2.2s.4p,1P*,1,,u28,L4743,
,,815.374,0.012,,1.27e+06,B,60187.4434,72448.38,1s2.2s.3p,1P*,1,1s2.2s.7s,1S,0,,u28,,
815.8993,0.0020,815.8995,0.0014,1w*,2.65e+05,B,58907.472,71160.514,1s2.2s.3p,3P*,0,1s2.2s.6s,3S,1,,u28,L4743,
815.8993,0.0020,815.8995,0.0014,1w*,7.94e+05,B,58907.472,71160.514,1s2.2s.3p,3P*,1,1s2.2s.6s,3S,1,,u28,,
815.9243,0.0020,815.9240,0.0014,3w,1.32e+06,B,58907.839,71160.514,1s2.2s.3p,3P*,2,1s2.2s.6s,3S,1,,u28,L4743,
825.4070,0.0020,825.4075,0.0014,20,3.38e+07,B,42565.4502,54677.349,1s2.2s.2p,1P*,1,1s2.2s.3s,1S,0,,T7096c74,L4743,
828.707,0.005,828.700,0.004,"3w,bl",8.04e+05,B,60187.4434,72251.22,1s2.2s.3p,1P*,1,1s2.2s.6d,1D,2,,u28,L4743,
854.7366,0.0020,854.737,0.003,9*,1.74e+06,B,58907.472,70603.76,1s2.2s.3p,3P*,0,1s2.2s.5d,3D,1,,u28,L4743,
854.7366,0.0020,854.737,0.003,9*,1.31e+06,B,58907.472,70603.76,1s2.2s.3p,3P*,1,1s2.2s.5d,3D,1,,u28,,
854.7366,0.0020,854.7373,0.0022,9*,2.35e+06,B,58907.472,70603.76,1s2.2s.3p,3P*,1,1s2.2s.5d,3D,2,,u28,,
854.7659,0.0020,854.764,0.003,11*,8.73e+04,B,58907.839,70603.76,1s2.2s.3p,3P*,2,1s2.2s.5d,3D,1,,u28,L4743,
854.7659,0.0020,854.7641,0.0022,11*,7.84e+05,B,58907.839,70603.76,1s2.2s.3p,3P*,2,1s2.2s.5d,3D,2,,u28,L4743,
854.7659,0.0020,854.7663,0.0022,11*,3.14e+06,B,58907.839,70603.73,1s2.2s.3p,3P*,2,1s2.2s.5d,3D,3,,u28,L4743,
880.1370,0.0020,880.1367,0.0023,17,9.59e+06,B,56882.5474,68241.30,1s2.2p2,1D,2,1s2.2s.4f,1F*,3,,u28,L4743,
,,880.157,0.005,,5.1e+03,D,56882.5474,68241.044,1s2.2p2,1D,2,1s2.2s.4f,3F*,3,,u28,,
,,888.17,0.04,,4.57e+03,B,62053.7385,[73309.7],1s2.2s.3d,3D,1,1s2.2s.8p,1P*,1,,u28,,
,,888.17,0.04,,1.37e+04,B,62053.742,[73309.7],1s2.2s.3d,3D,2,1s2.2s.8p,1P*,1,,u28,,
888.218,0.002,888.216,0.006,2*,1.59e+05,B,62053.7385,73309.17,1s2.2s.3d,3D,1,1s2.2s.8p,3P*,0,,u28,L483,
888.218,0.002,888.217,0.003,2*,1.06e+05,B,62053.742,73309.16,1s2.2s.3d,3D,2,1s2.2s.8p,3P*,1,,u28,L483,
888.218,0.002,888.217,0.003,2*,3.52e+04,B,62053.7385,73309.16,1s2.2s.3d,3D,1,1s2.2s.8p,3P*,1,,u28,L483,
888.218,0.002,888.2179,0.0024,2*,1.33e+05,B,62053.742,73309.15,1s2.2s.3d,3D,3,1s2.2s.8p,3P*,2,,u28,L483,
888.218,0.002,888.2176,0.0024,2*,1.59e+03,B,62053.7385,73309.15,1s2.2s.3d,3D,1,1s2.2s.8p,3P*,2,,u28,L483,
888.218,0.002,888.2179,0.0024,2*,2.39e+04,B,62053.742,73309.15,1s2.2s.3d,3D,2,1s2.2s.8p,3P*,2,,u28,L483,
,,897.919,0.007,,2.13e+06,B,60187.4434,71321.25,1s2.2s.3p,1P*,1,1s2.2s.6s,1S,0,,u28,,
919.045,0.002,919.045,0.003,3*,1.79e+05,A,62053.742,72931.62,1s2.2s.3d,3D,3,1s2.2s.7f,3F*,3,,u28,L483,
919.045,0.002,919.045,0.003,3*,1.35e+06,A,62053.7385,72931.61,1s2.2s.3d,3D,1,1s2.2s.7f,3F*,2,,u28,L483,
919.045,0.002,919.045,0.003,3*,1.43e+06,A,62053.742,72931.62,1s2.2s.3d,3D,2,1s2.2s.7f,3F*,3,,u28,L483,
919.045,0.002,919.046,0.003,3*,2.50e+05,A,62053.742,72931.61,1s2.2s.3d,3D,2,1s2.2s.7f,3F*,2,,u28,L483,
919.045,0.002,919.046,0.003,3*,7.15e+03,A,62053.742,72931.61,1s2.2s.3d,3D,3,1s2.2s.7f,3F*,2,,u28,L483,
919.045,0.002,919.05,0.07,3*,,,62053.742,72931.6,1s2.2s.3d,3D,3,1s2.2s.7f,3F*,4,,,L483,
924.3916,0.0020,924.3912,0.0020,5w,9.48e+05,B,60187.4434,71002.406,1s2.2s.3p,1P*,1,1s2.2s.5d,1D,2,,u28,L4743,
939.274,0.002,939.274,0.003,3*,2.08e+05,B,62053.742,72697.34,1s2.2s.3d,3D,3,1s2.2s.7p,3P*,2,,u28,L483,
939.274,0.002,939.274,0.003,3*,3.71e+04,B,62053.742,72697.34,1s2.2s.3d,3D,2,1s2.2s.7p,3P*,2,,u28,L483,
939.274,0.002,939.274,0.004,3*,6.19e+04,B,62053.7385,72697.34,1s2.2s.3d,3D,1,1s2.2s.7p,3P*,1,,u28,L483,
939.274,0.002,939.274,0.004,3*,1.86e+05,B,62053.742,72697.34,1s2.2s.3d,3D,2,1s2.2s.7p,3P*,1,,u28,L483,
939.274,0.002,939.274,0.003,3*,2.47e+03,B,62053.7385,72697.34,1s2.2s.3d,3D,1,1s2.2s.7p,3P*,2,,u28,L483,
939.274,0.002,939.275,0.005,3*,2.47e+05,B,62053.7385,72697.33,1s2.2s.3d,3D,1,1s2.2s.7p,3P*,0,,u28,L483,
984.732,0.005,984.733,0.003,7,5.2e+05,D,56882.5474,67034.80,1s2.2p2,1D,2,1s2.2s.4p,1P*,1,,u28,L4743,
989.563,0.005,989.562,0.004,3w*,5.29e+05,B,58907.472,69010.18,1s2.2s.3p,3P*,0,1s2.2s.5s,3S,1,,u28,L4743,
989.563,0.005,989.562,0.004,3w*,1.59e+06,B,58907.472,69010.18,1s2.2s.3p,3P*,1,1s2.2s.5s,3S,1,,u28,,
989.596,0.005,989.598,0.004,5w,2.65e+06,B,58907.839,69010.18,1s2.2s.3p,3P*,2,1s2.2s.5s,3S,1,,u28,L4743,
993.978,0.002,993.978,0.003,5*,2.52e+06,B,62053.742,72111.57,1s2.2s.3d,3D,2,1s2.2s.6f,3F*,3,,u28,L483,
993.978,0.002,993.978,0.003,5*,4.41e+05,B,62053.742,72111.57,1s2.2s.3d,3D,2,1s2.2s.6f,3F*,2,,u28,L483,
993.978,0.002,993.978,0.003,5*,1.26e+04,B,62053.742,72111.57,1s2.2s.3d,3D,3,1s2.2s.6f,3F*,2,,u28,L483,
993.978,0.002,993.978,0.003,5*,2.37e+06,B,62053.7385,72111.57,1s2.2s.3d,3D,1,1s2.2s.6f,3F*,2,,u28,L483,
993.978,0.002,993.978,0.003,5*,3.15e+05,B,62053.742,72111.57,1s2.2s.3d,3D,3,1s2.2s.6f,3F*,3,,u28,L483,
993.978,0.002,993.97,0.10,5*,,,62053.742,72111.6,1s2.2s.3d,3D,3,1s2.2s.6f,3F*,4,,,L483,
1033.103,0.002,1033.103,0.003,5*,1.05e+05,B,62053.7385,71730.66,1s2.2s.3d,3D,1,1s2.2s.6p,3P*,1,,u28,L483,
1033.103,0.002,1033.103,0.003,5*,4.19e+03,B,62053.7385,71730.66,1s2.2s.3d,3D,1,1s2.2s.6p,3P*,2,,u28,L483,
1033.103,0.002,1033.104,0.003,5*,6.28e+04,B,62053.742,71730.66,1s2.2s.3d,3D,2,1s2.2s.6p,3P*,2,,u28,L483,
1033.103,0.002,1033.1037,0.0021,5*,3.51e+05,B,62053.742,71730.66,1s2.2s.3d,3D,3,1s2.2s.6p,3P*,2,,u28,L483,
1033.103,0.002,1033.104,0.003,5*,3.14e+05,B,62053.742,71730.66,1s2.2s.3d,3D,2,1s2.2s.6p,3P*,1,,u28,L483,
1033.103,0.002,1033.106,0.005,5*,4.19e+05,B,62053.7385,71730.64,1s2.2s.3d,3D,1,1s2.2s.6p,3P*,0,,u28,L483,
,,1076.02,0.06,,8.69e+04,C,64428.4032,[73719.4],1s2.2s.3d,1D,2,1s2.2s.9p,1P*,1,,u28,,
,,1094.408,0.008,,4.08e+06,B,60187.4434,69322.30,1s2.2s.3p,1P*,1,1s2.2s.5s,1S,0,,u28,,
1106.606,0.005,1106.605,0.006,7*,3.26e+06,B,58907.472,67941.65,1s2.2s.3p,3P*,1,1s2.2s.4d,3D,2,,u28,,
1106.606,0.005,1106.607,0.007,7*,2.41e+06,B,58907.472,67941.63,1s2.2s.3p,3P*,0,1s2.2s.4d,3D,1,,u28,L4743,
1106.606,0.005,1106.607,0.007,7*,1.81e+06,B,58907.472,67941.63,1s2.2s.3p,3P*,1,1s2.2s.4d,3D,1,,u28,,
1106.646,0.005,1106.646,0.005,9*,4.35e+06,B,58907.839,67941.68,1s2.2s.3p,3P*,2,1s2.2s.4d,3D,3,,u28,L4743,
1106.646,0.005,1106.649,0.006,9*,1.09e+06,B,58907.839,67941.65,1s2.2s.3p,3P*,2,1s2.2s.4d,3D,2,,u28,L4743,
1106.646,0.005,1106.652,0.007,9*,1.21e+05,B,58907.839,67941.63,1s2.2s.3p,3P*,2,1s2.2s.4d,3D,1,,u28,L4743,
,,1125.65,0.06,,1.10e+05,C,64428.4032,[73309.7],1s2.2s.3d,1D,2,1s2.2s.8p,1P*,1,,u28,,
,,1125.722,0.009,,1.43e+04,C,64428.4032,73309.16,1s2.2s.3d,1D,2,1s2.2s.8p,3P*,1,,u28,,
,,1149.603,0.009,,1.47e+02,B,62053.742,70750.02,1s2.2s.3d,3D,2,1s2.2s.5f,1F*,3,,u28,,
1149.639,0.002,1149.639,0.003,7*,9.03e+05,B,62053.742,70749.741,1s2.2s.3d,3D,2,1s2.2s.5f,3F*,2,,u28,L483,
1149.639,0.002,1149.639,0.003,7*,6.45e+05,B,62053.742,70749.744,1s2.2s.3d,3D,3,1s2.2s.5f,3F*,3,,u28,L483,
1149.639,0.002,1149.639,0.003,7*,5.18e+06,B,62053.742,70749.744,1s2.2s.3d,3D,2,1s2.2s.5f,3F*,3,,u28,L483,
1149.639,0.002,1149.639,0.003,7*,4.88e+06,B,62053.7385,70749.741,1s2.2s.3d,3D,1,1s2.2s.5f,3F*,2,,u28,L483,
1149.639,0.002,1149.639,0.003,7*,2.58e+04,B,62053.742,70749.741,1s2.2s.3d,3D,3,1s2.2s.5f,3F*,2,,u28,L483,
1149.639,0.002,1149.64,0.15,7*,,,62053.742,70749.7,1s2.2s.3d,3D,3,1s2.2s.5f,3F*,4,,,L483,
,,1163.350,0.009,,5.14e+05,C,60187.4434,68780.96,1s2.2s.3p,1P*,1,1s2.2s.4d,1D,2,,u28,,
,,1175.683,0.008,,4.04e+04,B,64428.4032,72931.77,1s2.2s.3d,1D,2,1s2.2s.7f,1F*,3,,u28,,
,,1179.76,0.07,,3.6e+04,C,65245.437,[73719.4],1s2.2s.4s,1S,0,1s2.2s.9p,1P*,1,,u28,,
,,1208.36,0.07,,1.87e+05,C,64428.4032,[72701.8],1s2.2s.3d,1D,2,1s2.2s.7p,1P*,1,,u28,,
,,1239.70,0.08,,3.93e+04,C,65245.437,[73309.7],1s2.2s.4s,1S,0,1s2.2s.8p,1P*,1,,u28,,
,,1239.783,0.011,,5.10e+03,C,65245.437,73309.16,1s2.2s.4s,1S,0,1s2.2s.8p,3P*,1,,u28,,
,,1247.839,0.023,,2.02e+05,B,62053.7385,[70065.40],1s2.2s.3d,3D,1,1s2.2s.5p,3P*,1,,u28,,
,,1247.839,0.017,,8.07e+05,B,62053.7385,[70065.40],1s2.2s.3d,3D,1,1s2.2s.5p,3P*,0,,u28,,
,,1247.839,0.023,,8.06e+03,B,62053.7385,[70065.40],1s2.2s.3d,3D,1,1s2.2s.5p,3P*,2,,u28,,
,,1247.840,0.023,,1.21e+05,B,62053.742,[70065.40],1s2.2s.3d,3D,2,1s2.2s.5p,3P*,2,,u28,,
,,1247.840,0.023,,6.04e+05,B,62053.742,[70065.40],1s2.2s.3d,3D,2,1s2.2s.5p,3P*,1,,u28,,
,,1247.840,0.023,,6.77e+05,B,62053.742,[70065.40],1s2.2s.3d,3D,3,1s2.2s.5p,3P*,2,,u28,,
,,1301.160,0.008,,1.48e+05,B,64428.4032,72111.75,1s2.2s.3d,1D,2,1s2.2s.6f,1F*,3,,u28,,
,,1340.77,0.09,,5.15e+04,C,65245.437,[72701.8],1s2.2s.4s,1S,0,1s2.2s.7p,1P*,1,,u28,,
,,1366.164,0.011,,3.02e+05,C,64428.4032,71746.17,1s2.2s.3d,1D,2,1s2.2s.6p,1P*,1,,u28,,
,,1383.862,0.006,,1.7e+04,D,64506.483,71730.66,1s2.2s.4s,3S,1,1s2.2s.6p,3P*,1,,u28,,
,,1383.862,0.006,,1.7e+04,D,64506.483,71730.66,1s2.2s.4s,3S,1,1s2.2s.6p,3P*,2,,u28,,
,,1383.866,0.010,,1.7e+04,D,64506.483,71730.64,1s2.2s.4s,3S,1,1s2.2s.6p,3P*,0,,u28,,
,,1429.9,0.4,,1.77e+05,B,66811.89,73803.6,1s2.2s.4p,3P*,2,1s2.2s.9d,3D,3,,u28,,
,,1430.2,0.5,,1.33e+05,B,66811.89,73801.8,1s2.2s.4p,3P*,1,1s2.2s.9d,3D,2,,u28,,
,,1430.2,0.5,,4.43e+04,B,66811.89,73801.8,1s2.2s.4p,3P*,2,1s2.2s.9d,3D,2,,u28,,
,,1430.4,0.6,,7.36e+04,B,66811.89,73801,1s2.2s.4p,3P*,1,1s2.2s.9d,3D,1,,u28,,
,,1430.4,0.6,,9.81e+04,B,66811.89,73801,1s2.2s.4p,3P*,0,1s2.2s.9d,3D,1,,u28,,
,,1430.4,0.6,,4.91e+03,B,66811.89,73801,1s2.2s.4p,3P*,2,1s2.2s.9d,3D,1,,u28,,
,,1463.268,0.019,,3.04e+04,B,67034.80,73866.95,1s2.2s.4p,1P*,1,1s2.2s.9d,1D,2,,u28,,
1464.392,0.005,1464.394,0.003,13,1.17e+07,B,52080.943,58907.839,1s2.2s.3s,3S,1,1s2.2s.3p,3P*,2,,T7096c74,L4743,
1464.475,0.005,1464.473,0.003,11*,1.17e+07,B,52080.943,58907.472,1s2.2s.3s,3S,1,1s2.2s.3p,3P*,1,,T7096c74,L4743,
1464.475,0.005,1464.473,0.003,11*,1.17e+07,B,52080.943,58907.472,1s2.2s.3s,3S,1,1s2.2s.3p,3P*,0,,T7096c74,L4743,
,,1510.72,0.04,,6.69e+03,B,66811.89,73429.43,1s2.2s.4p,3P*,2,1s2.2s.8d,3D,1,,u28,,
,,1510.72,0.03,,6.02e+04,B,66811.89,73429.42,1s2.2s.4p,3P*,2,1s2.2s.8d,3D,2,,u28,,
,,1510.72,0.03,,1.81e+05,B,66811.89,73429.42,1s2.2s.4p,3P*,1,1s2.2s.8d,3D,2,,u28,,
,,1510.72,0.04,,1.00e+05,B,66811.89,73429.43,1s2.2s.4p,3P*,1,1s2.2s.8d,3D,1,,u28,,
,,1510.72,0.05,,1.34e+05,B,66811.89,73429.43,1s2.2s.4p,3P*,0,1s2.2s.8d,3D,1,,u28,,
,,1510.74,0.03,,2.42e+05,B,66811.89,73429.34,1s2.2s.4p,3P*,2,1s2.2s.8d,3D,3,,u28,,
,,1520.77,0.07,,3.14e+05,B,67034.80,73608.6,1s2.2s.4p,1P*,1,1s2.2s.9s,1S,0,,u28,,
,,1537.868,0.014,,4.77e+04,C,65245.437,71746.17,1s2.2s.4s,1S,0,1s2.2s.6p,1P*,1,,u28,,
,,1541.570,0.024,,3.44e+04,B,67034.80,73519.92,1s2.2s.4p,1P*,1,1s2.2s.8d,1D,2,,u28,,
,,1581.442,0.010,,7.31e+05,B,64428.4032,70750.02,1s2.2s.3d,1D,2,1s2.2s.5f,1F*,3,,u28,,
,,1581.511,0.015,,2.09e+01,B,64428.4032,70749.744,1s2.2s.3d,1D,2,1s2.2s.5f,3F*,3,,u28,,
,,1592.8,0.3,,2.40e+05,B,66811.89,73088.4,1s2.2s.4p,3P*,2,1s2.2s.8s,3S,1,,u28,,
,,1592.8,0.3,,4.81e+04,B,66811.89,73088.4,1s2.2s.4p,3P*,0,1s2.2s.8s,3S,1,,u28,,
,,1592.8,0.3,,1.44e+05,B,66811.89,73088.4,1s2.2s.4p,3P*,1,1s2.2s.8s,3S,1,,u28,,
,,1615.705,0.016,,7.47e+03,B,62053.742,68241.30,1s2.2s.3d,3D,2,1s2.2s.4f,1F*,3,,u28,,
,,1615.705,0.016,,9.46e+02,B,62053.742,68241.30,1s2.2s.3d,3D,3,1s2.2s.4f,1F*,3,,u28,,
1615.772,0.002,1615.77,0.08,11*,,,62053.742,68241.04,1s2.2s.3d,3D,3,1s2.2s.4f,3F*,4,,,L483,
1615.772,0.002,1615.772,0.003,11*,1.77e+06,A,62053.742,68241.044,1s2.2s.3d,3D,3,1s2.2s.4f,3F*,3,,u28,L483,
1615.772,0.002,1615.772,0.003,11*,1.34e+07,A,62053.7385,68241.041,1s2.2s.3d,3D,1,1s2.2s.4f,3F*,2,,u28,L483,
1615.772,0.002,1615.772,0.003,11*,1.42e+07,A,62053.742,68241.044,1s2.2s.3d,3D,2,1s2.2s.4f,3F*,3,,u28,L483,
1615.772,0.002,1615.773,0.003,11*,2.49e+06,A,62053.742,68241.041,1s2.2s.3d,3D,2,1s2.2s.4f,3F*,2,,u28,L483,
1615.772,0.002,1615.773,0.003,11*,7.09e+04,A,62053.742,68241.041,1s2.2s.3d,3D,3,1s2.2s.4f,3F*,2,,u28,L483,
,,1635.71,0.05,,4.67e+05,B,67034.80,73146.67,1s2.2s.4p,1P*,1,1s2.2s.8s,1S,0,,u28,,
,,1647.23,0.05,,1.84e+05,B,66811.89,72881.03,1s2.2s.4p,3P*,0,1s2.2s.7d,3D,1,,u28,,
,,1647.24,0.04,,2.50e+05,B,66811.89,72881.01,1s2.2s.4p,3P*,1,1s2.2s.7d,3D,2,,u28,,
,,1647.23,0.04,,1.39e+05,B,66811.89,72881.03,1s2.2s.4p,3P*,1,1s2.2s.7d,3D,1,,u28,,
,,1647.23,0.04,,9.24e+03,B,66811.89,72881.03,1s2.2s.4p,3P*,2,1s2.2s.7d,3D,1,,u28,,
,,1647.24,0.04,,8.32e+04,B,66811.89,72881.01,1s2.2s.4p,3P*,2,1s2.2s.7d,3D,2,,u28,,
,,1647.26,0.03,,3.33e+05,B,66811.89,72880.92,1s2.2s.4p,3P*,2,1s2.2s.7d,3D,3,,u28,,
,,1671.016,0.020,,3.37e+04,C,67034.80,73017.55,1s2.2s.4p,1P*,1,1s2.2s.7d,1D,2,,u28,,
,,1756.314,0.009,,5.47e+05,C,64428.4032,70120.59,1s2.2s.3d,1D,2,1s2.2s.5p,1P*,1,,u28,,
1785.538,0.002,1785.5421,0.0016,5*,4.55e+06,B,58907.472,64506.483,1s2.2s.3p,3P*,1,1s2.2s.4s,3S,1,,u28,,
1785.538,0.002,1785.5421,0.0016,5*,1.52e+06,B,58907.472,64506.483,1s2.2s.3p,3P*,0,1s2.2s.4s,3S,1,,u28,L483,
1785.663,0.002,1785.6591,0.0016,7,7.60e+06,B,58907.839,64506.483,1s2.2s.3p,3P*,2,1s2.2s.4s,3S,1,,u28,L483,
,,1797.2,0.6,,7.77e+02,B,68241.044,73803.6,1s2.2s.4f,3F*,3,1s2.2s.9d,3D,3,,u28,,
,,1797.2,0.6,,2.23e+01,B,68241.041,73803.6,1s2.2s.4f,3F*,2,1s2.2s.9d,3D,3,,u28,,
,,1797.8,0.7,,1.09e+03,B,68241.041,73801.8,1s2.2s.4f,3F*,2,1s2.2s.9d,3D,2,,u28,,
,,1797.8,0.7,,8.71e+03,B,68241.044,73801.8,1s2.2s.4f,3F*,3,1s2.2s.9d,3D,2,,u28,,
,,1798.1,1.0,,9.79e+03,B,68241.041,73801,1s2.2s.4f,3F*,2,1s2.2s.9d,3D,1,,u28,,
,,1798.42,0.05,,1.00e+05,C,64506.483,[70065.40],1s2.2s.4s,3S,1,1s2.2s.5p,3P*,2,,u28,,
,,1798.42,0.04,,9.95e+04,C,64506.483,[70065.40],1s2.2s.4s,3S,1,1s2.2s.5p,3P*,0,,u28,,
,,1798.42,0.05,,1.00e+05,C,64506.483,[70065.40],1s2.2s.4s,3S,1,1s2.2s.5p,3P*,1,,u28,,
,,1803.6,0.4,,2.35e+05,B,66811.89,72354.7,1s2.2s.4p,3P*,1,1s2.2s.7s,3S,1,,u28,,
,,1803.6,0.4,,3.91e+05,B,66811.89,72354.7,1s2.2s.4p,3P*,2,1s2.2s.7s,3S,1,,u28,,
,,1803.6,0.4,,7.82e+04,B,66811.89,72354.7,1s2.2s.4p,3P*,0,1s2.2s.7s,3S,1,,u28,,
1814.354,0.005,1814.355,0.004,13,6.46e+06,B,54677.349,60187.4434,1s2.2s.3s,1S,0,1s2.2s.3p,1P*,1,,T7096c74,L4743,
,,1846.70,0.06,,7.46e+05,B,67034.80,72448.38,1s2.2s.4p,1P*,1,1s2.2s.7s,1S,0,,u28,,
,,1862.36,0.17,,3.80e+03,B,67941.63,[73309.7],1s2.2s.4d,3D,1,1s2.2s.8p,1P*,1,,u28,,
,,1862.37,0.17,,1.14e+04,B,67941.65,[73309.7],1s2.2s.4d,3D,2,1s2.2s.8p,1P*,1,,u28,,
,,1862.54,0.03,,1.33e+05,B,67941.63,73309.17,1s2.2s.4d,3D,1,1s2.2s.8p,3P*,0,,u28,,
,,1862.549,0.024,,1.32e+03,B,67941.63,73309.15,1s2.2s.4d,3D,1,1s2.2s.8p,3P*,2,,u28,,
,,1862.546,0.024,,2.93e+04,B,67941.63,73309.16,1s2.2s.4d,3D,1,1s2.2s.8p,3P*,1,,u28,,
,,1862.553,0.021,,8.79e+04,B,67941.65,73309.16,1s2.2s.4d,3D,2,1s2.2s.8p,3P*,1,,u28,,
,,1862.556,0.021,,1.99e+04,B,67941.65,73309.15,1s2.2s.4d,3D,2,1s2.2s.8p,3P*,2,,u28,,
,,1862.567,0.017,,1.11e+05,B,67941.68,73309.15,1s2.2s.4d,3D,3,1s2.2s.8p,3P*,2,,u28,,
,,1916.06,0.03,,3.38e+05,B,66811.89,72029.50,1s2.2s.4p,3P*,1,1s2.2s.6d,3D,2,,u28,,
,,1916.06,0.03,,4.52e+05,B,66811.89,72029.51,1s2.2s.4p,3P*,2,1s2.2s.6d,3D,3,,u28,,
,,1916.06,0.03,,1.13e+05,B,66811.89,72029.50,1s2.2s.4p,3P*,2,1s2.2s.6d,3D,2,,u28,,
,,1916.07,0.03,,1.87e+05,B,66811.89,72029.49,1s2.2s.4p,3P*,1,1s2.2s.6d,3D,1,,u28,,
,,1916.07,0.05,,2.49e+05,B,66811.89,72029.49,1s2.2s.4p,3P*,0,1s2.2s.6d,3D,1,,u28,,
,,1916.07,0.03,,1.25e+04,B,66811.89,72029.49,1s2.2s.4p,3P*,2,1s2.2s.6d,3D,1,,u28,,
,,1916.500,0.022,,1.9e+04,D,67034.80,72251.22,1s2.2s.4p,1P*,1,1s2.2s.6d,1D,2,,u28,,
,,1926.85,0.06,,1.50e+04,B,68241.041,73429.43,1s2.2s.4f,3F*,2,1s2.2s.8d,3D,1,,u28,,
,,1926.86,0.05,,1.67e+03,B,68241.041,73429.42,1s2.2s.4f,3F*,2,1s2.2s.8d,3D,2,,u28,,
,,1926.86,0.05,,1.34e+04,B,68241.044,73429.42,1s2.2s.4f,3F*,3,1s2.2s.8d,3D,2,,u28,,
,,1926.89,0.04,,3.41e+01,B,68241.041,73429.34,1s2.2s.4f,3F*,2,1s2.2s.8d,3D,3,,u28,,
,,1926.89,0.04,,1.19e+03,B,68241.044,73429.34,1s2.2s.4f,3F*,3,1s2.2s.8d,3D,3,,u28,,
1976.529,0.002,1976.5289,0.0020,9,1.08e+07,B,60187.4434,65245.437,1s2.2s.3p,1P*,1,1s2.2s.4s,1S,0,,u28,L483,
obs_wl_vac(nm),unc_obs_wl,ritz_wl_vac(nm),unc_ritz_wl,intens,Aki(s^-1),Acc,Ei(cm-1),Ek(cm-1),conf_i,term_i,J_i,conf_k,term_k,J_k,Type,tp_ref,line_ref,
,,2004.020,0.024,,7.70e+05,B,67941.65,72931.62,1s2.2s.4d,3D,2,1s2.2s.7f,3F*,3,,u28,,
,,2004.02,0.03,,7.25e+05,B,67941.63,72931.61,1s2.2s.4d,3D,1,1s2.2s.7f,3F*,2,,u28,,
,,2004.024,0.024,,1.34e+05,B,67941.65,72931.61,1s2.2s.4d,3D,2,1s2.2s.7f,3F*,2,,u28,,
,,2004.032,0.020,,9.60e+04,B,67941.68,72931.62,1s2.2s.4d,3D,3,1s2.2s.7f,3F*,3,,u28,,
,,2004.036,0.024,,3.84e+03,B,67941.68,72931.61,1s2.2s.4d,3D,3,1s2.2s.7f,3F*,2,,u28,,
,,2024.93,0.21,,6.1e+04,C,68780.96,[73719.4],1s2.2s.4d,1D,2,1s2.2s.9p,1P*,1,,u28,,
,,2051.218,0.013,,8.84e+03,C,65245.437,70120.59,1s2.2s.4s,1S,0,1s2.2s.5p,1P*,1,,u28,,
,,2101.66,0.03,,1.53e+06,A,62053.742,66811.89,1s2.2s.3d,3D,2,1s2.2s.4p,3P*,1,,u28,,
,,2101.66,0.03,,2.03e+04,A,62053.7385,66811.89,1s2.2s.3d,3D,1,1s2.2s.4p,3P*,2,,u28,,
,,2101.66,0.03,,1.71e+06,A,62053.742,66811.89,1s2.2s.3d,3D,3,1s2.2s.4p,3P*,2,,u28,,
,,2101.66,0.03,,3.05e+05,A,62053.742,66811.89,1s2.2s.3d,3D,2,1s2.2s.4p,3P*,2,,u28,,
,,2101.66,0.06,,2.04e+06,A,62053.7385,66811.89,1s2.2s.3d,3D,1,1s2.2s.4p,3P*,0,,u28,,
,,2101.66,0.03,,5.09e+05,A,62053.7385,66811.89,1s2.2s.3d,3D,1,1s2.2s.4p,3P*,1,,u28,,
,,2102.744,0.027,,3.18e+04,B,67941.65,72697.34,1s2.2s.4d,3D,2,1s2.2s.7p,3P*,2,,u28,,
,,2102.74,0.03,,1.59e+05,B,67941.65,72697.34,1s2.2s.4d,3D,2,1s2.2s.7p,3P*,1,,u28,,
,,2102.74,0.03,,2.12e+03,B,67941.63,72697.34,1s2.2s.4d,3D,1,1s2.2s.7p,3P*,2,,u28,,
,,2102.74,0.04,,2.12e+05,B,67941.63,72697.33,1s2.2s.4d,3D,1,1s2.2s.7p,3P*,0,,u28,,
,,2102.74,0.03,,5.31e+04,B,67941.63,72697.34,1s2.2s.4d,3D,1,1s2.2s.7p,3P*,1,,u28,,
,,2102.758,0.022,,1.78e+05,B,67941.68,72697.34,1s2.2s.4d,3D,3,1s2.2s.7p,3P*,2,,u28,,
,,2155.18,0.07,,2.50e+04,B,68241.041,72881.03,1s2.2s.4f,3F*,2,1s2.2s.7d,3D,1,,u28,,
,,2155.19,0.06,,2.23e+04,B,68241.044,72881.01,1s2.2s.4f,3F*,3,1s2.2s.7d,3D,2,,u28,,
,,2155.19,0.06,,2.78e+03,B,68241.041,72881.01,1s2.2s.4f,3F*,2,1s2.2s.7d,3D,2,,u28,,
,,2155.23,0.05,,1.98e+03,B,68241.044,72880.92,1s2.2s.4f,3F*,3,1s2.2s.7d,3D,3,,u28,,
,,2155.23,0.05,,5.67e+01,B,68241.041,72880.92,1s2.2s.4f,3F*,2,1s2.2s.7d,3D,3,,u28,,
,,2208.12,0.24,,8.09e+04,C,68780.96,[73309.7],1s2.2s.4d,1D,2,1s2.2s.8p,1P*,1,,u28,,
,,2208.38,0.05,,1.05e+04,C,68780.96,73309.16,1s2.2s.4d,1D,2,1s2.2s.8p,3P*,1,,u28,,
,,2274.2,0.3,,9.52e+03,C,69322.30,[73719.4],1s2.2s.5s,1S,0,1s2.2s.9p,1P*,1,,u28,,
,,2299.58,0.07,,1.44e+05,B,66811.89,71160.514,1s2.2s.4p,3P*,0,1s2.2s.6s,3S,1,,u28,,
,,2299.58,0.03,,7.22e+05,B,66811.89,71160.514,1s2.2s.4p,3P*,2,1s2.2s.6s,3S,1,,u28,,
,,2299.58,0.04,,4.32e+05,B,66811.89,71160.514,1s2.2s.4p,3P*,1,1s2.2s.6s,3S,1,,u28,,
,,2332.93,0.05,,1.33e+06,B,67034.80,71321.25,1s2.2s.4p,1P*,1,1s2.2s.6s,1S,0,,u28,,
,,2357.957,0.012,,4.88e+06,A,60187.4434,64428.4032,1s2.2s.3p,1P*,1,1s2.2s.3d,1D,2,,T7096c74,,
,,2398.12,0.04,,1.22e+06,B,67941.63,72111.57,1s2.2s.4d,3D,1,1s2.2s.6f,3F*,2,,u28,,
,,2398.13,0.03,,2.25e+05,B,67941.65,72111.57,1s2.2s.4d,3D,2,1s2.2s.6f,3F*,2,,u28,,
,,2398.13,0.03,,1.29e+06,B,67941.65,72111.57,1s2.2s.4d,3D,2,1s2.2s.6f,3F*,3,,u28,,
,,2398.14,0.03,,6.43e+03,B,67941.68,72111.57,1s2.2s.4d,3D,3,1s2.2s.6f,3F*,2,,u28,,
,,2398.14,0.03,,1.61e+05,B,67941.68,72111.57,1s2.2s.4d,3D,3,1s2.2s.6f,3F*,3,,u28,,
,,2409.17,0.05,,3.29e+05,B,68780.96,72931.77,1s2.2s.4d,1D,2,1s2.2s.7f,1F*,3,,u28,,
,,2507.9,0.3,,9.16e+03,C,69322.30,[73309.7],1s2.2s.5s,1S,0,1s2.2s.8p,1P*,1,,u28,,
,,2508.24,0.06,,1.19e+03,C,69322.30,73309.16,1s2.2s.5s,1S,0,1s2.2s.8p,3P*,1,,u28,,
,,2520.412,0.025,,4.3e+03,D,67034.80,71002.406,1s2.2s.4p,1P*,1,1s2.2s.5d,1D,2,,u28,,
,,2550.5,0.3,,1.46e+05,C,68780.96,[72701.8],1s2.2s.4d,1D,2,1s2.2s.7p,1P*,1,,u28,,
,,2622.678,0.021,,7.09e+06,B,64428.4032,68241.30,1s2.2s.3d,1D,2,1s2.2s.4f,1F*,3,,u28,,
,,2622.85,0.04,,3.75e+03,B,64428.4032,68241.044,1s2.2s.3d,1D,2,1s2.2s.4f,3F*,3,,u28,,
,,2637.22,0.06,,3.62e+05,B,66811.89,70603.76,1s2.2s.4p,3P*,1,1s2.2s.5d,3D,2,,u28,,
,,2637.22,0.09,,2.68e+05,B,66811.89,70603.76,1s2.2s.4p,3P*,0,1s2.2s.5d,3D,1,,u28,,
,,2637.22,0.05,,1.34e+04,B,66811.89,70603.76,1s2.2s.4p,3P*,2,1s2.2s.5d,3D,1,,u28,,
,,2637.22,0.05,,1.21e+05,B,66811.89,70603.76,1s2.2s.4p,3P*,2,1s2.2s.5d,3D,2,,u28,,
,,2637.22,0.06,,2.01e+05,B,66811.89,70603.76,1s2.2s.4p,3P*,1,1s2.2s.5d,3D,1,,u28,,
,,2637.24,0.05,,4.84e+05,B,66811.89,70603.73,1s2.2s.4p,3P*,2,1s2.2s.5d,3D,3,,u28,,
,,2639.20,0.05,,9.51e+04,B,67941.63,71730.66,1s2.2s.4d,3D,1,1s2.2s.6p,3P*,1,,u28,,
,,2639.20,0.04,,3.79e+03,B,67941.63,71730.66,1s2.2s.4d,3D,1,1s2.2s.6p,3P*,2,,u28,,
,,2639.21,0.06,,3.80e+05,B,67941.63,71730.64,1s2.2s.4d,3D,1,1s2.2s.6p,3P*,0,,u28,,
,,2639.21,0.03,,5.69e+04,B,67941.65,71730.66,1s2.2s.4d,3D,2,1s2.2s.6p,3P*,2,,u28,,
,,2639.21,0.04,,2.85e+05,B,67941.65,71730.66,1s2.2s.4d,3D,2,1s2.2s.6p,3P*,1,,u28,,
,,2639.23,0.03,,3.20e+05,B,67941.68,71730.66,1s2.2s.4d,3D,3,1s2.2s.6p,3P*,2,,u28,,
,,2639.59,0.03,,1.07e+02,B,68241.041,72029.51,1s2.2s.4f,3F*,2,1s2.2s.6d,3D,3,,u28,,
,,2639.59,0.03,,3.76e+03,B,68241.044,72029.51,1s2.2s.4f,3F*,3,1s2.2s.6d,3D,3,,u28,,
,,2639.60,0.03,,5.27e+03,B,68241.041,72029.50,1s2.2s.4f,3F*,2,1s2.2s.6d,3D,2,,u28,,
,,2639.60,0.03,,4.74e+04,B,68241.041,72029.49,1s2.2s.4f,3F*,2,1s2.2s.6d,3D,1,,u28,,
,,2639.60,0.03,,4.21e+04,B,68241.044,72029.50,1s2.2s.4f,3F*,3,1s2.2s.6d,3D,2,,u28,,
,,2675.1,1.4,,6.65e+04,B,[70065.40],73803.6,1s2.2s.5p,3P*,2,1s2.2s.9d,3D,3,,u28,,
,,2676.4,1.6,,1.66e+04,B,[70065.40],73801.8,1s2.2s.5p,3P*,2,1s2.2s.9d,3D,2,,u28,,
,,2676.4,1.6,,4.97e+04,B,[70065.40],73801.8,1s2.2s.5p,3P*,1,1s2.2s.9d,3D,2,,u28,,
,,2676.9,2.1,,1.84e+03,B,[70065.40],73801,1s2.2s.5p,3P*,2,1s2.2s.9d,3D,1,,u28,,
,,2676.9,2.1,,3.67e+04,B,[70065.40],73801,1s2.2s.5p,3P*,0,1s2.2s.9d,3D,1,,u28,,
,,2676.9,2.1,,2.76e+04,B,[70065.40],73801,1s2.2s.5p,3P*,1,1s2.2s.9d,3D,1,,u28,,
,,2712.11,0.04,,1.08e+04,C,69010.18,72697.34,1s2.2s.5s,3S,1,1s2.2s.7p,3P*,1,,u28,,
,,2712.11,0.04,,1.1e+04,C,69010.18,72697.34,1s2.2s.5s,3S,1,1s2.2s.7p,3P*,2,,u28,,
,,2712.12,0.05,,1.08e+04,C,69010.18,72697.33,1s2.2s.5s,3S,1,1s2.2s.7p,3P*,0,,u28,,
,,2866.96,0.25,,2.03e+05,B,70120.59,73608.6,1s2.2s.5p,1P*,1,1s2.2s.9s,1S,0,,u28,,
,,2959.0,0.4,,8.45e+03,C,69322.30,[72701.8],1s2.2s.5s,1S,0,1s2.2s.7p,1P*,1,,u28,,
,,2972.63,0.19,,3.57e+04,B,[70065.40],73429.43,1s2.2s.5p,3P*,1,1s2.2s.8d,3D,1,,u28,,
,,2972.63,0.17,,4.76e+04,B,[70065.40],73429.43,1s2.2s.5p,3P*,0,1s2.2s.8d,3D,1,,u28,,
,,2972.63,0.17,,2.14e+04,B,[70065.40],73429.42,1s2.2s.5p,3P*,2,1s2.2s.8d,3D,2,,u28,,
,,2972.63,0.19,,2.38e+03,B,[70065.40],73429.43,1s2.2s.5p,3P*,2,1s2.2s.8d,3D,1,,u28,,
,,2972.63,0.17,,6.45e+04,B,[70065.40],73429.42,1s2.2s.5p,3P*,1,1s2.2s.8d,3D,2,,u28,,
,,2972.70,0.17,,8.61e+04,B,[70065.40],73429.34,1s2.2s.5p,3P*,2,1s2.2s.8d,3D,3,,u28,,
3025.814,0.002,3025.8138,0.0020,9,,,56882.5474,60187.4434,1s2.2p2,1D,2,1s2.2s.3p,1P*,1,,,L483,
3178.372,0.002,3178.370,0.003,9*,,,58907.472,62053.7385,1s2.2s.3p,3P*,0,1s2.2s.3d,3D,1,,,L483,
3178.372,0.002,3178.370,0.003,9*,,,58907.472,62053.7385,1s2.2s.3p,3P*,1,1s2.2s.3d,3D,1,,,L483,
3178.737,0.002,3178.738,0.003,11*,,,58907.839,62053.742,1s2.2s.3p,3P*,2,1s2.2s.3d,3D,3,,,L483,
3178.737,0.002,3178.738,0.003,11*,,,58907.839,62053.742,1s2.2s.3p,3P*,2,1s2.2s.3d,3D,2,,,L483,
3178.737,0.002,3178.741,0.003,11*,,,58907.839,62053.7385,1s2.2s.3p,3P*,2,1s2.2s.3d,3D,1,,,L483,
,,3390000,90000,,2.78e-19,B,21978.31,21981.26,1s2.2s.2p,3P*,0,1s2.2s.2p,3P*,2,E2,T7096c75,,
,,4280000,130000,,1.86e-19,B,21978.925,21981.26,1s2.2s.2p,3P*,1,1s2.2s.2p,3P*,2,E2,T7096c75,,
,,4280000,130000,,1.74e-10,A,21978.925,21981.26,1s2.2s.2p,3P*,1,1s2.2s.2p,3P*,2,M1,T7096c75,L5964,
,,16300000,2100000,,4.83e-12,A,21978.31,21978.925,1s2.2s.2p,3P*,0,1s2.2s.2p,3P*,1,M1,T7096c75,,
