obs_wl_vac(nm),ritz_wl_vac(nm),unc_ritz_wl,intens,Aki(s^-1),Acc,Ei(cm-1),Ek(cm-1),conf_i,term_i,J_i,conf_k,term_k,J_k,Type,tp_ref,line_ref,Unnamed: 17
40.5774,,,"a,w",,,,,,,,,,,,,L6851,
40.6170,,,a,,,,,,,,,,,,,L6851,
40.6764,,,a,,,,,,,,,,,,,L6851,
40.9259,,,"a,w",,,,,,,,,,,,,L6851,
40.9760,,,a,,,,,,,,,,,,,L6851,
41.1016,,,"a,w",,,,,,,,,,,,,L6851,
42.2514,42.2515,0.0007,a,,,0.0000,236678,3p6.4s,2S,1/2,3p5.3d.(1P*).23s,2P*,"1/2,3/2",,,L6851,
42.2567,42.2567,0.0007,a,,,0.0000,236649,3p6.4s,2S,1/2,3p5.3d.(1P*).22s,2P*,"1/2,3/2",,,L6851,
42.2634,42.2633,0.0007,a,,,0.0000,236612,3p6.4s,2S,1/2,3p5.3d.(1P*).21s,2P*,"1/2,3/2",,,L6851,
42.2710,42.2710,0.0007,a,,,0.0000,236569,3p6.4s,2S,1/2,3p5.3d.(1P*).20s,2P*,"1/2,3/2",,,L6851,
42.2803,42.2803,0.0007,a,,,0.0000,236517,3p6.4s,2S,1/2,3p5.3d.(1P*).19s,2P*,"1/2,3/2",,,L6851,
42.2909,42.2910,0.0007,a,,,0.0000,236457,3p6.4s,2S,1/2,3p5.3d.(1P*).18s,2P*,"1/2,3/2",,,L6851,
42.3042,42.3042,0.0007,a,,,0.0000,236383,3p6.4s,2S,1/2,3p5.3d.(1P*).17s,2P*,"1/2,3/2",,,L6851,
42.3191,42.3191,0.0007,a,,,0.0000,236300,3p6.4s,2S,1/2,3p5.3d.(1P*).16s,2P*,"1/2,3/2",,,L6851,
42.3374,42.3374,0.0007,"a,w",,,0.0000,236198,3p6.4s,2S,1/2,3p5.3d.(1P*).15s,2P*,"1/2,3/2",,,L6851,
42.3603,42.3603,0.0007,"a,w",,,0.0000,236070,3p6.4s,2S,1/2,3p5.3d.(1P*).14s,2P*,"1/2,3/2",,,L6851,
42.3862,42.3862,0.0007,"a,w",,,0.0000,235926,3p6.4s,2S,1/2,3p5.3d.(1P*).13s,2P*,"1/2,3/2",,,L6851,
42.4227,42.4227,0.0007,"a,w",,,0.0000,235723,3p6.4s,2S,1/2,3p5.3d.(1P*).12s,2P*,"1/2,3/2",,,L6851,
42.4715,42.4715,0.0007,"a,w",,,0.0000,235452,3p6.4s,2S,1/2,3p5.3d.(1P*).11s,2P*,"1/2,3/2",,,L6851,
43.6251,,,a,,,,,,,,,,,,,L6851,
43.6424,,,a,,,,,,,,,,,,,L6851,
43.6626,,,a,,,,,,,,,,,,,L6851,
43.6901,,,"a,w",,,,,,,,,,,,,L6851,
43.7230,,,"a,w",,,,,,,,,,,,,L6851,
43.7645,,,"a,w",,,,,,,,,,,,,L6851,
43.7880,,,a,,,,,,,,,,,,,L6851,
44.8920,,,"a,w",,,,,,,,,,,,,L6851,
45.0074,,,"a,w",,,,,,,,,,,,,L6851,
45.1493,,,a,,,,,,,,,,,,,L6851,
45.1798,,,a,,,,,,,,,,,,,L6851,
45.2631,,,"a,w",,,,,,,,,,,,,L6851,
45.3085,,,a,,,,,,,,,,,,,L6851,
45.3208,,,a,,,,,,,,,,,,,L6851,
45.3311,,,a,,,,,,,,,,,,,L6851,
45.3467,,,a,,,,,,,,,,,,,L6851,
45.3667,,,a,,,,,,,,,,,,,L6851,
45.4033,,,a,,,,,,,,,,,,,L6851,
45.4518,,,a,,,,,,,,,,,,,L6851,
45.4548,,,a,,,,,,,,,,,,,L6851,
45.5097,,,"a,w",,,,,,,,,,,,,L6851,
45.5503,,,"a,w",,,,,,,,,,,,,L6851,
45.5629,,,a,,,,,,,,,,,,,L6851,
45.8586,,,a,,,,,,,,,,,,,L6851,
45.8613,,,a,,,,,,,,,,,,,L6851,
45.8646,,,a,,,,,,,,,,,,,L6851,
45.8683,,,a,,,,,,,,,,,,,L6851,
45.8719,,,a,,,,,,,,,,,,,L6851,
45.8766,,,a,,,,,,,,,,,,,L6851,
45.8816,,,a,,,,,,,,,,,,,L6851,
45.8875,,,a,,,,,,,,,,,,,L6851,
45.8945,,,a,,,,,,,,,,,,,L6851,
45.9029,,,a,,,,,,,,,,,,,L6851,
45.9128,,,a,,,,,,,,,,,,,L6851,
45.9251,,,a,,,,,,,,,,,,,L6851,
45.9401,,,a,,,,,,,,,,,,,L6851,
45.9581,,,a,,,,,,,,,,,,,L6851,
45.9800,,,a,,,,,,,,,,,,,L6851,
46.0079,,,a,,,,,,,,,,,,,L6851,
46.0365,,,"a,d",,,,,,,,,,,,,L6851,
46.0568,,,"a,w",,,,,,,,,,,,,L6851,
46.1030,,,a,,,,,,,,,,,,,L6851,
46.1765,,,a,,,,,,,,,,,,,L6851,
46.2763,,,a,,,,,,,,,,,,,L6851,
46.4441,,,"a,w",,,,,,,,,,,,,L6851,
46.6246,,,a,,,,,,,,,,,,,L6851,
46.6695,,,a,,,,,,,,,,,,,L6851,
46.7160,46.7161,0.0007,"a,w",,,0.0000,214059,3p6.4s,2S,1/2,3p5.3d.(1P*).5s,2P*,"1/2,3/2",,,L6851,
46.7416,,,a,,,,,,,,,,,,,L6851,
46.8420,,,a,,,,,,,,,,,,,L6851,
46.8666,,,a,,,,,,,,,,,,,L6851,
46.8729,,,a,,,,,,,,,,,,,L6851,
46.9028,,,a,,,,,,,,,,,,,L6851,
46.9875,,,a,,,,,,,,,,,,,L6851,
46.9988,,,a,,,,,,,,,,,,,L6851,
47.0244,,,a,,,,,,,,,,,,,L6851,
47.0590,,,a,,,,,,,,,,,,,L6851,
47.1105,,,a,,,,,,,,,,,,,L6851,
47.1669,,,"a,w",,,,,,,,,,,,,L6851,
47.2145,,,"a,w",,,,,,,,,,,,,L6851,
47.2271,,,"a,w",,,,,,,,,,,,,L6851,
47.2955,,,"a,w",,,,,,,,,,,,,L6851,
47.3533,,,"a,w",,,,,,,,,,,,,L6851,
47.4460,,,"a,w",,,,,,,,,,,,,L6851,
47.5540,,,"a,w",,,,,,,,,,,,,L6851,
47.5988,,,"a,w",,,,,,,,,,,,,L6851,
47.6603,,,"a,w",,,,,,,,,,,,,L6851,
48.3941,,,"a,w",,,,,,,,,,,,,L6851,
48.8166,,,a,,,,,,,,,,,,,L6851,
48.8209,,,a,,,,,,,,,,,,,L6851,
48.8255,,,a,,,,,,,,,,,,,L6851,
48.8312,,,a,,,,,,,,,,,,,L6851,
48.8335,,,a,,,,,,,,,,,,,L6851,
48.8378,,,a,,,,,,,,,,,,,L6851,
48.8451,,,a,,,,,,,,,,,,,L6851,
48.8574,,,"a,w",,,,,,,,,,,,,L6851,
48.8677,,,"a,w",,,,,,,,,,,,,L6851,
48.8819,,,"a,w",,,,,,,,,,,,,L6851,
48.9208,,,"a,w",,,,,,,,,,,,,L6851,
48.9433,,,"a,w",,,,,,,,,,,,,L6851,
49.2303,,,"a,w",,,,,,,,,,,,,L6851,
49.3166,,,"a,w",,,,,,,,,,,,,L6851,
49.6632,49.6633,0.0007,a*,,,0.0000,201356,3p6.4s,2S,1/2,3p5.4s.(1P*).32d,2P*,"1/2,3/2",,,L6851,
49.6632,49.6633,0.0007,a*,,,0.0000,201356,3p6.4s,2S,1/2,3p5.4s.(1P*).33s,2P*,"1/2,3/2",,,L6851,
49.6659,49.6657,0.0007,a*,,,0.0000,201346,3p6.4s,2S,1/2,3p5.4s.(1P*).32s,2P*,"1/2,3/2",,,L6851,
49.6659,49.6657,0.0007,a*,,,0.0000,201346,3p6.4s,2S,1/2,3p5.4s.(1P*).31d,2P*,"1/2,3/2",,,L6851,
49.6682,49.6682,0.0007,a*,,,0.0000,201336,3p6.4s,2S,1/2,3p5.4s.(1P*).31s,2P*,"1/2,3/2",,,L6851,
49.6682,49.6682,0.0007,a*,,,0.0000,201336,3p6.4s,2S,1/2,3p5.4s.(1P*).30d,2P*,"1/2,3/2",,,L6851,
49.6712,49.6712,0.0007,a*,,,0.0000,201324,3p6.4s,2S,1/2,3p5.4s.(1P*).29d,2P*,"1/2,3/2",,,L6851,
49.6712,49.6712,0.0007,a*,,,0.0000,201324,3p6.4s,2S,1/2,3p5.4s.(1P*).30s,2P*,"1/2,3/2",,,L6851,
49.6738,49.6739,0.0007,a*,,,0.0000,201313,3p6.4s,2S,1/2,3p5.4s.(1P*).29s,2P*,"1/2,3/2",,,L6851,
49.6738,49.6739,0.0007,a*,,,0.0000,201313,3p6.4s,2S,1/2,3p5.4s.(1P*).28d,2P*,"1/2,3/2",,,L6851,
49.6768,49.6769,0.0007,a,,,0.0000,201301,3p6.4s,2S,1/2,3p5.4s.(1P*).28s,2P*,"1/2,3/2",,,L6851,
49.6805,49.6806,0.0007,a*,,,0.0000,201286,3p6.4s,2S,1/2,3p5.4s.(1P*).26d,2P*,"1/2,3/2",,,L6851,
49.6805,49.6806,0.0007,a*,,,0.0000,201286,3p6.4s,2S,1/2,3p5.4s.(1P*).27s,2P*,"1/2,3/2",,,L6851,
49.6845,49.6845,0.0007,a*,,,0.0000,201270,3p6.4s,2S,1/2,3p5.4s.(1P*).25d,2P*,"1/2,3/2",,,L6851,
49.6845,49.6845,0.0007,a*,,,0.0000,201270,3p6.4s,2S,1/2,3p5.4s.(1P*).26s,2P*,"1/2,3/2",,,L6851,
49.6888,49.6887,0.0007,a*,,,0.0000,201253,3p6.4s,2S,1/2,3p5.4s.(1P*).25s,2P*,"1/2,3/2",,,L6851,
49.6888,49.6887,0.0007,a*,,,0.0000,201253,3p6.4s,2S,1/2,3p5.4s.(1P*).24d,2P*,"1/2,3/2",,,L6851,
49.6941,49.6941,0.0007,a*,,,0.0000,201231,3p6.4s,2S,1/2,3p5.4s.(1P*).23d,2P*,"1/2,3/2",,,L6851,
49.6941,49.6941,0.0007,a*,,,0.0000,201231,3p6.4s,2S,1/2,3p5.4s.(1P*).24s,2P*,"1/2,3/2",,,L6851,
49.6997,49.6998,0.0007,a*,,,0.0000,201208,3p6.4s,2S,1/2,3p5.4s.(1P*).22d,2P*,"1/2,3/2",,,L6851,
49.6997,49.6998,0.0007,a*,,,0.0000,201208,3p6.4s,2S,1/2,3p5.4s.(1P*).23s,2P*,"1/2,3/2",,,L6851,
49.7067,49.7067,0.0007,a*,,,0.0000,201180,3p6.4s,2S,1/2,3p5.4s.(1P*).21d,2P*,"1/2,3/2",,,L6851,
49.7067,49.7067,0.0007,a*,,,0.0000,201180,3p6.4s,2S,1/2,3p5.4s.(1P*).22s,2P*,"1/2,3/2",,,L6851,
49.7143,49.7144,0.0007,a*,,,0.0000,201149,3p6.4s,2S,1/2,3p5.4s.(1P*).20d,2P*,"1/2,3/2",,,L6851,
49.7143,49.7144,0.0007,a*,,,0.0000,201149,3p6.4s,2S,1/2,3p5.4s.(1P*).21s,2P*,"1/2,3/2",,,L6851,
49.7236,49.7235,0.0007,a*,,,0.0000,201112,3p6.4s,2S,1/2,3p5.4s.(1P*).20s,2P*,"1/2,3/2",,,L6851,
49.7236,49.7235,0.0007,a*,,,0.0000,201112,3p6.4s,2S,1/2,3p5.4s.(1P*).19d,2P*,"1/2,3/2",,,L6851,
49.7345,49.7344,0.0007,a*,,,0.0000,201068,3p6.4s,2S,1/2,3p5.4s.(1P*).19s,2P*,"1/2,3/2",,,L6851,
49.7345,49.7344,0.0007,a*,,,0.0000,201068,3p6.4s,2S,1/2,3p5.4s.(1P*).18d,2P*,"1/2,3/2",,,L6851,
49.7478,49.7478,0.0007,a*,,,0.0000,201014,3p6.4s,2S,1/2,3p5.4s.(1P*).17d,2P*,"1/2,3/2",,,L6851,
49.7478,49.7478,0.0007,a*,,,0.0000,201014,3p6.4s,2S,1/2,3p5.4s.(1P*).18s,2P*,"1/2,3/2",,,L6851,
49.7630,49.7631,0.0007,a*,,,0.0000,200952,3p6.4s,2S,1/2,3p5.4s.(1P*).17s,2P*,"1/2,3/2",,,L6851,
49.7630,49.7631,0.0007,a*,,,0.0000,200952,3p6.4s,2S,1/2,3p5.4s.(1P*).16d,2P*,"1/2,3/2",,,L6851,
49.7823,49.7822,0.0007,a*,,,0.0000,200875,3p6.4s,2S,1/2,3p5.4s.(1P*).16s,2P*,"1/2,3/2",,,L6851,
49.7823,49.7822,0.0007,a*,,,0.0000,200875,3p6.4s,2S,1/2,3p5.4s.(1P*).15d,2P*,"1/2,3/2",,,L6851,
49.8068,,,a,,,,,,,,,,,,,L6851,
49.8075,49.8075,0.0012,a*,,,0.0000,200773,3p6.4s,2S,1/2,3p5.4s.(1P*).14d,2P*,"1/2,3/2",,,L6851,
49.8075,49.8075,0.0012,a*,,,0.0000,200773,3p6.4s,2S,1/2,3p5.4s.(1P*).15s,2P*,"1/2,3/2",,,L6851,
49.8088,,,a,,,,,,,,,,,,,L6851,
49.836,49.836,0.012,"a,w*",,,0.0000,200660,3p6.4s,2S,1/2,3p5.4s.(1P*).14s,2P*,"1/2,3/2",,,L6851,
49.836,49.836,0.012,"a,w*",,,0.0000,200660,3p6.4s,2S,1/2,3p5.4s.(1P*).13d,2P*,"1/2,3/2",,,L6851,
49.8373,,,a,,,,,,,,,,,,,L6851,
49.8403,,,a,,,,,,,,,,,,,L6851,
49.877,49.878,0.012,"a,w*",,,0.0000,200490,3p6.4s,2S,1/2,3p5.4s.(1P*).13s,2P*,"1/2,3/2",,,L6851,
49.877,49.878,0.012,"a,w*",,,0.0000,200490,3p6.4s,2S,1/2,3p5.4s.(1P*).12d,2P*,"1/2,3/2",,,L6851,
49.8778,,,a,,,,,,,,,,,,,L6851,
49.9309,,,a,,,,,,,,,,,,,L6851,
49.933,49.933,0.012,"a,w*",,,0.0000,200270,3p6.4s,2S,1/2,3p5.4s.(1P*).12s,2P*,"1/2,3/2",,,L6851,
49.933,49.933,0.012,"a,w*",,,0.0000,200270,3p6.4s,2S,1/2,3p5.4s.(1P*).11d,2P*,"1/2,3/2",,,L6851,
49.9362,,,a,,,,,,,,,,,,,L6851,
49.9915,,,a,,,,,,,,,,,,,L6851,
49.9945,,,a,,,,,,,,,,,,,L6851,
49.9968,,,a,,,,,,,,,,,,,L6851,
49.9995,,,a,,,,,,,,,,,,,L6851,
50.005,50.005,0.013,"a,w*",,,0.0000,199980,3p6.4s,2S,1/2,3p5.4s.(1P*).10d,2P*,"1/2,3/2",,,L6851,
50.005,50.005,0.013,"a,w*",,,0.0000,199980,3p6.4s,2S,1/2,3p5.4s.(1P*).11s,2P*,"1/2,3/2",,,L6851,
50.0091,,,a,,,,,,,,,,,,,L6851,
50.0134,,,a,,,,,,,,,,,,,L6851,
50.0177,,,a,,,,,,,,,,,,,L6851,
50.0224,,,a,,,,,,,,,,,,,L6851,
50.0287,,,a,,,,,,,,,,,,,L6851,
50.0356,,,a,,,,,,,,,,,,,L6851,
50.0519,,,a,,,,,,,,,,,,,L6851,
50.0628,,,"a,d",,,,,,,,,,,,,L6851,
50.0747,,,a,,,,,,,,,,,,,L6851,
50.0844,,,a,,,,,,,,,,,,,L6851,
50.0867,,,a,,,,,,,,,,,,,L6851,
50.0903,,,a,,,,,,,,,,,,,L6851,
50.0936,,,a,,,,,,,,,,,,,L6851,
50.1033,,,a,,,,,,,,,,,,,L6851,
50.1086,50.1085,0.0008,a,,,0.0000,199567,3p6.4s,2S,1/2,3p5.4s.(1P*).10s,2P*,"1/2,3/2",,,L6851,
50.113,,,"a,w",,,,,,,,,,,,,L6851,
50.1248,,,"a,d",,,,,,,,,,,,,L6851,
50.1324,,,"a,d",,,,,,,,,,,,,L6851,
50.1387,,,"a,d",,,,,,,,,,,,,L6851,
50.1487,,,"a,d",,,,,,,,,,,,,L6851,
50.1606,,,a,,,,,,,,,,,,,L6851,
50.1629,,,a,,,,,,,,,,,,,L6851,
50.1663,,,a,,,,,,,,,,,,,L6851,
50.1696,,,a,,,,,,,,,,,,,L6851,
50.1729,,,a,,,,,,,,,,,,,L6851,
50.1769,,,a,,,,,,,,,,,,,L6851,
50.1838,,,a,,,,,,,,,,,,,L6851,
50.1908,,,a,,,,,,,,,,,,,L6851,
50.1968,,,a,,,,,,,,,,,,,L6851,
50.2034,,,a,,,,,,,,,,,,,L6851,
50.2170,,,a,,,,,,,,,,,,,L6851,
50.2236,,,a,,,,,,,,,,,,,L6851,
50.2382,,,a,,,,,,,,,,,,,L6851,
50.2409,,,a,,,,,,,,,,,,,L6851,
50.2435,,,a,,,,,,,,,,,,,L6851,
50.2534,,,a,,,,,,,,,,,,,L6851,
50.2611,,,a,,,,,,,,,,,,,L6851,
50.2660,,,a,,,,,,,,,,,,,L6851,
50.27,50.28,0.04,"a,w*",,,0.0000,198900,3p6.4s,2S,1/2,3p5.4s.(1P*).8d,2P*?,"1/2,3/2",,,L6851,
50.27,50.28,0.04,"a,w*",,,0.0000,198900,3p6.4s,2S,1/2,3p5.4s.(1P*).9s,2P*?,"1/2,3/2",,,L6851,
50.2849,,,a,,,,,,,,,,,,,L6851,
50.2946,,,a,,,,,,,,,,,,,L6851,
50.3028,,,a,,,,,,,,,,,,,L6851,
50.3121,,,a,,,,,,,,,,,,,L6851,
50.3304,,,a,,,,,,,,,,,,,L6851,
50.3725,,,a,,,,,,,,,,,,,L6851,
50.4116,,,a,,,,,,,,,,,,,L6851,
50.4288,,,a,,,,,,,,,,,,,L6851,
50.4311,,,a,,,,,,,,,,,,,L6851,
50.4341,,,"a,d",,,,,,,,,,,,,L6851,
50.4374,,,a,,,,,,,,,,,,,L6851,
50.4414,,,a,,,,,,,,,,,,,L6851,
50.4444,,,a,,,,,,,,,,,,,L6851,
50.4500,,,a,,,,,,,,,,,,,L6851,
50.4557,,,a,,,,,,,,,,,,,L6851,
50.4646,,,a,,,,,,,,,,,,,L6851,
50.4686,,,a,,,,,,,,,,,,,L6851,
50.4819,,,a,,,,,,,,,,,,,L6851,
50.4845,,,a,,,,,,,,,,,,,L6851,
50.4885,,,a,,,,,,,,,,,,,L6851,
50.4921,50.4920,0.0008,a,,,0.0000,198051,3p6.4s,2S,1/2,3p5.4s.(1P*).7d,2P*,"1/2,3/2",,,L6851,
50.4961,,,a,,,,,,,,,,,,,L6851,
50.5004,,,a,,,,,,,,,,,,,L6851,
50.5054,,,a,,,,,,,,,,,,,L6851,
50.5110,,,a,,,,,,,,,,,,,L6851,
50.5173,50.5173,0.0008,a,,,0.0000,197952,3p6.4s,2S,1/2,3p5.4s.(1P*).8s,2P*,3/2,,,L6851,
50.5233,,,a,,,,,,,,,,,,,L6851,
50.5336,50.5336,0.0008,a,,,0.0000,197888,3p6.4s,2S,1/2,3p5.4s.(1P*).8s,2P*,1/2,,,L6851,
50.5425,,,a,,,,,,,,,,,,,L6851,
50.5485,,,a,,,,,,,,,,,,,L6851,
50.5548,,,a,,,,,,,,,,,,,L6851,
50.5680,,,a,,,,,,,,,,,,,L6851,
50.5763,,,a,,,,,,,,,,,,,L6851,
50.5846,,,a,,,,,,,,,,,,,L6851,
50.5906,,,a,,,,,,,,,,,,,L6851,
50.5962,,,a,,,,,,,,,,,,,L6851,
50.6025,,,a,,,,,,,,,,,,,L6851,
50.6161,,,a,,,,,,,,,,,,,L6851,
50.6360,,,a,,,,,,,,,,,,,L6851,
50.6429,,,a,,,,,,,,,,,,,L6851,
50.6489,,,a,,,,,,,,,,,,,L6851,
50.6737,,,a,,,,,,,,,,,,,L6851,
50.6883,,,a,,,,,,,,,,,,,L6851,
50.7059,,,a,,,,,,,,,,,,,L6851,
50.7231,,,a,,,,,,,,,,,,,L6851,
50.7321,,,a,,,,,,,,,,,,,L6851,
50.7347,,,a,,,,,,,,,,,,,L6851,
50.7470,,,a,,,,,,,,,,,,,L6851,
50.7566,,,a,,,,,,,,,,,,,L6851,
50.7619,,,a,,,,,,,,,,,,,L6851,
50.7682,,,a,,,,,,,,,,,,,L6851,
50.7824,,,a,,,,,,,,,,,,,L6851,
50.7854,,,a,,,,,,,,,,,,,L6851,
50.8000,,,a,,,,,,,,,,,,,L6851,
50.8050,50.8050,0.0008,a,,,0.0000,196831,3p6.4s,2S,1/2,3p5.4s.(1P*).6d,2D*,3/2,,,L6851,
50.8139,,,a,,,,,,,,,,,,,L6851,
50.8219,,,a,,,,,,,,,,,,,L6851,
50.8318,50.8319,0.0008,a,,,0.0000,196727,3p6.4s,2S,1/2,3p5.4s.(1P*).6d,2P*,1/2,,,L6851,
50.8457,,,a,,,,,,,,,,,,,L6851,
50.8507,,,a,,,,,,,,,,,,,L6851,
50.8557,,,a,,,,,,,,,,,,,L6851,
50.8623,,,a,,,,,,,,,,,,,L6851,
50.8669,,,a,,,,,,,,,,,,,L6851,
50.8762,,,a,,,,,,,,,,,,,L6851,
50.8825,,,a,,,,,,,,,,,,,L6851,
50.8908,,,a,,,,,,,,,,,,,L6851,
50.8954,,,a,,,,,,,,,,,,,L6851,
50.9017,,,a,,,,,,,,,,,,,L6851,
50.9087,,,a,,,,,,,,,,,,,L6851,
50.9163,,,a,,,,,,,,,,,,,L6851,
50.9266,50.9266,0.0008,a,,,0.0000,196361,3p6.4s,2S,1/2,3p5.4s.(1P*).6d,2P*,3/2,,,L6851,
50.9316,,,a,,,,,,,,,,,,,L6851,
50.9379,50.9378,0.0008,a,,,0.0000,196318,3p6.4s,2S,1/2,3p5.4s.(1P*).7s,2P*,"1/2,3/2",,,L6851,
50.9514,,,a,,,,,,,,,,,,,L6851,
50.9564,,,a,,,,,,,,,,,,,L6851,
50.9720,,,a,,,,,,,,,,,,,L6851,
50.9793,,,a,,,,,,,,,,,,,L6851,
50.9859,,,a,,,,,,,,,,,,,L6851,
50.9892,,,a,,,,,,,,,,,,,L6851,
51.0025,,,a,,,,,,,,,,,,,L6851,
51.0055,,,a,,,,,,,,,,,,,L6851,
51.0151,,,a,,,,,,,,,,,,,L6851,
51.0233,,,a,,,,,,,,,,,,,L6851,
51.0429,,,a,,,,,,,,,,,,,L6851,
51.0598,,,a,,,,,,,,,,,,,L6851,
51.0671,,,a,,,,,,,,,,,,,L6851,
51.0810,,,a,,,,,,,,,,,,,L6851,
51.0913,,,a,,,,,,,,,,,,,L6851,
51.1118,,,a,,,,,,,,,,,,,L6851,
51.1184,,,a,,,,,,,,,,,,,L6851,
51.1509,,,a,,,,,,,,,,,,,L6851,
51.1837,,,a,,,,,,,,,,,,,L6851,
51.1874,,,a,,,,,,,,,,,,,L6851,
51.1933,,,a,,,,,,,,,,,,,L6851,
51.1999,,,a,,,,,,,,,,,,,L6851,
51.2125,,,a,,,,,,,,,,,,,L6851,
51.2205,,,a,,,,,,,,,,,,,L6851,
51.2410,,,a,,,,,,,,,,,,,L6851,
51.2715,,,a,,,,,,,,,,,,,L6851,
51.2874,,,a,,,,,,,,,,,,,L6851,
51.3050,,,a,,,,,,,,,,,,,L6851,
51.3099,,,a,,,,,,,,,,,,,L6851,
51.3401,,,a,,,,,,,,,,,,,L6851,
51.3503,,,a,,,,,,,,,,,,,L6851,
51.3580,,,a,,,,,,,,,,,,,L6851,
51.3695,,,a,,,,,,,,,,,,,L6851,
51.3911,,,a,,,,,,,,,,,,,L6851,
51.4013,,,a,,,,,,,,,,,,,L6851,
51.4100,,,a,,,,,,,,,,,,,L6851,
51.4242,,,a,,,,,,,,,,,,,L6851,
51.4706,,,a,,,,,,,,,,,,,L6851,
51.4898,,,a,,,,,,,,,,,,,L6851,
51.5054,,,a,,,,,,,,,,,,,L6851,
51.5213,,,a,,,,,,,,,,,,,L6851,
51.5266,51.5265,0.0008,a,,,0.0000,194075,3p6.4s,2S,1/2,3p5.4s.(1P*).5d,2P*,3/2,,,L6851,
51.5607,51.5607,0.0008,a,,,0.0000,193946,3p6.4s,2S,1/2,3p5.4s.(1P*).5d,2P*,1/2,,,L6851,
51.5819,,,a,,,,,,,,,,,,,L6851,
51.6114,51.6113,0.0008,a,,,0.0000,193756,3p6.4s,2S,1/2,3p5.4s.(1P*).5d,2D*,3/2,,,L6851,
51.6322,,,a,,,,,,,,,,,,,L6851,
51.6395,,,a,,,,,,,,,,,,,L6851,
51.6630,,,a,,,,,,,,,,,,,L6851,
51.6776,,,a,,,,,,,,,,,,,L6851,
51.7203,,,a,,,,,,,,,,,,,L6851,
51.7266,,,a,,,,,,,,,,,,,L6851,
51.7388,,,a,,,,,,,,,,,,,L6851,
51.7445,,,a,,,,,,,,,,,,,L6851,
51.7491,,,a,,,,,,,,,,,,,L6851,
51.7750,,,a,,,,,,,,,,,,,L6851,
51.7796,,,a,,,,,,,,,,,,,L6851,
51.7942,51.7941,0.0008,a,,,0.0000,193072,3p6.4s,2S,1/2,3p5.4s.(1P*).6s,2P*,"1/2,3/2",,,L6851,
51.8548,,,a,,,,,,,,,,,,,L6851,
51.8620,,,a,,,,,,,,,,,,,L6851,
51.9514,,,a,,,,,,,,,,,,,L6851,
51.9826,,,a,,,,,,,,,,,,,L6851,
52.0094,,,a,,,,,,,,,,,,,L6851,
52.0398,,,a,,,,,,,,,,,,,L6851,
52.1031,,,a,,,,,,,,,,,,,L6851,
52.1100,,,a,,,,,,,,,,,,,L6851,
52.1478,,,a,,,,,,,,,,,,,L6851,
52.1773,,,a,,,,,,,,,,,,,L6851,
52.2140,,,a,,,,,,,,,,,,,L6851,
52.2541,,,"a,bl",,,,,,,,,,,,,L6851,
52.3643,,,a,,,,,,,,,,,,,L6851,
52.3689,,,a,,,,,,,,,,,,,L6851,
52.3795,,,a,,,,,,,,,,,,,L6851,
52.3947,,,a,,,,,,,,,,,,,L6851,
52.4633,,,a,,,,,,,,,,,,,L6851,
52.5086,,,a,,,,,,,,,,,,,L6851,
52.5281,,,a,,,,,,,,,,,,,L6851,
52.5864,,,a,,,,,,,,,,,,,L6851,
52.5966,,,a,,,,,,,,,,,,,L6851,
52.6281,,,"a,w",,,,,,,,,,,,,L6851,
52.6582,,,a,,,,,,,,,,,,,L6851,
52.6625,,,a,,,,,,,,,,,,,L6851,
52.6777,,,a,,,,,,,,,,,,,L6851,
52.8508,,,a,,,,,,,,,,,,,L6851,
52.9127,,,a,,,,,,,,,,,,,L6851,
52.9435,,,"a,w",,,,,,,,,,,,,L6851,
53.0272,,,a,,,,,,,,,,,,,L6851,
53.1492,,,a,,,,,,,,,,,,,L6851,
53.1780,,,a,,,,,,,,,,,,,L6851,
53.2475,,,"a,w",,,,,,,,,,,,,L6851,
53.2627,,,a,,,,,,,,,,,,,L6851,
53.3593,,,a,,,,,,,,,,,,,L6851,
53.4731,,,a,,,,,,,,,,,,,L6851,
53.5740,,,a,,,,,,,,,,,,,L6851,
53.7109,,,a,,,,,,,,,,,,,L6851,
53.8164,,,a,,,,,,,,,,,,,L6851,
53.8742,,,a,,,,,,,,,,,,,L6851,
53.8772,,,a,,,,,,,,,,,,,L6851,
54.0095,,,"a,bl*",,,,,,,,,,,,,L6851,
54.0095,54.0094,0.0006,"a,bl*",,,0.0000,185153,3p6.4s,2S,1/2,3p5.4s.(1P*).5s,2P*,1/2,,,L6851,
54.2101,,,a,,,,,,,,,,,,,L6851,
54.2455,54.2455,0.0006,a,,,0.0000,184347,3p6.4s,2S,1/2,3p5.4s.(1P*).5s,2P*,3/2,,,L6851,
54.3262,,,a,,,,,,,,,,,,,L6851,
54.3460,,,a,,,,,,,,,,,,,L6851,
54.4871,,,"a,w",,,,,,,,,,,,,L6851,
54.5499,,,"a,w",,,,,,,,,,,,,L6851,
54.7485,,,a,,,,,,,,,,,,,L6851,
54.8986,,,"a,w",,,,,,,,,,,,,L6851,
55.0218,,,a,,,,,,,,,,,,,L6851,
55.0905,,,a,,,,,,,,,,,,,L6851,
55.2940,,,"a,w",,,,,,,,,,,,,L6851,
55.3120,,,"a,w",,,,,,,,,,,,,L6851,
55.3860,,,"a,w",,,,,,,,,,,,,L6851,
55.5810,,,a,,,,,,,,,,,,,L6851,
55.5906,55.5905,0.0006,a,,,0.0000,179887,3p6.4s,2S,1/2,3p5.3d.(3D*).4s,2D*,3/2,,,L6851,
57.1281,,,a,,,,,,,,,,,,,L6851,
57.789,,,a,,,,,,,,,,,,,L3602,
57.870,57.8704,0.0013,a,,,0.0000,172800,3p6.4s,2S,1/2,3p5.3d.(3D*).4s,4D*,1/2,,,L3602,
57.930,57.9297,0.0013,a,,,0.0000,172623,3p6.4s,2S,1/2,3p5.3d.(3D*).4s,4D*,3/2,,,L3602,
61.347,61.3474,0.0015,"a,d",,,0.0000,163006,3p6.4s,2S,1/2,3p5.3d.(3P*).4s,2P*,3/2,,,L3602,
61.575,61.5748,0.0015,"a,d",,,0.0000,162404,3p6.4s,2S,1/2,3p5.3d.(3P*).4s,2P*,1/2,,,L3602,
62.626,62.6260,0.0016,a,,,0.0000,159678,3p6.4s,2S,1/2,3p5.3d.(3P*).4s,4P*,3/2,,,L3602,
62.748,62.7482,0.0016,"a,d",,,0.0000,159367,3p6.4s,2S,1/2,3p5.3d.(3P*).4s,4P*,1/2,,,L3602,
65.323,65.3232,0.0013,"a,w",,,0.0000,153085,3p6.4s,2S,1/2,3p5.4s2,2P*,1/2,,,L3602,
66.222,66.2217,0.0013,"a,w",,,0.0000,151008,3p6.4s,2S,1/2,3p5.4s2,2P*,3/2,,,L3602,
67.36,67.35,0.03,6,,,12985.185724,161473,3p6.4p,2P*,1/2,3p5.(2P*).4s.4p.(3P*),4S,3/2,,,L11806,
67.39,67.37,0.03,23,,,13042.896027,161473,3p6.4p,2P*,3/2,3p5.(2P*).4s.4p.(3P*),4S,3/2,,,L11806,
69.17,69.12,0.03,2*,,,21536.988,166221,3p6.3d,2D,3/2,3p5.3d.(3F*).4s,4F*,3/2,,,L11806,
69.17,69.12,0.03,2*,,,21534.680,166221,3p6.3d,2D,5/2,3p5.3d.(3F*).4s,4F*,3/2,,,L11806,
72.10,72.09,0.03,27*,,,21536.988,160245,3p6.3d,2D,3/2,3p5.3d.(3P*).4s,4P*,5/2,,,L11806,
72.10,72.09,0.03,27*,,,21534.680,160245,3p6.3d,2D,5/2,3p5.3d.(3P*).4s,4P*,5/2,,,L11806,
75.29,75.27,0.04,4*,,,27397.077,160245,3p6.4d,2D,5/2,3p5.3d.(3P*).4s,4P*,5/2,,,L6105,
75.29,75.27,0.04,4*,,,27398.147,160245,3p6.4d,2D,3/2,3p5.3d.(3P*).4s,4P*,5/2,,,L6105,
76.90,76.89,0.04,1*,,,30185.7476,160245,3p6.5d,2D,3/2,3p5.3d.(3P*).4s,4P*,5/2,,,L6105,
76.90,76.89,0.04,1*,,,30185.2439,160245,3p6.5d,2D,5/2,3p5.3d.(3P*).4s,4P*,5/2,,,L6105,
77.82,77.79,0.04,1*,,,31696.1661,160245,3p6.6d,2D,3/2,3p5.3d.(3P*).4s,4P*,5/2,,,L6105,
77.82,77.79,0.04,1*,,,31695.9005,160245,3p6.6d,2D,5/2,3p5.3d.(3P*).4s,4P*,5/2,,,L6105,
obs_wl_air(nm),ritz_wl_air(nm),unc_ritz_wl,intens,Aki(s^-1),Acc,Ei(cm-1),Ek(cm-1),conf_i,term_i,J_i,conf_k,term_k,J_k,Type,tp_ref,line_ref,
,292.75309,0.00003,,8.15e+02,C+,0.0000,34148.4861,3p6.4s,2S,1/2,3p6.13p,2P*,3/2,,"T5436n,extrap",,
,292.75701,0.00003,,4.69e+02,C+,0.0000,34148.0284,3p6.4s,2S,1/2,3p6.13p,2P*,1/2,,"T5436n,extrap",,
,294.26696,0.00003,,1.13e+03,C+,0.0000,33972.8148,3p6.4s,2S,1/2,3p6.12p,2P*,3/2,,"T5436n,extrap",,
,294.27223,0.00003,,6.82e+02,C+,0.0000,33972.2064,3p6.4s,2S,1/2,3p6.12p,2P*,1/2,,"T5436n,extrap",,
,296.32104,0.00003,,1.73e+03,C+,0.0000,33737.3284,3p6.4s,2S,1/2,3p6.11p,2P*,3/2,,"T5436n,extrap",,
,296.32833,0.00003,,1.10e+03,C+,0.0000,33736.4979,3p6.4s,2S,1/2,3p6.11p,2P*,1/2,,"T5436n,extrap",,
299.2108,299.21179,0.00003,a,3.16e+03,C+,0.0000,33411.3986,3p6.4s,2S,1/2,3p6.10p,2P*,3/2,,"T5436n,extrap",L3287,
299.2215,299.22225,0.00003,a,2.12e+03,C+,0.0000,33410.2306,3p6.4s,2S,1/2,3p6.10p,2P*,1/2,,"T5436n,extrap",L3287,
303.4751,303.47619,0.00003,a,6.74e+03,B,0.0000,32941.9262,3p6.4s,2S,1/2,3p6.9p,2P*,3/2,,T5436n,L3287,
303.4911,303.49207,0.00003,a,4.78e+03,C+,0.0000,32940.2030,3p6.4s,2S,1/2,3p6.9p,2P*,1/2,,T5436n,L3287,
310.1791,310.1789,0.0006,a,1.62e+04,B+,0.0000,32230.11,3p6.4s,2S,1/2,3p6.8p,2P*,3/2,,T5436n,L3287,
310.2051,310.2046,0.0006,a,1.22e+04,C+,0.0000,32227.44,3p6.4s,2S,1/2,3p6.8p,2P*,1/2,,T5436n,L3287,
321.7151,321.7154,0.0006,a,5.01e+04,B+,0.0000,31074.40,3p6.4s,2S,1/2,3p6.7p,2P*,3/2,,T5436n,L3287,
321.7615,321.7620,0.0006,a,4.00e+04,C+,0.0000,31069.90,3p6.4s,2S,1/2,3p6.7p,2P*,1/2,,T5436n,L3287,
344.6376,344.6372,0.0006,a,1.65e+05,B+,0.0000,29007.71,3p6.4s,2S,1/2,3p6.6p,2P*,3/2,,T5436n,L3287,
344.7376,344.7375,0.0006,a,1.45e+05,C+,0.0000,28999.27,3p6.4s,2S,1/2,3p6.6p,2P*,1/2,,T5436n,L3287,
364.8841,364.88422,0.00007,3,,,0.0000,27398.147,3p6.4s,2S,1/2,3p6.4d,2D,3/2,E2,,L6096,
364.8981,364.89847,0.00007,4,,,0.0000,27397.077,3p6.4s,2S,1/2,3p6.4d,2D,5/2,E2,,L6096,
404.4136,404.41422,0.00008,18,1.15e+06,A,0.0000,24720.139,3p6.4s,2S,1/2,3p6.5p,2P*,3/2,,T5436n,L3287,
404.7208,404.72132,0.00008,17,1.07e+06,B+,0.0000,24701.382,3p6.4s,2S,1/2,3p6.5p,2P*,1/2,,T5436n,L3287,
464.1876,464.18750,0.00011,10,1.54e+02,AAA,0.0000,21536.988,3p6.4s,2S,1/2,3p6.3d,2D,3/2,E2,T5364,L6096,
464.2373,464.23725,0.00011,11,1.54e+02,AAA,0.0000,21534.680,3p6.4s,2S,1/2,3p6.3d,2D,5/2,E2,T5364,L6096,
474.0914,474.092019,0.000016,4,8.0e+04,E,12985.185724,34072.2393,3p6.4p,2P*,1/2,3p6.13s,2S,1/2,,"T1619extrap,LS",L6096,
474.4345,474.434024,0.000016,6,9.8e+04,C,12985.185724,34057.0385,3p6.4p,2P*,1/2,3p6.11d,2D,3/2,,T817LS,L6096,
475.3934,475.393077,0.000016,5,1.6e+05,D+,13042.896027,34072.2393,3p6.4p,2P*,3/2,3p6.13s,2S,1/2,,"T1619extrap,LS",L6096,
,475.736962,0.000016,,1.9e+04,E,13042.896027,34057.0385,3p6.4p,2P*,3/2,3p6.11d,2D,3/2,,T817LS,,
475.7389,475.737719,0.000016,7,1.2e+05,C,13042.896027,34057.0051,3p6.4p,2P*,3/2,3p6.11d,2D,5/2,,T817LS,L6096,
478.6491,478.649091,0.000016,5,1.03e+05,C,12985.185724,33871.4788,3p6.4p,2P*,1/2,3p6.12s,2S,1/2,,"T817,T204,LS",L6096,
479.1049,479.104132,0.000016,7,1.3e+05,C,12985.185724,33851.6418,3p6.4p,2P*,1/2,3p6.10d,2D,3/2,,"T817n,T204n,LS",L6096,
479.9754,479.975316,0.000016,6,2.07e+05,C,13042.896027,33871.4788,3p6.4p,2P*,3/2,3p6.12s,2S,1/2,,"T817,T204,LS",L6096,
,480.432883,0.000016,,2.6e+04,C,13042.896027,33851.6418,3p6.4p,2P*,3/2,3p6.10d,2D,3/2,,"T817n,T204n,LS",,
480.4348,480.433950,0.000016,8,1.6e+05,C,13042.896027,33851.5956,3p6.4p,2P*,3/2,3p6.10d,2D,5/2,,"T817n,T204n,LS",L6096,
484.9865,484.986450,0.000017,7,1.871e+05,A+,12985.185724,33598.5597,3p6.4p,2P*,1/2,3p6.11s,2S,1/2,,T9168,L6096,
485.6090,485.609209,0.000017,8,2.10e+05,A,12985.185724,33572.1249,3p6.4p,2P*,1/2,3p6.9d,2D,3/2,,T9168,L6096,
486.3483,486.348075,0.000017,8,3.698e+05,AA,13042.896027,33598.5597,3p6.4p,2P*,3/2,3p6.11s,2S,1/2,,T9168,L6096,
,486.974338,0.000017,,4.38e+04,B+,13042.896027,33572.1249,3p6.4p,2P*,3/2,3p6.9d,2D,3/2,,T9168,,
486.9757,486.975897,0.000017,9,2.61e+05,A,13042.896027,33572.0592,3p6.4p,2P*,3/2,3p6.9d,2D,5/2,,T9168,L6096,
494.2002,494.200871,0.000017,8bl,2.69e+05,AA,12985.185724,33214.2267,3p6.4p,2P*,1/2,3p6.10s,2S,1/2,,T9168,L1792,
495.0815,495.081801,0.000017,9,2.69e+05,B+,12985.185724,33178.2324,3p6.4p,2P*,1/2,3p6.8d,2D,3/2,,T9168,L6096,
495.61461,495.614802,0.000017,9,5.322e+05,AA,13042.896027,33214.2267,3p6.4p,2P*,3/2,3p6.10s,2S,1/2,,T9168,L1792,
,496.500784,0.000017,,5.56e+04,B+,13042.896027,33178.2324,3p6.4p,2P*,3/2,3p6.8d,2D,3/2,,T9168,,
496.5031,496.503213,0.000017,10,3.36e+05,A,13042.896027,33178.1339,3p6.4p,2P*,3/2,3p6.8d,2D,5/2,,T9168,L6096,
508.4226,508.423399,0.000018,10,4.074e+05,AA,12985.185724,32648.3511,3p6.4p,2P*,1/2,3p6.9s,2S,1/2,,T9168,L6096,
509.7171,509.717137,0.000018,11,3.39e+05,B+,12985.185724,32598.4437,3p6.4p,2P*,1/2,3p6.7d,2D,3/2,,T9168,L6096,
509.9200,509.920005,0.000018,11,8.064e+05,A+,13042.896027,32648.3511,3p6.4p,2P*,3/2,3p6.9s,2S,1/2,,T9168,L6096,
,511.221380,0.000018,,7.01e+04,A,13042.896027,32598.4437,3p6.4p,2P*,3/2,3p6.7d,2D,3/2,,T9168,,
511.2249,511.225448,0.000018,12,4.22e+05,B+,13042.896027,32598.2881,3p6.4p,2P*,3/2,3p6.7d,2D,5/2,,T9168,L6096,
532.3276,532.32786,0.00009,12,6.62e+05,A+,12985.185724,31765.3767,3p6.4p,2P*,1/2,3p6.8s,2S,1/2,,T9168,L6096,
533.9688,533.96873,0.00009,13,1.311e+06,AA,13042.896027,31765.3767,3p6.4p,2P*,3/2,3p6.8s,2S,1/2,,T9168,L6096,
534.2970,534.29693,0.00009,12,3.86e+05,A,12985.185724,31696.1661,3p6.4p,2P*,1/2,3p6.6d,2D,3/2,,T9168,L6096,
,535.94998,0.00009,,8.10e+04,A,13042.896027,31696.1661,3p6.4p,2P*,3/2,3p6.6d,2D,3/2,,T9168,,
535.9574,535.95761,0.00009,14,4.86e+05,A,13042.896027,31695.9005,3p6.4p,2P*,3/2,3p6.6d,2D,5/2,,T9168,L6096,
578.2384,578.23999,0.00010,16,1.186e+06,AA,12985.185724,30274.2487,3p6.4p,2P*,1/2,3p6.7s,2S,1/2,,T9168,L6096,
580.1752,580.17662,0.00010,17,2.348e+06,AA,13042.896027,30274.2487,3p6.4p,2P*,3/2,3p6.7s,2S,1/2,,T9168,L6096,
581.2148,581.21521,0.00010,15,2.86e+05,A,12985.185724,30185.7476,3p6.4p,2P*,1/2,3p6.5d,2D,3/2,,T9168,L6096,
,583.17185,0.00010,,6.13e+04,A,13042.896027,30185.7476,3p6.4p,2P*,3/2,3p6.5d,2D,3/2,,T9168,,
583.1887,583.18899,0.00010,17,3.71e+05,A,13042.896027,30185.2439,3p6.4p,2P*,3/2,3p6.5d,2D,5/2,,T9168,L6096,
691.1084,691.10815,0.00014,19,2.500e+06,AA,12985.185724,27450.7104,3p6.4p,2P*,1/2,3p6.6s,2S,1/2,,T9168,L6096,
693.6284,693.62861,0.00024,12,1.9e+04,C,12985.185724,27398.147,3p6.4p,2P*,1/2,3p6.4d,2D,3/2,,T9168,L6096,
693.8767,693.87640,0.00014,20,4.956e+06,AA,13042.896027,27450.7104,3p6.4p,2P*,3/2,3p6.6s,2S,1/2,,T9168,L6096,
696.418,696.41712,0.00024,7,2.4e+03,D+,13042.896027,27398.147,3p6.4p,2P*,3/2,3p6.4d,2D,3/2,,T9168,L6096,
696.4672,696.46903,0.00024,12,1.37e+04,D+,13042.896027,27397.077,3p6.4p,2P*,3/2,3p6.4d,2D,5/2,,T9168,L6096,
,754.1412,0.0003,,4.9e+03,E,21026.551,34283.0181,3p6.5s,2S,1/2,3p6.14p,2P*,3/2,,T817,,
,754.1617,0.0003,,4.9e+03,E,21026.551,34282.6573,3p6.5s,2S,1/2,3p6.14p,2P*,1/2,,T817,,
,761.8730,0.0003,,6.5e+03,C,21026.551,34148.4861,3p6.5s,2S,1/2,3p6.13p,2P*,3/2,,T817,,
,761.8996,0.0003,,6.5e+03,E,21026.551,34148.0284,3p6.5s,2S,1/2,3p6.13p,2P*,1/2,,T817,,
766.489913,766.48991,0.00003,25r,3.779e+07,AAA,0.0000,13042.896027,3p6.4s,2S,1/2,3p6.4p,2P*,3/2,,T9745,L8995,
769.896456,769.89646,0.00003,24r,3.734e+07,AAA,0.0000,12985.185724,3p6.4s,2S,1/2,3p6.4p,2P*,1/2,,T9745,L8995,
,772.2111,0.0003,,8.9e+03,C,21026.551,33972.8148,3p6.5s,2S,1/2,3p6.12p,2P*,3/2,,T817,,
,772.2474,0.0003,,8.9e+03,E,21026.551,33972.2064,3p6.5s,2S,1/2,3p6.12p,2P*,1/2,,T817,,
774.107,774.122,0.004,a*,,,21534.680,34448.98,3p6.3d,2D,5/2,3p6.14f,2F*,7/2,,,L2996,
774.107,774.122,0.004,a*,,,21534.680,34448.98,3p6.3d,2D,5/2,3p6.14f,2F*,5/2,,,L2996,
774.246,774.261,0.004,a,,,21536.988,34448.98,3p6.3d,2D,3/2,3p6.14f,2F*,5/2,,,L2996,
779.517,779.532,0.004,a*,,,21534.680,34359.36,3p6.3d,2D,5/2,3p6.13f,2F*,5/2,,,L2996,
779.517,779.532,0.004,a*,,,21534.680,34359.36,3p6.3d,2D,5/2,3p6.13f,2F*,7/2,,,L2996,
779.656,779.672,0.004,a,,,21536.988,34359.36,3p6.3d,2D,3/2,3p6.13f,2F*,5/2,,,L2996,
786.447,786.461,0.003,a*,,,21534.680,34246.37,3p6.3d,2D,5/2,3p6.12f,2F*,5/2,,,L2996,
786.447,786.461,0.003,a*,,,21534.680,34246.37,3p6.3d,2D,5/2,3p6.12f,2F*,7/2,,,L2996,
,786.5176,0.0004,,1.3e+04,C,21026.551,33737.3284,3p6.5s,2S,1/2,3p6.11p,2P*,3/2,,T817,,
,786.5689,0.0004,,1.3e+04,C,21026.551,33736.4979,3p6.5s,2S,1/2,3p6.11p,2P*,1/2,,T817,,
786.587,786.604,0.003,a,,,21536.988,34246.37,3p6.3d,2D,3/2,3p6.12f,2F*,5/2,,,L2996,
795.537,795.536,0.004,5,,,21534.680,34101.36,3p6.3d,2D,5/2,3p6.11f,2F*,7/2,,,L6096,
795.683,795.682,0.004,4,,,21536.988,34101.36,3p6.3d,2D,3/2,3p6.11f,2F*,5/2,,,L6096,
,803.7580,0.0004,,2.0e+04,C,21534.680,33972.8148,3p6.3d,2D,5/2,3p6.12p,2P*,3/2,,T817LS,,
,803.9072,0.0004,,2.3e+03,E,21536.988,33972.8148,3p6.3d,2D,3/2,3p6.12p,2P*,3/2,,T817LS,,
,803.9465,0.0004,,2.3e+04,C,21536.988,33972.2064,3p6.3d,2D,3/2,3p6.12p,2P*,1/2,,T817LS,,
,807.2163,0.0004,,1.601e+04,B+,21026.551,33411.3986,3p6.5s,2S,1/2,3p6.10p,2P*,3/2,,T9168,,
,807.2924,0.0004,,1.456e+04,A,21026.551,33410.2306,3p6.5s,2S,1/2,3p6.10p,2P*,1/2,,T9168,,
807.811,807.810,0.004,7,,,21534.680,33910.42,3p6.3d,2D,5/2,3p6.10f,2F*,7/2,,,L6096,
807.962,807.961,0.004,6,,,21536.988,33910.42,3p6.3d,2D,3/2,3p6.10f,2F*,5/2,,,L6096,
,819.2690,0.0004,,2.8e+04,C,21534.680,33737.3284,3p6.3d,2D,5/2,3p6.11p,2P*,3/2,,T817LS,,
,819.4240,0.0004,,3.1e+03,E,21536.988,33737.3284,3p6.3d,2D,3/2,3p6.11p,2P*,3/2,,T817LS,,
,819.4798,0.0004,,3.1e+04,C,21536.988,33736.4979,3p6.3d,2D,3/2,3p6.11p,2P*,1/2,,T817LS,,
825.018,825.016,0.004,9bl*,6.4e+04,C+,21534.680,33652.32,3p6.3d,2D,5/2,3p6.9f,2F*,5/2,,T817LS,L6096,
825.018,825.016,0.004,9bl*,9.6e+05,B+,21534.680,33652.32,3p6.3d,2D,5/2,3p6.9f,2F*,7/2,,T817LS,L6096,
825.174,825.174,0.004,8,8.9e+05,C+,21536.988,33652.32,3p6.3d,2D,3/2,3p6.9f,2F*,5/2,,T817LS,L6096,
839.022,839.0212,0.0004,3,2.71e+04,B+,21026.551,32941.9262,3p6.5s,2S,1/2,3p6.9p,2P*,3/2,,T9168,L6096,
,839.1426,0.0004,m,2.47e+04,B+,21026.551,32940.2030,3p6.5s,2S,1/2,3p6.9p,2P*,1/2,,T9168,L6096,
841.754,841.7521,0.0004,2,4.81e+04,A,21534.680,33411.3986,3p6.3d,2D,5/2,3p6.10p,2P*,3/2,,T9168,L6096,
,841.9157,0.0004,,5.29e+03,A,21536.988,33411.3986,3p6.3d,2D,3/2,3p6.10p,2P*,3/2,,T9168,,
842.000,841.9985,0.0004,1,5.25e+04,A,21536.988,33410.2306,3p6.3d,2D,3/2,3p6.10p,2P*,1/2,,T9168,L6096,
850.345,850.344,0.004,11bl*,1.32e+06,B+,21534.680,33291.40,3p6.3d,2D,5/2,3p6.8f,2F*,7/2,,T8262,L6096,
850.345,850.344,0.004,11bl*,8.80e+04,B+,21534.680,33291.40,3p6.3d,2D,5/2,3p6.8f,2F*,5/2,,T8262,L6096,
850.511,850.511,0.004,10,1.23e+06,B+,21536.988,33291.40,3p6.3d,2D,3/2,3p6.8f,2F*,5/2,,T8262,L6096,
876.396,876.3951,0.0004,4,7.13e+04,A,21534.680,32941.9262,3p6.3d,2D,5/2,3p6.9p,2P*,3/2,,T9168,L6096,
,876.5724,0.0004,,7.97e+03,A+,21536.988,32941.9262,3p6.3d,2D,3/2,3p6.9p,2P*,3/2,,T9168,,
876.705,876.7049,0.0004,3,7.81e+04,A,21536.988,32940.2030,3p6.3d,2D,3/2,3p6.9p,2P*,1/2,,T9168,L6096,
890.219,890.218,0.005,13bl*,1.369e+05,AA,21534.680,32764.80,3p6.3d,2D,5/2,3p6.7f,2F*,5/2,,T9168,L6096,
890.219,890.218,0.005,13bl*,2.052e+06,AA,21534.680,32764.80,3p6.3d,2D,5/2,3p6.7f,2F*,7/2,,T9168,L6096,
890.402,890.401,0.005,12,1.914e+06,AA,21536.988,32764.80,3p6.3d,2D,3/2,3p6.7f,2F*,5/2,,T9168,L6096,
892.331,892.329,0.005,5,5.23e+04,A,21026.551,32230.11,3p6.5s,2S,1/2,3p6.8p,2P*,3/2,,T9168,L6096,
892.544,892.541,0.005,4,4.77e+04,B+,21026.551,32227.44,3p6.5s,2S,1/2,3p6.8p,2P*,1/2,,T9168,L6096,
934.724,934.722,0.005,7,1.135e+05,A+,21534.680,32230.11,3p6.3d,2D,5/2,3p6.8p,2P*,3/2,,T9168,L6096,
934.925,934.924,0.005,3,1.266e+04,A+,21536.988,32230.11,3p6.3d,2D,3/2,3p6.8p,2P*,3/2,,T9168,L6096,
935.159,935.158,0.005,6,1.244e+05,A+,21536.988,32227.44,3p6.3d,2D,3/2,3p6.8p,2P*,1/2,,T9168,L6096,
959.570,959.569,0.006,15bl*,3.449e+06,AA,21534.680,31953.17,3p6.3d,2D,5/2,3p6.6f,2F*,7/2,,T9168,L6096,
959.570,959.569,0.006,15bl*,2.294e+05,AA,21534.680,31953.17,3p6.3d,2D,5/2,3p6.6f,2F*,5/2,,T9168,L6096,
959.783,959.781,0.006,14,3.207e+06,AA,21536.988,31953.17,3p6.3d,2D,3/2,3p6.6f,2F*,5/2,,T9168,L6096,
994.967,994.965,0.006,6,1.24e+05,B+,21026.551,31074.40,3p6.5s,2S,1/2,3p6.7p,2P*,3/2,,T9168,L6096,
995.414,995.411,0.006,5,1.15e+05,B+,21026.551,31069.90,3p6.5s,2S,1/2,3p6.7p,2P*,1/2,,T9168,L6096,
1047.963,1047.962,0.007,9,1.992e+05,A,21534.680,31074.40,3p6.3d,2D,5/2,3p6.7p,2P*,3/2,,T9168,L6096,
1048.215,1048.215,0.007,5,2.205e+04,A+,21536.988,31074.40,3p6.3d,2D,3/2,3p6.7p,2P*,3/2,,T9168,L6096,
1048.711,1048.710,0.007,8,2.168e+05,A+,21536.988,31069.90,3p6.3d,2D,3/2,3p6.7p,2P*,1/2,,T9168,L6096,
,1066.8459,0.0006,,3.9e+04,C,24701.382,34072.2393,3p6.5p,2P*,1/2,3p6.13s,2S,1/2,,T817LS,,
,1068.5793,0.0006,,1.2e+04,C,24701.382,34057.0385,3p6.5p,2P*,1/2,3p6.11d,2D,3/2,,T817LS,,
,1068.9857,0.0006,,7.7e+04,C,24720.139,34072.2393,3p6.5p,2P*,3/2,3p6.13s,2S,1/2,,T817LS,,
,1070.7260,0.0006,,2.4e+03,C,24720.139,34057.0385,3p6.5p,2P*,3/2,3p6.11d,2D,3/2,,T817LS,,
,1070.7298,0.0006,,1.4e+04,C,24720.139,34057.0051,3p6.5p,2P*,3/2,3p6.11d,2D,5/2,,T817LS,,
,1090.2024,0.0006,,5.4e+04,C,24701.382,33871.4788,3p6.5p,2P*,1/2,3p6.12s,2S,1/2,,T817LS,,
,1092.4370,0.0006,,1.1e+05,C+,24720.139,33871.4788,3p6.5p,2P*,3/2,3p6.12s,2S,1/2,,T817LS,,
,1092.5659,0.0006,,1.3e+04,C,24701.382,33851.6418,3p6.5p,2P*,1/2,3p6.10d,2D,3/2,,T817LS,,
,1094.8101,0.0006,,2.7e+03,C,24720.139,33851.6418,3p6.5p,2P*,3/2,3p6.10d,2D,3/2,,T817LS,,
,1094.8157,0.0006,,1.6e+04,C,24720.139,33851.5956,3p6.5p,2P*,3/2,3p6.10d,2D,5/2,,T817LS,,
1101.987,1101.985,0.007,17*,6.538e+06,AA,21534.680,30606.73,3p6.3d,2D,5/2,3p6.5f,2F*,7/2,,T9168,L6096,
1101.987,1101.985,0.007,17*,4.360e+05,AA,21534.680,30606.73,3p6.3d,2D,5/2,3p6.5f,2F*,5/2,,T9168,L6096,
1102.267,1102.265,0.007,16,6.099e+06,AA,21536.988,30606.73,3p6.3d,2D,3/2,3p6.5f,2F*,5/2,,T9168,L6096,
,1123.6442,0.0006,,7.960e+04,A+,24701.382,33598.5597,3p6.5p,2P*,1/2,3p6.11s,2S,1/2,,T9168,,
,1126.0181,0.0006,,1.573e+05,A+,24720.139,33598.5597,3p6.5p,2P*,3/2,3p6.11s,2S,1/2,,T9168,,
,1126.9927,0.0006,,1.74e+04,B+,24701.382,33572.1249,3p6.5p,2P*,1/2,3p6.9d,2D,3/2,,T9168,,
,1129.3808,0.0006,,3.73e+03,B+,24720.139,33572.1249,3p6.5p,2P*,3/2,3p6.9d,2D,3/2,,T9168,,
,1129.3891,0.0006,,2.28e+04,B+,24720.139,33572.0592,3p6.5p,2P*,3/2,3p6.9d,2D,5/2,,T9168,,
1169.0219,1169.0242,0.0007,17,2.017e+07,AA,12985.185724,21536.988,3p6.4p,2P*,1/2,3p6.3d,2D,3/2,,T9168,L1792,
,1174.3740,0.0007,,1.156e+05,AA,24701.382,33214.2267,3p6.5p,2P*,1/2,3p6.10s,2S,1/2,,T9168,,
1176.9637,1176.9667,0.0007,16,3.974e+06,AA,13042.896027,21536.988,3p6.4p,2P*,3/2,3p6.3d,2D,3/2,,T9168,L1792,
,1176.9673,0.0007,,2.288e+05,AA,24720.139,33214.2267,3p6.5p,2P*,3/2,3p6.10s,2S,1/2,,T9168,,
1177.2838,1177.2866,0.0007,17,2.383e+07,AA,13042.896027,21534.680,3p6.4p,2P*,3/2,3p6.3d,2D,5/2,,T9168,L1792,
,1179.3606,0.0007,,1.72e+04,B,24701.382,33178.2324,3p6.5p,2P*,1/2,3p6.8d,2D,3/2,,T9168,,
,1181.9760,0.0007,,3.8e+03,B,24720.139,33178.2324,3p6.5p,2P*,3/2,3p6.8d,2D,3/2,,T9168,,
,1181.9898,0.0007,,2.29e+04,B,24720.139,33178.1339,3p6.5p,2P*,3/2,3p6.8d,2D,5/2,,T9168,,
1243.2274,1243.2298,0.0008,56,7.951e+06,AA,12985.185724,21026.551,3p6.4p,2P*,1/2,3p6.5s,2S,1/2,,T9168,L1792,
1252.2141,1252.2165,0.0008,98,1.582e+07,AA,13042.896027,21026.551,3p6.4p,2P*,3/2,3p6.5s,2S,1/2,,T9168,L1792,
,1252.608,0.008,,4.35e+05,B+,21026.551,29007.71,3p6.5s,2S,1/2,3p6.6p,2P*,3/2,,T9168,,
,1253.934,0.008,,4.16e+05,A,21026.551,28999.27,3p6.5s,2S,1/2,3p6.6p,2P*,1/2,,T9168,,
,1257.9972,0.0008,,1.782e+05,AA,24701.382,32648.3511,3p6.5p,2P*,1/2,3p6.9s,2S,1/2,,T9168,,
,1260.9735,0.0008,,3.512e+05,AA,24720.139,32648.3511,3p6.5p,2P*,3/2,3p6.9s,2S,1/2,,T9168,,
,1265.9474,0.0008,,1.20e+04,B,24701.382,32598.4437,3p6.5p,2P*,1/2,3p6.7d,2D,3/2,,T9168,,
,1268.9615,0.0008,,2.7e+03,B,24720.139,32598.4437,3p6.5p,2P*,3/2,3p6.7d,2D,3/2,,T9168,,
,1268.9865,0.0008,,1.67e+04,B,24720.139,32598.2881,3p6.5p,2P*,3/2,3p6.7d,2D,5/2,,T9168,,
1337.786,1337.779,0.009,,4.08e+05,A+,21534.680,29007.71,3p6.3d,2D,5/2,3p6.6p,2P*,3/2,,T9168,L6096,
,1338.193,0.009,,4.55e+04,A,21536.988,29007.71,3p6.3d,2D,3/2,3p6.6p,2P*,3/2,,T9168,,
1339.709,1339.706,0.009,,4.47e+05,A+,21536.988,28999.27,3p6.3d,2D,3/2,3p6.6p,2P*,1/2,,T9168,L6096,
,1415.2427,0.0012,,2.970e+05,A+,24701.382,31765.3767,3p6.5p,2P*,1/2,3p6.8s,2S,1/2,,T9168,,
,1419.0106,0.0012,,5.87e+05,A+,24720.139,31765.3767,3p6.5p,2P*,3/2,3p6.8s,2S,1/2,,T9168,,
,1429.2460,0.0012,,6.9e+02,D,24701.382,31696.1661,3p6.5p,2P*,1/2,3p6.6d,2D,3/2,,T9168,,
,1433.0889,0.0012,,2.6e+02,D+,24720.139,31696.1661,3p6.5p,2P*,3/2,3p6.6d,2D,3/2,,T9168,,
,1433.1435,0.0012,,1.6e+03,D+,24720.139,31695.9005,3p6.5p,2P*,3/2,3p6.6d,2D,5/2,,T9168,,
,1480.7676,0.0013,,2.1e+04,C+,27397.077,34148.4861,3p6.4d,2D,5/2,3p6.13p,2P*,3/2,,T817LS,,
,1481.0023,0.0013,,2.3e+03,C,27398.147,34148.4861,3p6.4d,2D,3/2,3p6.13p,2P*,3/2,,T817LS,,
,1481.1027,0.0013,,2.3e+04,C,27398.147,34148.0284,3p6.4d,2D,3/2,3p6.13p,2P*,1/2,,T817LS,,
1516.308,1516.307,0.012,bl*,1.035e+06,A,21534.680,28127.85,3p6.3d,2D,5/2,3p6.4f,2F*,5/2,,T9168,L6096,
1516.308,1516.307,0.012,bl*,1.547e+07,A,21534.680,28127.85,3p6.3d,2D,5/2,3p6.4f,2F*,7/2,,T9168,L6096,
1516.840,1516.838,0.012,,1.463e+07,B+,21536.988,28127.85,3p6.3d,2D,3/2,3p6.4f,2F*,5/2,,T9168,L6096,
,1520.3264,0.0013,,2.7e+04,C+,27397.077,33972.8148,3p6.4d,2D,5/2,3p6.12p,2P*,3/2,,T817LS,,
,1520.5739,0.0013,,3.0e+03,C,27398.147,33972.8148,3p6.4d,2D,3/2,3p6.12p,2P*,3/2,,T817LS,,
,1520.7146,0.0013,,3.2e+04,C+,27398.147,33972.2064,3p6.4d,2D,3/2,3p6.12p,2P*,1/2,,T817LS,,
,1576.7937,0.0014,,3.7e+04,C+,27397.077,33737.3284,3p6.4d,2D,5/2,3p6.11p,2P*,3/2,,T817LS,,
,1577.0599,0.0014,,4.3e+03,C,27398.147,33737.3284,3p6.4d,2D,3/2,3p6.11p,2P*,3/2,,T817LS,,
,1577.2665,0.0014,,4.1e+04,C+,27398.147,33736.4979,3p6.4d,2D,3/2,3p6.11p,2P*,1/2,,T817LS,,
,1598.222,0.015,,2.9e+04,C+,27397.077,33652.32,3p6.4d,2D,5/2,3p6.9f,2F*,5/2,,T817,,
,1598.222,0.015,,4.3e+05,B+,27397.077,33652.32,3p6.4d,2D,5/2,3p6.9f,2F*,7/2,,T817,,
,1598.496,0.015,,4.0e+05,B+,27398.147,33652.32,3p6.4d,2D,3/2,3p6.9f,2F*,5/2,,T817,,
,1662.2439,0.0016,,5.4e+04,C+,27397.077,33411.3986,3p6.4d,2D,5/2,3p6.10p,2P*,3/2,,T817LS,,
,1662.5396,0.0016,,6.1e+03,C,27398.147,33411.3986,3p6.4d,2D,3/2,3p6.10p,2P*,3/2,,T817LS,,
,1662.8626,0.0016,,6.0e+04,C+,27398.147,33410.2306,3p6.4d,2D,3/2,3p6.10p,2P*,1/2,,T817LS,,
,1696.084,0.017,,3.850e+04,A+,27397.077,33291.40,3p6.4d,2D,5/2,3p6.8f,2F*,5/2,,T8262,,
,1696.084,0.017,,5.786e+05,A+,27397.077,33291.40,3p6.4d,2D,5/2,3p6.8f,2F*,7/2,,T8262,,
,1696.392,0.017,,5.390e+05,A+,27398.147,33291.40,3p6.4d,2D,3/2,3p6.8f,2F*,5/2,,T8262,,
,1793.9187,0.0019,,5.687e+05,AA,24701.382,30274.2487,3p6.5p,2P*,1/2,3p6.7s,2S,1/2,,T9168,,
,1799.9770,0.0019,,1.120e+06,AA,24720.139,30274.2487,3p6.5p,2P*,3/2,3p6.7s,2S,1/2,,T9168,,
,1802.9832,0.0019,,8.3e+04,C+,27397.077,32941.9262,3p6.4d,2D,5/2,3p6.9p,2P*,3/2,,T817LS,,
,1803.3312,0.0019,,9.5e+03,C+,27398.147,32941.9262,3p6.4d,2D,3/2,3p6.9p,2P*,3/2,,T817LS,,
,1803.8919,0.0019,,9.1e+04,C+,27398.147,32940.2030,3p6.4d,2D,3/2,3p6.9p,2P*,1/2,,T817LS,,
,1822.8672,0.0019,,7.24e+04,B,24701.382,30185.7476,3p6.5p,2P*,1/2,3p6.5d,2D,3/2,,T9168,,
,1829.1229,0.0019,,1.31e+04,B,24720.139,30185.7476,3p6.5p,2P*,3/2,3p6.5d,2D,3/2,,T9168,,
,1829.2915,0.0019,,7.8e+04,B+,24720.139,30185.2439,3p6.5p,2P*,3/2,3p6.5d,2D,5/2,,T9168,,
,1862.479,0.021,,5.70e+04,B+,27397.077,32764.80,3p6.4d,2D,5/2,3p6.7f,2F*,5/2,,T8262,,
,1862.479,0.021,,8.5e+05,A,27397.077,32764.80,3p6.4d,2D,5/2,3p6.7f,2F*,7/2,,T8262,,
,1862.850,0.021,,8.00e+05,A,27398.147,32764.80,3p6.4d,2D,3/2,3p6.7f,2F*,5/2,,T8262,,
obs_wl_vac(nm),ritz_wl_vac(nm),unc_ritz_wl,intens,Aki(s^-1),Acc,Ei(cm-1),Ek(cm-1),conf_i,term_i,J_i,conf_k,term_k,J_k,Type,tp_ref,line_ref,
,2069.09,0.03,,1.4e+05,B+,27397.077,32230.11,3p6.4d,2D,5/2,3p6.8p,2P*,3/2,,T817LS,,
,2069.55,0.03,,1.5e+04,C+,27398.147,32230.11,3p6.4d,2D,3/2,3p6.8p,2P*,3/2,,T817LS,,
,2070.70,0.03,,1.5e+05,C+,27398.147,32227.44,3p6.4d,2D,3/2,3p6.8p,2P*,1/2,,T817LS,,
,2194.86,0.03,,8.80e+04,B+,27397.077,31953.17,3p6.4d,2D,5/2,3p6.6f,2F*,5/2,,T8262,,
,2194.86,0.03,,1.32e+06,B+,27397.077,31953.17,3p6.4d,2D,5/2,3p6.6f,2F*,7/2,,T8262,,
,2195.38,0.03,,1.23e+06,B+,27398.147,31953.17,3p6.4d,2D,3/2,3p6.6f,2F*,5/2,,T8262,,
2707.397,2707.395,0.005,59,4.58e+06,AA,21026.551,24720.139,3p6.5s,2S,1/2,3p6.5p,2P*,3/2,,T9168,L1792,
,2719.37,0.04,,2.5e+05,B+,27397.077,31074.40,3p6.4d,2D,5/2,3p6.7p,2P*,3/2,,T817LS,,
,2720.16,0.04,,2.8e+04,C+,27398.147,31074.40,3p6.4d,2D,3/2,3p6.7p,2P*,3/2,,T817LS,,
2721.216,2721.214,0.005,36,4.53e+06,AA,21026.551,24701.382,3p6.5s,2S,1/2,3p6.5p,2P*,1/2,,T9168,L1792,
,2723.49,0.04,,2.9e+05,B+,27398.147,31069.90,3p6.4d,2D,3/2,3p6.7p,2P*,1/2,,T817LS,,
,3115.60,0.06,,1.33e+05,C+,27397.077,30606.73,3p6.4d,2D,5/2,3p6.5f,2F*,5/2,,T8262,,
,3115.60,0.06,,1.99e+06,C+,27397.077,30606.73,3p6.4d,2D,5/2,3p6.5f,2F*,7/2,,T8262,,
,3116.64,0.06,,1.86e+06,C+,27398.147,30606.73,3p6.4d,2D,3/2,3p6.5f,2F*,5/2,,T8262,,
3139.263,3139.265,0.007,33,1.50e+06,A,21534.680,24720.139,3p6.3d,2D,5/2,3p6.5p,2P*,3/2,,T9168,L1792,
3141.539,3141.541,0.007,7,1.66e+05,B+,21536.988,24720.139,3p6.3d,2D,3/2,3p6.5p,2P*,3/2,,T9168,L1792,
3160.161,3160.163,0.007,22,1.65e+06,A,21536.988,24701.382,3p6.3d,2D,3/2,3p6.5p,2P*,1/2,,T9168,L1792,
3637.278,3637.252,0.008,4,1.627e+06,AA,24701.382,27450.7104,3p6.5p,2P*,1/2,3p6.6s,2S,1/2,,T9168,L1792,
3662.260,3662.237,0.008,7,4.955e+06,AAA,24720.139,27450.7104,3p6.5p,2P*,3/2,3p6.6s,2S,1/2,,T9168,L1792,
3708.147,3708.147,0.010,3,2.885e+06,AA,24701.382,27398.147,3p6.5p,2P*,1/2,3p6.4d,2D,3/2,,T9168,L1792,
3734.119,3734.119,0.010,1,5.68e+05,AA,24720.139,27398.147,3p6.5p,2P*,3/2,3p6.4d,2D,3/2,,T9168,L1792,
3735.611,3735.611,0.010,5,3.406e+06,AA,24720.139,27397.077,3p6.5p,2P*,3/2,3p6.4d,2D,5/2,,T9168,L1792,
4016.932,4016.94,0.08,*,,,28127.85,30617.31,3p6.4f,2F*,5/2,3p6.5g,2G,7/2,,,L873,
4016.932,4016.94,0.08,*,,,28127.85,30617.31,3p6.4f,2F*,7/2,3p6.5g,2G,9/2,,,L873,
,6208.74,0.19,,7.8e+05,B+,27397.077,29007.71,3p6.4d,2D,5/2,3p6.6p,2P*,3/2,,T817LS,,
,6212.87,0.19,,8.7e+04,B+,27398.147,29007.71,3p6.4d,2D,3/2,3p6.6p,2P*,3/2,,T817LS,,
,6245.62,0.20,,8.3e+05,B+,27398.147,28999.27,3p6.4d,2D,3/2,3p6.6p,2P*,1/2,,T817LS,,
,13684.1,0.9,,5.9e+03,B+,27397.077,28127.85,3p6.4d,2D,5/2,3p6.4f,2F*,5/2,,T817,,
,13684.1,0.9,,8.9e+04,B+,27397.077,28127.85,3p6.4d,2D,5/2,3p6.4f,2F*,7/2,,T817,,
,13704.2,0.9,,8.3e+04,B+,27398.147,28127.85,3p6.4d,2D,3/2,3p6.4f,2F*,5/2,,T817,,
