Configuration,Term,J,Prefix,Level (cm-1),Suffix,Uncertainty (cm-1),Lande,Reference
3s2.3p5,2P*,3/2,,0.0000,,0.0008,,L15349
3s2.3p5,2P*,1/2,,1431.5831,,0.0008,,L15349
3s.3p6,2S,1/2,,108721.537,,0.012,,L15349
3s2.3p4.(3P).3d,4D,7/2,,132327.3616,,0.0004,,L15349
3s2.3p4.(3P).3d,4D,5/2,,132481.2068,,0.0004,,L15349
3s2.3p4.(3P).3d,4D,3/2,,132630.7277,,0.0004,,L15349
3s2.3p4.(3P).3d,4D,1/2,,132737.7039,,0.0006,,L15349
3s2.3p4.(3P).4s,4P,5/2,,134241.7389,,0.0003,1.598,L15349
3s2.3p4.(3P).4s,4P,3/2,,135085.9958,,,1.722,L15349
3s2.3p4.(3P).4s,4P,1/2,,135601.7336,,0.0003,2.650,L15349
3s2.3p4.(3P).4s,2P,3/2,,138243.6444,,0.0002,1.334,L15349
3s2.3p4.(3P).4s,2P,1/2,,139258.3389,,0.0002,0.676,L15349
3s2.3p4.(3P).3d,4F,9/2,,142186.3153,,0.0003,,L15349
3s2.3p4.(3P).3d,4F,7/2,,142717.0965,,0.0003,,L15349
3s2.3p4.(3P).3d,4F,5/2,,143107.6801,,0.0003,,L15349
3s2.3p4.(3P).3d,4F,3/2,,143371.4364,,0.0005,,L15349
3s2.3p4.(3P).3d,2P,1/2,,144709.9818,,0.0003,,L15349
3s2.3p4.(3P).3d,2P,3/2,,145668.8845,,0.0003,,L15349
3s2.3p4.(3P).3d,4P,1/2,,147228.0521,,0.0008,,L15349
3s2.3p4.(3P).3d,4P,3/2,,147503.1134,,0.0005,,L15349
3s2.3p4.(3P).3d,4P,5/2,,147875.9477,,0.0004,,L15349
3s2.3p4.(1D).4s,2D,3/2,,148620.1414,,0.0002,0.803,L15349
3s2.3p4.(1D).4s,2D,5/2,,148842.4674,,0.0002,1.202,L15349
3s2.3p4.(3P).3d,2F,7/2,,149179.2444,,0.0002,,L15349
3s2.3p4.(3P).3d,2F,5/2,,150147.7021,,0.0002,,L15349
3s2.3p4.(3P).3d,2D,3/2,,150474.9903,,0.0002,,L15349
3s2.3p4.(3P).3d,2D,5/2,,151087.3128,,0.0002,,L15349
3s2.3p4.(1D).3d,2G,9/2,,154181.4942,,0.0003,,L15349
3s2.3p4.(1D).3d,2G,7/2,,154204.0240,,0.0003,,L15349
3s2.3p4.(3P).4p,4P*,5/2,,155043.1619,,0.0002,1.599,L15349
3s2.3p4.(3P).4p,4P*,3/2,,155351.1206,,0.0002,1.720,L15349
3s2.3p4.(3P).4p,4P*,1/2,,155708.1075,,0.0003,2.638,L15349
3s2.3p4.(3P).4p,4D*,7/2,,157234.0196,,0.0003,1.427,L15349
3s2.3p4.(3P).4p,4D*,5/2,,157673.4134,,0.0002,1.334,L15349
3s2.3p4.(3P).4p,4D*,3/2,,158167.7999,,0.0003,1.199,L15349
3s2.3p4.(3P).4p,4D*,1/2,,158428.1087,,0.0004,0.000,L15349
3s2.3p4.(3P).4p,2D*,5/2,,158730.2995,,0.0002,1.241,L15349
3s2.3p4.(3P).4p,2D*,3/2,,159393.3850,,0.0002,0.918,L15349
3s2.3p4.(3P).4p,2P*,1/2,,159706.5337,,0.0002,0.983,L15349
3s2.3p4.(3P).4p,2P*,3/2,,160239.4280,,0.0002,1.244,L15349
3s2.3p4.(3P).4p,4S*,3/2,,161048.7411,,0.0003,1.987,L15349
3s2.3p4.(3P).4p,2S*,1/2,,161089.3846,,0.0002,1.695,L15349
3s2.3p4.(1D).3d,2F,5/2,,163299.5616,,0.0004,,L15349
3s2.3p4.(1D).3d,2F,7/2,,163506.5368,,0.0002,,L15349
3s2.3p4.(1S).4s,2S,1/2,,167307.9822,,0.0004,1.993,L15349
3s2.3p4.(1D).4p,2F*,5/2,,170401.0170,,0.0002,0.857,L15349
3s2.3p4.(1D).4p,2F*,7/2,,170530.4040,,0.0002,1.140,L15349
3s2.3p4.(1D).4p,2P*,3/2,,172213.8798,,0.0002,1.332,L15349
3s2.3p4.(1D).4p,2P*,1/2,,172816.2926,,0.0004,0.677,L15349
3s2.3p4.(1D).3d,2D,5/2,,172335.5985,,0.0009,,L15349
3s2.3p4.(1D).3d,2D,3/2,,172829.6539,,0.0015,,L15349
3s2.3p4.(1D).4p,2D*,3/2,,173347.9158,,0.0002,0.804,L15349
3s2.3p4.(1D).4p,2D*,5/2,,173393.4658,,0.0002,1.202,L15349
3s2.3p4.(1D).3d,2P,3/2,,174409.8916,,0.0015,,L15349
3s2.3p4.(1D).3d,2P,1/2,,174821.0098,,0.0018,,L15349
3s2.3p4.(1S).3d,2D,5/2,,179592.2248,,0.0008,,L15349
3s2.3p4.(1S).3d,2D,3/2,,179931.8393,,0.0012,,L15349
3s2.3p4.(3P).5s,4P,5/2,,181594.1404,,0.0002,1.603,L15349
3s2.3p4.(3P).5s,4P,3/2,,182222.1209,,0.0002,1.609,L15349
3s2.3p4.(3P).5s,4P,1/2,,182951.2609,,0.0002,2.550,L15349
3s2.3p4.(3P).5s,2P,3/2,,183090.8927,,0.0001,1.445,L15349
3s2.3p4.(3P).5s,2P,1/2,,183914.6440,,0.0002,0.816,L15349
3s2.3p4.(3P).4d,4D,7/2,,183675.6614,,0.0003,1.427,L15349
3s2.3p4.(3P).4d,4D,5/2,,183797.4473,,0.0003,1.370,L15349
3s2.3p4.(3P).4d,4D,3/2,,183986.0137,,0.0003,1.198,L15349
3s2.3p4.(3P).4d,4D,1/2,,184191.7917,,0.0006,0.380,L15349
3s2.3p4.(1D).3d,2S,1/2,,184093.1337,,0.0005,,L15349
3s2.3p4.(3P).4d,4F,9/2,,185093.3298,,0.0005,1.330,L15349
3s2.3p4.(3P).4d,4F,7/2,,185624.8282,,0.0003,1.217,L15349
3s2.3p4.(3P).4d,4F,5/2,,186074.4375,,0.0002,1.045,L15349
3s2.3p4.(3P).4d,4F,3/2,,186340.5616,,0.0002,0.612,L15349
3s2.3p4.(3P).4d,4P,1/2,,186171.3330,,0.0004,2.600,L15349
3s2.3p4.(3P).4d,4P,3/2,,186470.3603,,0.0003,1.494,L15349
3s2.3p4.(3P).4d,4P,5/2,,186891.0393,,0.0003,1.588,L15349
3s2.3p4.(3P).4d,2F,7/2,,186816.0496,,0.0002,1.167,L15349
3s2.3p4.(3P).4d,2F,5/2,,187589.3383,,0.0002,0.861,L15349
3s2.3p4.(3P).5p,4P*,5/2,,188766.2129,,0.0002,,L15349
3s2.3p4.(3P).5p,4P*,3/2,,189040.9351,,0.0002,,L15349
3s2.3p4.(3P).5p,4P*,1/2,,189437.7396,,0.0003,,L15349
3s2.3p4.(3P).5p,4D*,7/2,,189415.0280,,0.0002,,L15349
3s2.3p4.(3P).5p,4D*,5/2,,189654.8487,,0.0002,,L15349
3s2.3p4.(3P).5p,4D*,3/2,,190106.3000,,0.0002,,L15349
3s2.3p4.(3P).5p,4D*,1/2,,190733.0156,,0.0004,,L15349
3s2.3p4.(3P).4d,2P,1/2,,189934.6322,,0.0007,0.667,L15349
3s2.3p4.(3P).4d,2P,3/2,,190592.2306,,0.0007,1.322,L15349
3s2.3p4.(3P).5p,2P*,1/2,,190196.2066,,0.0005,,L15349
3s2.3p4.(3P).5p,2P*,3/2,,190507.4128,,0.0002,,L15349
3s2.3p4.(3P).5p,2D*,5/2,,190511.2674,,0.0002,,L15349
3s2.3p4.(3P).5p,2D*,3/2,,191012.4246,,0.0002,,L15349
3s2.3p4.(3P).5p,2S*,1/2,,190942.7220,,0.0003,,L15349
3s2.3p4.(3P).5p,4S*,3/2,,191169.5946,,0.0002,,L15349
3s2.3p4.(1S).4p,2P*,3/2,,191974.5800,,0.0005,1.332,L15349
3s2.3p4.(1S).4p,2P*,1/2,,192333.4986,,0.0004,0.760,L15349
3s2.3p4.(3P).4d,2D,5/2,,192556.9179,,0.0006,1.198,L15349
3s2.3p4.(3P).4d,2D,3/2,,192712.058,,0.002,0.833,L15349
3s2.3p4.(3P<2>).4f,2[4]*,9/2,,194800.2662,,0.0003,,L15349
3s2.3p4.(3P<2>).4f,2[4]*,7/2,,194822.1833,,0.0006,,L15349
3s2.3p4.(3P<2>).4f,2[3]*,5/2,,194861.3529,,0.0005,,L15349
3s2.3p4.(3P<2>).4f,2[3]*,7/2,,194883.0921,,0.0003,,L15349
3s2.3p4.(3P<2>).4f,2[2]*,3/2,,194996.5613,,0.0007,,L15349
3s2.3p4.(3P<2>).4f,2[2]*,5/2,,195031.2028,,0.0010,,L15349
3s2.3p4.(3P<2>).4f,2[5]*,11/2,,195123.6464,,0.0003,,L15349
3s2.3p4.(3P<2>).4f,2[5]*,9/2,,195128.3735,,0.0005,,L15349
3s2.3p4.(3P<2>).4f,2[1]*,1/2,,195281.4505,,0.0011,,L15349
3s2.3p4.(3P<2>).4f,2[1]*,3/2,,195297.6798,,0.0006,,L15349
3s2.3p4.(1D).5s,2D,5/2,,195864.7296,,0.0002,,L15349
3s2.3p4.(1D).5s,2D,3/2,,195866.8503,,0.0004,,L15349
3s2.3p4.(3P<1>).4f,2[2]*,3/2,,196076.4715,,0.0009,,L15349
3s2.3p4.(3P<1>).4f,2[2]*,5/2,,196089.9385,,0.0005,,L15349
3s2.3p4.(3P<1>).4f,2[4]*,9/2,,196103.4029,,0.0002,,L15349
3s2.3p4.(3P<1>).4f,2[4]*,7/2,,196119.1021,,0.0003,,L15349
3s2.3p4.(3P<1>).4f,2[3]*,7/2,,196305.1289,,0.0006,,L15349
3s2.3p4.(3P<1>).4f,2[3]*,5/2,,196315.5916,,0.0004,,L15349
3s2.3p4.(3P<0>).4f,2[3]*,7/2,,196621.9658,,0.0004,,L15349
3s2.3p4.(3P<0>).4f,2[3]*,5/2,,196633.1005,,0.0008,,L15349
3s2.3p4.(1D).4d,2G,7/2,,198594.9984,,0.0004,,L15349
3s2.3p4.(1D).4d,2G,9/2,,198604.1476,,0.0004,,L15349
3s2.3p4.(3P).6s,4P,5/2,,198812.6100,,0.0002,,L15349
3s2.3p4.(3P).6s,4P,3/2,,199138.5106,,0.0002,,L15349
3s2.3p4.(3P).6s,4P,1/2,,200110.4236,,0.0002,,L15349
3s2.3p4.(1D).4d,2P,1/2,,199446.6269,,0.0006,0.670,L15349
3s2.3p4.(1D).4d,2P,3/2,,199525.2465,,0.0003,,L15349
3s2.3p4.(1D).4d,2D,5/2,,199679.8440,,0.0003,1.196,L15349
3s2.3p4.(1D).4d,2D,3/2,,199982.0244,,0.0003,,L15349
3s2.3p4.(3P).5d,4D,7/2,,199879.3828,,0.0002,,L15349
3s2.3p4.(3P).5d,4D,5/2,,199959.6798,,0.0002,,L15349
3s2.3p4.(3P).5d,4D,3/2,,200151.7014,,0.0003,,L15349
3s2.3p4.(3P).5d,4D,1/2,,200406.4358,,0.0004,,L15349
3s2.3p4.(3P).6s,2P,3/2,,200032.2867,,0.0002,,L15349
3s2.3p4.(3P).6s,2P,1/2,,200623.7672,,0.0003,,L15349
3s2.3p4.(1D).4d,2F,7/2,,200138.9307,,0.0002,,L15349
3s2.3p4.(1D).4d,2F,5/2,,200234.9579,,0.0003,0.862,L15349
3s2.3p4.(3P).5d,4F,9/2,,200393.1067,,0.0002,,L15349
3s2.3p4.(3P).5d,4F,7/2,,200880.5857,,0.0003,,L15349
3s2.3p4.(3P).5d,4F,5/2,,201351.6169,,0.0003,,L15349
3s2.3p4.(3P).5d,4F,3/2,,201720.7331,,0.0003,,L15349
3s2.3p4.(3P).5d,4P,1/2,,201030.3698,,0.0007,,L15349
3s2.3p4.(3P).5d,4P,3/2,,201345.2925,,0.0003,,L15349
3s2.3p4.(3P).5d,4P,5/2,,201781.8583,,0.0002,,L15349
3s2.3p4.(3P).5d,2F,7/2,,201608.9017,,0.0002,,L15349
3s2.3p4.(3P).5d,2F,5/2,,202155.9425,,0.0002,,L15349
3s2.3p4.(3P).6p,4P*,5/2,,202149.1571,,0.0002,,L15349
3s2.3p4.(3P).6p,4P*,3/2,,202253.6552,,0.0002,,L15349
3s2.3p4.(3P).6p,4P*,1/2,,202420.5754,,0.0003,,L15349
3s2.3p4.(3P).6p,4D*,7/2,,202429.8993,,0.0002,,L15349
3s2.3p4.(3P).6p,4D*,3/2,,202467.1718,,0.0002,,L15349
3s2.3p4.(3P).6p,4D*,5/2,,202544.4050,,0.0003,,L15349
3s2.3p4.(1D).5p,2P*,3/2,,203007.8061,,0.0002,,L15349
3s2.3p4.(1D).5p,2P*,1/2,,203594.3546,,0.0003,,L15349
3s2.3p4.(1D).5p,2F*,5/2,,203151.2627,,0.0004,,L15349
3s2.3p4.(1D).5p,2F*,7/2,,203197.5711,,0.0002,,L15349
3s2.3p4.(3P).6p,2D*,3/2,,203345.0332,,0.0002,,L15349
3s2.3p4.(3P).6p,2D*,5/2,,203501.8810,,0.0002,,L15349
3s2.3p4.(3P).6p,2P*,3/2,,203730.9181,,0.0002,,L15349
3s2.3p4.(3P).6p,2P*,1/2,,203786.7024,,0.0006,,L15349
3s2.3p4.(3P).6p,4S*,3/2,,203918.1752,,0.0002,,L15349
3s2.3p4.(1D).5p,2D*,3/2,,204113.7598,,0.0003,,L15349
3s2.3p4.(1D).5p,2D*,5/2,,204134.0653,,0.0005,,L15349
3s2.3p4.(3P).5d,2D,3/2,,204417.2985,,0.0020,,L15349
3s2.3p4.(3P).5d,2D,5/2,,204585.664,,0.012,,L15349
3s2.3p4.(3P).5d,2P,1/2,,204515.050,,0.002,,L15349
3s2.3p4.(3P).5d,2P,3/2,,205221.512,,0.002,,L15349
3s2.3p4.(3P).6p,2S*,1/2,,204929.4477,,0.0004,,L15349
3s2.3p4.(3P<2>).5f,2[4]*,9/2,,204937.8473,,0.0003,,L15349
3s2.3p4.(3P<2>).5f,2[4]*,7/2,,204951.1273,,0.0003,,L15349
3s2.3p4.(3P<2>).5f,2[3]*,5/2,,204977.6464,,0.0003,,L15349
3s2.3p4.(3P<2>).5f,2[3]*,7/2,,204996.1739,,0.0003,,L15349
3s2.3p4.(3P<2>).5f,2[2]*,3/2,,205056.3109,,0.0005,,L15349
3s2.3p4.(3P<2>).5f,2[2]*,5/2,,205079.1331,,0.0006,,L15349
3s2.3p4.(3P<2>).5f,2[5]*,11/2,,205100.5847,,0.0005,,L15349
3s2.3p4.(3P<2>).5f,2[5]*,9/2,,205104.4297,,0.0003,,L15349
3s2.3p4.(3P<2>).5f,2[1]*,1/2,,205180.4124,,0.0010,,L15349
3s2.3p4.(3P<2>).5f,2[1]*,3/2,,205194.0978,,0.0008,,L15349
3s2.3p4.(3P<2>).5g,2[5],11/2,,205211.9886,,0.0005,,L15349
3s2.3p4.(3P<2>).5g,2[5],9/2,,205212.1106,,0.0008,,L15349
3s2.3p4.(3P<2>).5g,2[4],7/2,,205214.7991,,0.0009,,L15349
3s2.3p4.(3P<2>).5g,2[4],9/2,,205214.8014,,0.0006,,L15349
3s2.3p4.(1D).4d,2S,1/2,,205243.0497,,0.0014,2.004,L15349
3s2.3p4.(3P<2>).5g,2[3],5/2,,205250.0179,,0.0007,,L15349
3s2.3p4.(3P<2>).5g,2[3],7/2,,205250.1293,,0.0015,,L15349
3s2.3p4.(3P<2>).5g,2[6],11/2,,205273.6921,,0.0004,,L15349
3s2.3p4.(3P<2>).5g,2[6],13/2,,205273.7060,,0.0003,,L15349
3s2.3p4.(3P<2>).5g,2[2],3/2,,205300.9264,,0.0013,,L15349
3s2.3p4.(3P<2>).5g,2[2],5/2,,205301.0773,,0.0012,,L15349
3s2.3p4.(3P<1>).5f,2[2]*,3/2,,206103.4749,,0.0007,,L15349
3s2.3p4.(3P<1>).5f,2[2]*,5/2,,206120.3769,,0.0003,,L15349
3s2.3p4.(3P<1>).5f,2[4]*,9/2,,206132.7924,,0.0003,,L15349
3s2.3p4.(3P<1>).5f,2[4]*,7/2,,206149.0242,,0.0003,,L15349
3s2.3p4.(3P<1>).5f,2[3]*,7/2,,206245.6390,,0.0003,,L15349
3s2.3p4.(3P<1>).5f,2[3]*,5/2,,206255.2684,,0.0004,,L15349
3s2.3p4.(3P<1>).5g,2[3],5/2,,206336.9566,,0.0011,,L15349
3s2.3p4.(3P<1>).5g,2[3],7/2,,206337.0822,,0.0005,,L15349
3s2.3p4.(3P<1>).5g,2[5],11/2,,206347.9267,,0.0003,,L15349
3s2.3p4.(3P<1>).5g,2[5],9/2,,206347.9756,,0.0004,,L15349
3s2.3p4.(3P<1>).5g,2[4],9/2,,206397.3699,,0.0006,,L15349
3s2.3p4.(3P<1>).5g,2[4],7/2,,206397.3813,,0.0006,,L15349
3s2.3p4.(3P<0>).5f,2[3]*,7/2,,206623.9138,,0.0005,,L15349
3s2.3p4.(3P<0>).5f,2[3]*,5/2,,206631.7185,,0.0004,,L15349
3s2.3p4.(3P<0>).5g,2[4],7/2,,206819.407,,0.004,,L15349
3s2.3p4.(3P<0>).5g,2[4],9/2,,206819.4106,,0.0004,,L15349
3s2.3p4.(3P).7s,4P,5/2,,207095.2846,,0.0003,,L15349
3s2.3p4.(3P).7s,4P,3/2,,207277.3869,,0.0003,,L15349
3s2.3p4.(3P).7s,4P,1/2,,208329.1101,,0.0007,,L15349
3s2.3p4.(3P).6d,4D,7/2,,207694.4965,,0.0004,,L15349
3s2.3p4.(3P).6d,4D,5/2,,207746.4757,,0.0012,,L15349
3s2.3p4.(3P).6d,4D,3/2,,208011.8628,,0.0014,,L15349
3s2.3p4.(3P).6d,4F,9/2,,207936.9137,,0.0007,,L15349
3s2.3p4.(3P).6d,4F,7/2,,208143.0731,,0.0005,,L15349
3s2.3p4.(3P).6d,4F,5/2,,208673.3904,,0.0009,,L15349
3s2.3p4.(3P).6d,4F,3/2,,209268.3541,,0.0007,,L15349
3s2.3p4.(3P).7s,2P,3/2,,208249.7978,,0.0003,,L15349
3s2.3p4.(3P).7s,2P,1/2,,208765.8367,,0.0006,,L15349
3s2.3p4.(3P).6d,4P,1/2,,208481.7065,,0.0014,,L15349
3s2.3p4.(3P).6d,4P,3/2,,208695.1309,,0.0008,,L15349
3s2.3p4.(3P).6d,4P,5/2,,209198.6869,,0.0008,,L15349
3s2.3p4.(1D<2>).4f,2[1]*,1/2,,208591.8039,,0.0010,,L15349
3s2.3p4.(1D<2>).4f,2[1]*,3/2,,208592.2016,,0.0006,,L15349
3s2.3p4.(1D<2>).4f,2[5]*,11/2,,208803.3311,,0.0006,,L15349
3s2.3p4.(1D<2>).4f,2[5]*,9/2,,208803.3348,,0.0008,,L15349
3s2.3p4.(3P<2>).7p,2[2]*,5/2,,208914.333,,0.008,,L15349
3s2.3p4.(1D<2>).4f,2[2]*,5/2,,208921.2645,,0.0015,,L15349
3s2.3p4.(1D<2>).4f,2[2]*,3/2,,208923.4846,,0.0015,,L15349
3s2.3p4.(3P).6d,2F,7/2,,209015.7090,,0.0003,,L15349
3s2.3p4.(3P).6d,2F,5/2,,209377.2099,,0.0008,,L15349
3s2.3p4.(1D<2>).4f,2[3]*,7/2,,209248.6316,,0.0009,,L15349
3s2.3p4.(1D<2>).4f,2[3]*,5/2,,209251.5031,,0.0013,,L15349
3s2.3p4.(1D<2>).4f,2[4]*,7/2,,209337.9564,,0.0006,,L15349
3s2.3p4.(1D<2>).4f,2[4]*,9/2,,209338.2903,,0.0006,,L15349
3s2.3p4.(3P).7p,1*,5/2,,209397.76,,0.03,,L15349
3s2.3p4.(3P).7p,1*,3/2,,209397.84,,0.07,,L15349
3s2.3p4.(3P).6d,2D,3/2,,209413.5184,,0.0011,,L15349
3s2.3p4.(3P).6d,2D,5/2,,210125.7255,,0.0018,,L15349
3s2.3p4.(3P).6d,2P,3/2,,209597.4982,,0.0017,,L15349
3s2.3p4.(3P<2>).6f,2[4]*,9/2,,210438.859,,0.014,,L15349
3s2.3p4.(3P<2>).6f,2[4]*,7/2,,210447.1140,,0.0020,,L15349
3s2.3p4.(3P<2>).6f,2[3]*,5/2,,210464.709,,0.004,,L15349
3s2.3p4.(3P<2>).6f,2[3]*,7/2,,210477.822,,0.004,,L15349
3s2.3p4.(3P<2>).6f,2[2]*,3/2,,210513.03,,0.02,,L15349
3s2.3p4.(3P<2>).6f,2[2]*,5/2,,210527.119,,0.014,,L15349
3s2.3p4.(3P<2>).6f,2[5]*,11/2,,210531.77,,0.14,,L15349
3s2.3p4.(3P<2>).6f,2[5]*,9/2,,210534.939,,0.007,,L15349
3s2.3p4.(3P<2>).6f,2[1]*,3/2,,210584.91,,0.03,,L15349
3s2.3p4.(3P<2>).6g,2[5],11/2,,210607.6278,,0.0013,,L15349
3s2.3p4.(3P<2>).6g,2[5],9/2,,210607.7571,,0.0014,,L15349
3s2.3p4.(3P<2>).6g,2[4],9/2,,210609.378,,0.003,,L15349
3s2.3p4.(3P<2>).6g,2[4],7/2,,210609.4258,,0.0007,,L15349
3s2.3p4.(3P<2>).6g,2[3],5/2,,210630.117,,0.002,,L15349
3s2.3p4.(3P<2>).6g,2[3],7/2,,210630.181,,0.004,,L15349
3s2.3p4.(3P<2>).6h,2[5]*,9/2,,210636.7387,,0.0010,,L15349
3s2.3p4.(3P<2>).6h,2[5]*,11/2,,210636.7414,,0.0007,,L15349
3s2.3p4.(3P<2>).6h,2[6]*,11/2,,210637.211,,0.009,,L15349
3s2.3p4.(3P<2>).6h,2[6]*,13/2,,210637.2198,,0.0010,,L15349
3s2.3p4.(3P<2>).6g,2[6],13/2,,210642.4469,,0.0004,,L15349
3s2.3p4.(3P<2>).6g,2[6],11/2,,210642.7273,,0.0008,,L15349
3s2.3p4.(3P<2>).6h,2[4]*,7/2,,210646.9667,,0.0011,,L15349
3s2.3p4.(3P<2>).6h,2[4]*,9/2,,210646.9752,,0.0015,,L15349
3s2.3p4.(3P<2>).6h,2[7]*,13/2,,210655.8214,,0.0004,,L15349
3s2.3p4.(3P<2>).6h,2[7]*,15/2,,210655.8353,,0.0004,,L15349
3s2.3p4.(3P<2>).6g,2[2],3/2,,210658.602,,0.004,,L15349
3s2.3p4.(3P<2>).6g,2[2],5/2,,210658.7338,,0.0016,,L15349
3s2.3p4.(3P<2>).6h,2[3]*,5/2,,210662.605,,0.002,,L15349
3s2.3p4.(3P<2>).6h,2[3]*,7/2,,210662.6177,,0.0015,,L15349
3s2.3p4.(3P<1>).6f,2[2]*,3/2,,211572.2917,,0.0012,,L15349
3s2.3p4.(3P<1>).6f,2[2]*,5/2,,211586.1480,,0.0019,,L15349
3s2.3p4.(3P<1>).6f,2[4]*,9/2,,211593.5615,,0.0004,,L15349
3s2.3p4.(3P<1>).6f,2[4]*,7/2,,211606.5420,,0.0017,,L15349
3s2.3p4.(3P<1>).6f,2[3]*,7/2,,211662.06,,0.05,,L15349
3s2.3p4.(3P<1>).6f,2[3]*,5/2,,211669.17,,0.02,,L15349
3s2.3p4.(3P<1>).6g,2[3],5/2,,211725.660,,0.002,,L15349
3s2.3p4.(3P<1>).6g,2[3],7/2,,211725.7661,,0.0013,,L15349
3s2.3p4.(3P<1>).6g,2[5],11/2,,211732.3605,,0.0011,,L15349
3s2.3p4.(3P<1>).6g,2[5],9/2,,211732.4320,,0.0010,,L15349
3s2.3p4.(3P<1>).6h,2[4]*,7/2,,211751.9642,,0.0012,,L15349
3s2.3p4.(3P<1>).6h,2[4]*,9/2,,211751.9752,,0.0008,,L15349
3s2.3p4.(3P<1>).6h,2[6]*,11/2,,211754.9832,,0.0007,,L15349
3s2.3p4.(3P<1>).6h,2[6]*,13/2,,211754.9991,,0.0005,,L15349
3s2.3p4.(3P<1>).6g,2[4],9/2,,211761.469,,0.002,,L15349
3s2.3p4.(3P<1>).6g,2[4],7/2,,211761.470,,0.002,,L15349
3s2.3p4.(3P<1>).6h,2[5]*,11/2,,211770.9564,,0.0007,,L15349
3s2.3p4.(3P<1>).6h,2[5]*,9/2,,211770.9679,,0.0007,,L15349
3s2.3p4.(3P<0>).6f,2[3]*,7/2,,212071.3657,,0.0011,,L15349
3s2.3p4.(3P<0>).6f,2[3]*,5/2,,212077.0827,,0.0020,,L15349
3s2.3p4.(3P).7d,4D,7/2,,212089.487,,0.002,,L15349
3s2.3p4.(3P<0>).6g,2[4],9/2,,212197.9340,,0.0015,,L15349
3s2.3p4.(3P<0>).6g,2[4],7/2,,212198.0935,,0.0020,,L15349
3s2.3p4.(3P<0>).6h,2[5]*,11/2,,212217.4944,,0.0007,,L15349
3s2.3p4.(3P<0>).6h,2[5]*,9/2,,212217.5053,,0.0005,,L15349
3s2.3p4.(3P).7d,4F,9/2,,212224.389,,0.010,,L15349
3s2.3p4.(3P).7d,4F,7/2,,212342.380,,0.003,,L15349
3s2.3p4.(1D).6s,2D,3/2,,212932.3602,,0.0005,,L15349
3s2.3p4.(1D).6s,2D,5/2,,212933.6439,,0.0004,,L15349
3s2.3p4.(3P).7d,2F,7/2,,213299.665,,0.002,,L15349
3s2.3p4.(3P<2>).7f,2[4]*,9/2,,213749.18,,0.05,,L15349
3s2.3p4.(3P<2>).7f,2[4]*,7/2,,213754.75,,0.10,,L15349
3s2.3p4.(3P<2>).7f,2[5]*,11/2,,213807.62,,0.05,,L15349
3s2.3p4.(3P<2>).7f,2[5]*,9/2,,213809.49,,0.04,,L15349
3s2.3p4.(3P<2>).7g,2[5],11/2,,213859.364,,0.006,,L15349
3s2.3p4.(3P<2>).7g,2[5],9/2,,213859.416,,0.004,,L15349
3s2.3p4.(3P<2>).7g,2[4],9/2,,213860.492,,0.003,,L15349
3s2.3p4.(3P<2>).7g,2[4],7/2,,213860.614,,0.003,,L15349
3s2.3p4.(3P<2>).7g,2[3],7/2,,213873.677,,0.012,,L15349
3s2.3p4.(3P<2>).7g,2[3],5/2,,213873.80,,0.02,,L15349
3s2.3p4.(3P<2>).7h,2[5]*,11/2,,213878.149,,0.004,,L15349
3s2.3p4.(3P<2>).7h,2[5]*,9/2,,213878.197,,0.002,,L15349
3s2.3p4.(3P<2>).7h,2[6]*,11/2,,213878.438,,0.006,,L15349
3s2.3p4.(3P<2>).7h,2[6]*,13/2,,213878.449,,0.004,,L15349
3s2.3p4.(3P<2>).7g,2[6],13/2,,213881.214,,0.004,,L15349
3s2.3p4.(3P<2>).7g,2[6],11/2,,213881.217,,0.006,,L15349
3s2.3p4.(3P<2>).7i,2[6],11/2,,213884.353,,0.007,,L15349
3s2.3p4.(3P<2>).7i,2[6],13/2,,213884.356,,0.006,,L15349
3s2.3p4.(3P<2>).7h,2[4]*,7/2,,213884.608,,0.009,,L15349
3s2.3p4.(3P<2>).7h,2[4]*,9/2,,213884.621,,0.009,,L15349
3s2.3p4.(3P<2>).7i,2[7],13/2,,213884.837,,0.008,,L15349
3s2.3p4.(3P<2>).7i,2[7],15/2,,213884.8430,,0.0010,,L15349
3s2.3p4.(3P<2>).7i,2[5],9/2,,213887.9656,,0.0014,,L15349
3s2.3p4.(3P<2>).7i,2[5],11/2,,213887.9736,,0.0015,,L15349
3s2.3p4.(3P<2>).7h,2[7]*,15/2,,213890.067,,0.010,,L15349
3s2.3p4.(3P<2>).7h,2[7]*,13/2,,213890.067,,0.003,,L15349
3s2.3p4.(3P<2>).7g,2[2],3/2,,213891.30,,0.03,,L15349
3s2.3p4.(3P<2>).7g,2[2],5/2,,213891.504,,0.003,,L15349
3s2.3p4.(3P<2>).7i,2[8],15/2,,213891.8093,,0.0008,,L15349
3s2.3p4.(3P<2>).7i,2[8],17/2,,213891.8233,,0.0007,,L15349
3s2.3p4.(3P<2>).7i,2[4],7/2,,213893.900,,0.004,,L15349
3s2.3p4.(3P<2>).7i,2[4],9/2,,213893.914,,0.004,,L15349
3s2.3p4.(3P<2>).7h,2[3]*,7/2,,213894.433,,0.012,,L15349
3s2.3p4.(3P<2>).7h,2[3]*,5/2,,213894.433,,0.015,,L15349
3s2.3p4.(1D).5d,2G,7/2,,214184.8519,,0.0006,,L15349
3s2.3p4.(1D).5d,2G,9/2,,214189.4823,,0.0003,,L15349
3s2.3p4.(1D).5d,2D,5/2,,214667.52,,0.02,,L15349
3s2.3p4.(3P).8d,4D,7/2,,214812.44,,0.03,,L15349
3s2.3p4.(1D).5d,2F,7/2,,214832.2625,,0.0015,,L15349
3s2.3p4.(1D).5d,2F,5/2,,214911.3656,,0.0011,,L15349
3s2.3p4.(3P<1>).7f,2[4]*,9/2,,214885.64,,0.05,,L15349
3s2.3p4.(3P<1>).7f,2[4]*,7/2,,214895.52,,0.09,,L15349
3s2.3p4.(3P).8d,4F,9/2,,214894.90,,0.04,,L15349
3s2.3p4.(3P<1>).7g,2[3],5/2,,214974.607,,0.005,,L15349
3s2.3p4.(3P<1>).7g,2[3],7/2,,214974.651,,0.006,,L15349
3s2.3p4.(3P<1>).7g,2[5],11/2,,214978.941,,0.005,,L15349
3s2.3p4.(3P<1>).7g,2[5],9/2,,214979.020,,0.003,,L15349
3s2.3p4.(3P<1>).7h,2[4]*,7/2,,214992.067,,0.007,,L15349
3s2.3p4.(3P<1>).7h,2[4]*,9/2,,214992.067,,0.005,,L15349
3s2.3p4.(3P<1>).7h,2[6]*,11/2,,214994.001,,0.004,,L15349
3s2.3p4.(3P<1>).7h,2[6]*,13/2,,214994.011,,0.003,,L15349
3s2.3p4.(3P<1>).7g,2[4],7/2,,214996.98,,0.04,,L15349
3s2.3p4.(3P<1>).7g,2[4],9/2,,214997.588,,0.004,,L15349
3s2.3p4.(3P<1>).7i,2[5],9/2,,214997.8138,,0.0013,,L15349
3s2.3p4.(3P<1>).7i,2[5],11/2,,214997.8247,,0.0010,,L15349
3s2.3p4.(3P<1>).7i,2[7],13/2,,214998.7987,,0.0008,,L15349
3s2.3p4.(3P<1>).7i,2[7],15/2,,214998.8146,,0.0007,,L15349
3s2.3p4.(3P<1>).7h,2[5]*,11/2,,215004.098,,0.008,,L15349
3s2.3p4.(3P<1>).7h,2[5]*,9/2,,215004.099,,0.008,,L15349
3s2.3p4.(3P<1>).7i,2[6],13/2,,215004.9574,,0.0010,,L15349
3s2.3p4.(3P<1>).7i,2[6],11/2,,215004.9688,,0.0010,,L15349
3s2.3p4.(1S).5s,2S,1/2,,215065.7716,,0.0019,,L15349
3s2.3p4.(3P<0>).7g,2[4],7/2,,215441.755,,0.008,,L15349
3s2.3p4.(3P<0>).7g,2[4],9/2,,215442.096,,0.007,,L15349
3s2.3p4.(3P<0>).7h,2[5]*,9/2,,215454.811,,0.006,,L15349
3s2.3p4.(3P<0>).7h,2[5]*,11/2,,215454.821,,0.005,,L15349
3s2.3p4.(3P<0>).7i,2[6],11/2,,215458.6209,,0.0009,,L15349
3s2.3p4.(3P<0>).7i,2[6],13/2,,215458.621,,0.010,,L15349
3s2.3p4.(3P<2>).8f,2[4]*,9/2,,215893.68,,0.06,,L15349
3s2.3p4.(3P<2>).8f,2[5]*,11/2,,215932.37,,0.06,,L15349
3s2.3p4.(3P<2>).8f,2[5]*,9/2,,215933.64,,0.04,,L15349
3s2.3p4.(3P<2>).8g,2[6],11/2,,215983.21,,0.09,,L15349
3s2.3p4.(3P<2>).8g,2[6],13/2,,215983.36,,0.09,,L15349
3s2.3p4.(3P<2>).8i,2[6],13/2,,215985.13,,0.02,,L15349
3s2.3p4.(3P<2>).8i,2[6],11/2,,215985.18,,0.02,,L15349
3s2.3p4.(3P<2>).8i,2[7],13/2,,215985.434,,0.006,,L15349
3s2.3p4.(3P<2>).8i,2[7],15/2,,215985.445,,0.004,,L15349
3s2.3p4.(3P<2>).8i,2[5],9/2,,215987.293,,0.010,,L15349
3s2.3p4.(3P<2>).8i,2[5],11/2,,215987.306,,0.011,,L15349
3s2.3p4.(3P<2>).8k,2[7]*,13/2,,215987.718,,0.011,,L15349
3s2.3p4.(3P<2>).8k,2[7]*,15/2,,215987.721,,0.011,,L15349
3s2.3p4.(3P<2>).8k,2[8]*,15/2,,215988.002,,0.009,,L15349
3s2.3p4.(3P<2>).8k,2[8]*,17/2,,215988.008,,0.003,,L15349
3s2.3p4.(3P<2>).8i,2[8],15/2,,215988.883,,0.006,,L15349
3s2.3p4.(3P<2>).8i,2[8],17/2,,215988.886,,0.005,,L15349
3s2.3p4.(3P<2>).8k,2[6]*,11/2,,215989.165,,0.009,,L15349
3s2.3p4.(3P<2>).8k,2[6]*,13/2,,215989.173,,0.009,,L15349
3s2.3p4.(3P<2>).8i,2[4],7/2,,215990.530,,0.015,,L15349
3s2.3p4.(3P<2>).8i,2[4],9/2,,215990.530,,0.012,,L15349
3s2.3p4.(3P<2>).8k,2[9]*,17/2,,215991.036,,0.009,,L15349
3s2.3p4.(3P<2>).8k,2[9]*,19/2,,215991.050,,0.009,,L15349
3s2.3p4.(3P<2>).8k,2[5]*,9/2,,215991.723,,0.007,,L15349
3s2.3p4.(3P<2>).8k,2[5]*,11/2,,215991.736,,0.006,,L15349
3s2.3p4.(1D).5d,2S,1/2,,216882.15,,0.08,,L15349
3s2.3p4.(3P<1>).8i,2[7],13/2,,217097.366,,0.010,,L15349
3s2.3p4.(3P<1>).8i,2[7],15/2,,217097.376,,0.010,,L15349
3s2.3p4.(3P<1>).8i,2[5],11/2,,217097.563,,0.010,,L15349
3s2.3p4.(3P<1>).8i,2[5],9/2,,217097.563,,0.011,,L15349
3s2.3p4.(3P<1>).8k,2[6]*,11/2,,217100.498,,0.003,,L15349
3s2.3p4.(3P<1>).8k,2[6]*,13/2,,217100.509,,0.003,,L15349
3s2.3p4.(3P<1>).8k,2[8]*,15/2,,217100.877,,0.003,,L15349
3s2.3p4.(3P<1>).8k,2[8]*,17/2,,217100.893,,0.003,,L15349
3s2.3p4.(3P<1>).8i,2[6],13/2,,217101.921,,0.009,,L15349
3s2.3p4.(3P<1>).8i,2[6],11/2,,217101.921,,0.009,,L15349
3s2.3p4.(3P<1>).8k,2[7]*,15/2,,217103.774,,0.005,,L15349
3s2.3p4.(3P<1>).8k,2[7]*,13/2,,217103.785,,0.005,,L15349
3s2.3p4.(3P<0>).8i,2[6],11/2,,217557.496,,0.008,,L15349
3s2.3p4.(3P<0>).8i,2[6],13/2,,217557.505,,0.007,,L15349
3s2.3p4.(3P<0>).8k,2[7]*,15/2,,217559.809,,0.009,,L15349
3s2.3p4.(3P<0>).8k,2[7]*,13/2,,217559.820,,0.009,,L15349
3s2.3p4.(1D<2>).5f,2[5]*,9/2,,218940.8933,,0.0007,,L15349
3s2.3p4.(1D<2>).5f,2[5]*,11/2,,218940.91,,0.13,,L15349
3s2.3p4.(1D<2>).5f,2[2]*,5/2,,219001.90,,0.11,,L15349
3s2.3p4.(1D<2>).5f,2[2]*,3/2,,219003.76,,0.03,,L15349
3s2.3p4.(1D<2>).5g,2[2],5/2,,219152.53,,0.02,,L15349
3s2.3p4.(1D<2>).5f,2[3]*,7/2,,219160.67,,0.03,,L15349
3s2.3p4.(1D<2>).5g,2[6],13/2,,219203.591,,0.011,,L15349
3s2.3p4.(1D<2>).5g,2[6],11/2,,219203.595,,0.011,,L15349
3s2.3p4.(1D<2>).5g,2[3],7/2,,219246.644,,0.004,,L15349
3s2.3p4.(1D<2>).5g,2[3],5/2,,219246.79,,0.02,,L15349
3s2.3p4.(1D<2>).5g,2[4],7/2,,219317.5345,,0.0017,,L15349
3s2.3p4.(1D<2>).5g,2[4],9/2,,219317.5482,,0.0018,,L15349
3s2.3p4.(1D<2>).5g,2[5],9/2,,219322.1402,,0.0014,,L15349
3s2.3p4.(1D<2>).5g,2[5],11/2,,219322.170,,0.003,,L15349
Ar III (3p4 3P<2>),Limit,---,,222848.3,,1.0,,L8844
3s2.3p4.(1D<2>).6g,2[6],13/2,,224606.447,,0.020,,L15349
3s2.3p4.(1D<2>).6g,2[6],11/2,,224606.450,,0.020,,L15349
