obs_wl_vac(nm),ritz_wl_vac(nm),unc_ritz_wl,wn(cm-1),intens,Aki(s^-1),Acc,Ei(cm-1),Ek(cm-1),conf_i,term_i,J_i,conf_k,term_k,J_k,g_i,g_k,Type,tp_ref,line_ref,Unnamed: 20
12.55,12.535,0.010,797000,*,,,[494260.30],1292000,1s.2p,3P*,1,2p.3p,3P,2,3,5,,,"L3160,L1992",
12.55,12.536,0.010,797000,*,,,[494265.70],1292000,1s.2p,3P*,0,2p.3p,3P,1,1,3,,,"L3160,L1992",
12.55,12.535,0.010,797000,*,,,[494260.30],1292000,1s.2p,3P*,1,2p.3p,3P,0,3,1,,,"L3160,L1992",
12.55,12.535,0.010,797000,*,,,[494262.57],1292000,1s.2p,3P*,2,2p.3p,3P,1,5,3,,,"L3160,L1992",
12.55,12.535,0.010,797000,*,,,[494262.57],1292000,1s.2p,3P*,2,2p.3p,3P,2,5,5,,,"L3160,L1992",
12.55,12.535,0.010,797000,*,,,[494260.30],1292000,1s.2p,3P*,1,2p.3p,3P,1,3,3,,,"L3160,L1992",
12.55,12.551,0.010,797000,*,,,[494265.70],1291000,1s.2p,3P*,0,2p.3p,3D,1,1,3,,,"L3160,L1992",
12.55,12.551,0.010,797000,*,,,[494262.57],1291000,1s.2p,3P*,2,2p.3p,3D,2,5,5,,,"L3160,L1992",
12.55,12.551,0.010,797000,*,,,[494262.57],1291000,1s.2p,3P*,2,2p.3p,3D,1,5,3,,,"L3160,L1992",
12.55,12.551,0.010,797000,*,,,[494260.30],1291000,1s.2p,3P*,1,2p.3p,3D,2,3,5,,,"L3160,L1992",
12.55,12.551,0.010,797000,*,,,[494262.57],1291000,1s.2p,3P*,2,2p.3p,3D,3,5,7,,,"L3160,L1992",
12.55,12.551,0.010,797000,*,,,[494260.30],1291000,1s.2p,3P*,1,2p.3p,3D,1,3,3,,,"L3160,L1992",
13.65,13.647,0.010,733000,*,,,[561242.28],1294000,1s.3d,3D,2,2p.3d,3D*,3,5,7,,,"L3160,L1992",
13.65,13.647,0.010,733000,*,,,[561243.43],1294000,1s.3d,3D,1,2p.3d,3D*,2,3,5,,,"L3160,L1992",
13.65,13.647,0.010,733000,*,,,[561242.90],1294000,1s.3d,3D,3,2p.3d,3D*,3,7,7,,,"L3160,L1992",
13.65,13.647,0.010,733000,*,,,[561243.43],1294000,1s.3d,3D,1,2p.3d,3D*,1,3,3,,,"L3160,L1992",
13.65,13.647,0.010,733000,*,,,[561242.90],1294000,1s.3d,3D,3,2p.3d,3D*,2,7,5,,,"L3160,L1992",
13.65,13.647,0.010,733000,*,,,[561242.28],1294000,1s.3d,3D,2,2p.3d,3D*,1,5,3,,,"L3160,L1992",
13.65,13.647,0.010,733000,*,,,[561242.28],1294000,1s.3d,3D,2,2p.3d,3D*,2,5,5,,,"L3160,L1992",
13.65,13.652,0.010,733000,*,,,[559501.45],1292000,1s.3p,3P*,0,2p.3p,3P,1,1,3,,,"L3160,L1992",
13.65,13.652,0.010,733000,*,,,[559499.5],1292000,1s.3p,3P*,1,2p.3p,3P,0,3,1,,,"L3160,L1992",
13.65,13.652,0.010,733000,*,,,[559500.55],1292000,1s.3p,3P*,2,2p.3p,3P,2,5,5,,,"L3160,L1992",
13.65,13.652,0.010,733000,*,,,[559500.55],1292000,1s.3p,3P*,2,2p.3p,3P,1,5,3,,,"L3160,L1992",
13.65,13.652,0.010,733000,*,,,[559499.5],1292000,1s.3p,3P*,1,2p.3p,3P,2,3,5,,,"L3160,L1992",
13.65,13.652,0.010,733000,*,,,[559499.5],1292000,1s.3p,3P*,1,2p.3p,3P,1,3,3,,,"L3160,L1992",
14.05,14.05,0.10,712000,*,,,[494262.57],1206000,1s.2p,3P*,2,2p2,3P,2,5,5,,,"L3160,L1992",
14.05,14.05,0.10,712000,*,,,[494260.30],1206000,1s.2p,3P*,1,2p2,3P,1,3,3,,,"L3160,L1992",
14.05,14.05,0.10,712000,*,,,[494262.57],1206000,1s.2p,3P*,2,2p2,3P,1,5,3,,,"L3160,L1992",
14.05,14.05,0.10,712000,*,,,[494260.30],1206000,1s.2p,3P*,1,2p2,3P,0,3,1,,,"L3160,L1992",
14.05,14.05,0.10,712000,*,,,[494265.70],1206000,1s.2p,3P*,0,2p2,3P,1,1,3,,,"L3160,L1992",
14.05,14.05,0.10,712000,*,,,[494260.30],1206000,1s.2p,3P*,1,2p2,3P,2,3,5,,,"L3160,L1992",
,16.6343,0.0010,601170,,6.1947e+08,AAA,0.0000,[601169],1s2,1S,0,1s.7p,1P*,1,1,3,,T8636c73,,
16.721,16.7242,0.0010,598100,,9.8247e+08,AAA,0.0000,[597936.4],1s2,1S,0,1s.6p,1P*,1,1,3,,T8636c73,L7397,
,16.7257,0.0010,597880,,1.6424e+04,AAA,0.0000,[597881.65],1s2,1S,0,1s.6d,1D,2,1,5,E2,T7378,,
,16.7319,0.0010,597660,,1.56e+00,B,0.0000,[597662.53],1s2,1S,0,1s.6p,3P*,2,1,5,M2,T5612,,
16.874,16.8743,0.0010,592600,,1.6943e+09,AAA,0.0000,[592618.4],1s2,1S,0,1s.5p,1P*,1,1,3,,T8636c73,L7397,
,16.8773,0.0010,592510,,2.6846e+04,AAA,0.0000,[592513.56],1s2,1S,0,1s.5d,1D,2,1,5,E2,T7378,,
,16.8881,0.0010,592130,,2.78e+00,B,0.0000,[592133.83],1s2,1S,0,1s.5p,3P*,2,1,5,M2,T5612,,
17.158,17.1575,0.0010,582800,,3.2984e+09,AAA,0.0000,[582836.5],1s2,1S,0,1s.4p,1P*,1,1,3,,T8636c73,L7397,
,17.1635,0.0010,582630,,4.6897e+04,AAA,0.0000,[582630.08],1s2,1S,0,1s.4d,1D,2,1,5,E2,T7378,,
,17.1855,0.0010,581890,,5.33e+00,B,0.0000,[581885.83],1s2,1S,0,1s.4p,3P*,2,1,5,M2,T5612,,
17.802,17.8015,0.0010,561700,,7.7630e+09,AAA,0.0000,[561751.95],1s2,1S,0,1s.3p,1P*,1,1,3,,T8636c73,L7397,
,17.8166,0.0010,561270,,8.2665e+04,AAA,0.0000,[561272.75],1s2,1S,0,1s.3d,1D,2,1,5,E2,T7378,,
,17.8731,0.0010,559500,,1.20e+01,B,0.0000,[559500.55],1s2,1S,0,1s.3p,3P*,2,1,5,M2,T5612,,
19.928,19.9280,0.0010,501800,,2.5569e+10,AAA,0.0000,[501807.72],1s2,1S,0,1s.2p,1P*,1,1,3,,T8636c73,L7397,
,20.2322,0.0010,494263,,3.50e+01,A,0.0000,[494262.57],1s2,1S,0,1s.2p,3P*,2,1,5,M2,T1494,,
20.75,,,481900,,,,,,,,,,,,1,1,,,"L3160,L1992",
,21.0069,0.0010,476034,,2.039e-02,AA,0.0000,[476034.11],1s2,1S,0,1s.2s,3S,1,1,3,M1,T1896,,
80,,,120000,,,,,,,,,,,,1,1,,,L3698,
82,82.2176,0.0010,122000,*,4.5196e+07,AAA,[476034.11],[597662.53],1s.2s,3S,1,1s.6p,3P*,2,3,5,,T8636c73,L3698,
82,82.2181,0.0010,122000,*,4.5196e+07,AAA,[476034.11],[597661.86],1s.2s,3S,1,1s.6p,3P*,1,3,3,,T8636c73,L3698,
82,82.2183,0.0010,122000,*,4.5197e+07,AAA,[476034.11],[597661.48],1s.2s,3S,1,1s.6p,3P*,0,3,1,,T8636c73,L3698,
86.1,86.1329,0.0010,116100,*,7.6775e+07,AAA,[476034.11],[592133.83],1s.2s,3S,1,1s.5p,3P*,2,3,5,,T8636c73,L3698,
86.1,86.1333,0.0010,116100,*,7.6777e+07,AAA,[476034.11],[592133.16],1s.2s,3S,1,1s.5p,3P*,1,3,3,,T8636c73,L3698,
86.1,86.1336,0.0010,116100,*,7.6778e+07,AAA,[476034.11],[592132.78],1s.2s,3S,1,1s.5p,3P*,0,3,1,,T8636c73,L3698,
90.55,,,110440,,,,,,,,,,,,1,1,,,L3698,
,91.079,0.010,109795,,2.6895e+07,AAA,[491373.71],[601169],1s.2s,1S,0,1s.7p,1P*,1,1,3,,T8636c73,,
91.75,91.7810,0.0010,108990,*,,,[494260.30],[603215.34],1s.2p,3P*,1,1s.8d,3D,2,3,5,,,L3698,
91.75,91.7813,0.0010,108990,*,,,[494260.30],[603214.95],1s.2p,3P*,1,1s.8d,3D,1,3,3,,,L3698,
91.75,91.7823,0.0010,108990,*,,,[494262.57],[603216.00],1s.2p,3P*,2,1s.8d,3D,3,5,7,,,L3698,
91.75,91.7829,0.0010,108990,*,,,[494262.57],[603215.34],1s.2p,3P*,2,1s.8d,3D,2,5,5,,,L3698,
91.75,91.7832,0.0010,108990,*,,,[494262.57],[603214.95],1s.2p,3P*,2,1s.8d,3D,1,5,3,,,L3698,
91.75,91.7859,0.0010,108990,*,,,[494265.70],[603214.95],1s.2p,3P*,0,1s.8d,3D,1,1,3,,,L3698,
93.6,93.5863,0.0010,106800,*,4.6005e+07,AAA,[494260.30],[601113.58],1s.2p,3P*,1,1s.7d,3D,2,3,5,,T8636c73,L3698,
93.6,93.5866,0.0010,106800,*,2.5561e+07,AAA,[494260.30],[601113.19],1s.2p,3P*,1,1s.7d,3D,1,3,3,,T8636c73,L3698,
93.6,93.5877,0.0010,106800,*,6.1346e+07,AAA,[494262.57],[601114.24],1s.2p,3P*,2,1s.7d,3D,3,5,7,,T8636c73,L3698,
93.6,93.5883,0.0010,106800,*,1.5335e+07,AAA,[494262.57],[601113.58],1s.2p,3P*,2,1s.7d,3D,2,5,5,,T8636c73,L3698,
93.6,93.5886,0.0010,106800,*,1.7041e+06,AAA,[494262.57],[601113.19],1s.2p,3P*,2,1s.7d,3D,1,5,3,,T8636c73,L3698,
93.6,93.5913,0.0010,106800,*,3.4081e+07,AAA,[494265.70],[601113.19],1s.2p,3P*,0,1s.7d,3D,1,1,3,,T8636c73,L3698,
,93.8897,0.0010,106507.9,,9.581e+01,AA,[491373.71],[597881.65],1s.2s,1S,0,1s.6d,1D,2,1,5,E2,T7378,,
,93.841,0.010,106563,,4.2318e+07,AAA,[491373.71],[597936.4],1s.2s,1S,0,1s.6p,1P*,1,1,3,,T8636c73,,
,94.0002,0.0010,106382.7,,5.7715e+06,AAA,[494260.30],[600643.03],1s.2p,3P*,1,1s.7s,3S,1,3,3,,T8636c73,,
,94.0022,0.0010,106380.5,,9.6195e+06,AAA,[494262.57],[600643.03],1s.2p,3P*,2,1s.7s,3S,1,5,3,,T8636c73,,
,94.0050,0.0010,106377.3,,1.9238e+06,AAA,[494265.70],[600643.03],1s.2p,3P*,0,1s.7s,3S,1,1,3,,T8636c73,,
94.5,94.4718,0.0010,105800,*,1.4316e+08,AAA,[476034.11],[581885.83],1s.2s,3S,1,1s.4p,3P*,2,3,5,,T8636c73,L3698,
94.5,94.4724,0.0010,105800,*,1.4316e+08,AAA,[476034.11],[581885.11],1s.2s,3S,1,1s.4p,3P*,1,3,3,,T8636c73,L3698,
94.5,94.4728,0.0010,105800,*,1.4317e+08,AAA,[476034.11],[581884.71],1s.2s,3S,1,1s.4p,3P*,0,3,1,,T8636c73,L3698,
96.5,96.5113,0.0010,103600,*,7.5009e+07,AAA,[494260.30],[597875.07],1s.2p,3P*,1,1s.6d,3D,2,3,5,,T8636c73,L3698,
96.5,96.5117,0.0010,103600,*,4.1676e+07,AAA,[494260.30],[597874.68],1s.2p,3P*,1,1s.6d,3D,1,3,3,,T8636c73,L3698,
96.5,96.5128,0.0010,103600,*,1.0002e+08,AAA,[494262.57],[597875.73],1s.2p,3P*,2,1s.6d,3D,3,5,7,,T8636c73,L3698,
96.5,96.5135,0.0010,103600,*,2.5002e+07,AAA,[494262.57],[597875.07],1s.2p,3P*,2,1s.6d,3D,2,5,5,,T8636c73,L3698,
96.5,96.5138,0.0010,103600,*,2.7784e+06,AAA,[494262.57],[597874.68],1s.2p,3P*,2,1s.6d,3D,1,5,3,,T8636c73,L3698,
96.5,96.5167,0.0010,103600,*,5.5568e+07,AAA,[494265.70],[597874.68],1s.2p,3P*,0,1s.6d,3D,1,1,3,,T8636c73,L3698,
97.2,97.2188,0.0010,102900,*,9.3945e+06,AAA,[494260.30],[597121.08],1s.2p,3P*,1,1s.6s,3S,1,3,3,,T8636c73,L3698,
97.2,97.2209,0.0010,102900,*,1.5658e+07,AAA,[494262.57],[597121.08],1s.2p,3P*,2,1s.6s,3S,1,5,3,,T8636c73,L3698,
97.2,97.2239,0.0010,102900,*,3.1320e+06,AAA,[494265.70],[597121.08],1s.2p,3P*,0,1s.6s,3S,1,1,3,,T8636c73,L3698,
98.8,98.7706,0.0010,101200,,7.1912e+07,AAA,[491373.71],[592618.4],1s.2s,1S,0,1s.5p,1P*,1,1,3,,T8636c73,L3698,
,98.8730,0.0010,101139.9,,2.3373e+02,AAA,[491373.71],[592513.56],1s.2s,1S,0,1s.5d,1D,2,1,5,E2,T7378,,
,100.6944,0.0010,99310.4,,4.6247e+07,AAA,[501807.72],[601118.15],1s.2p,1P*,1,1s.7d,1D,2,3,5,,T8636c73,,
,100.886,0.010,99122,,1.3736e+07,AAA,[501807.72],[600929.7],1s.2p,1P*,1,1s.7s,1S,0,3,1,,T8636c73,,
,101.7778,0.0010,98253.3,,1.906e+04,AA,[494260.30],[592513.56],1s.2p,3P*,1,1s.5d,1D,2,3,5,,T8636c73,,
,101.7801,0.0010,98251.0,,7.341e+03,AA,[494262.57],[592513.56],1s.2p,3P*,2,1s.5d,1D,2,5,5,,T8636c73,,
101.8,101.7885,0.0010,98200,*,1.3551e+08,AAA,[494260.30],[592503.22],1s.2p,3P*,1,1s.5d,3D,2,3,5,,T8636c73,L3698,
101.8,101.7889,0.0010,98200,*,7.5298e+07,AAA,[494260.30],[592502.83],1s.2p,3P*,1,1s.5d,3D,1,3,3,,T8636c73,L3698,
101.8,101.7902,0.0010,98200,*,1.8072e+08,AAA,[494262.57],[592503.88],1s.2p,3P*,2,1s.5d,3D,3,5,7,,T8636c73,L3698,
101.8,101.7909,0.0010,98200,*,4.5171e+07,AAA,[494262.57],[592503.22],1s.2p,3P*,2,1s.5d,3D,2,5,5,,T8636c73,L3698,
101.8,101.7913,0.0010,98200,*,5.0201e+06,AAA,[494262.57],[592502.83],1s.2p,3P*,2,1s.5d,3D,1,5,3,,T8636c73,L3698,
101.8,101.7945,0.0010,98200,*,1.0041e+08,AAA,[494265.70],[592502.83],1s.2p,3P*,0,1s.5d,3D,1,1,3,,T8636c73,L3698,
103.2,103.1746,0.0010,96900,*,1.6829e+07,AAA,[494260.30],[591183.39],1s.2p,3P*,1,1s.5s,3S,1,3,3,,T8636c73,L3698,
103.2,103.1770,0.0010,96900,*,2.8050e+07,AAA,[494262.57],[591183.39],1s.2p,3P*,2,1s.5s,3S,1,5,3,,T8636c73,L3698,
103.2,103.1803,0.0010,96900,*,5.6105e+06,AAA,[494265.70],[591183.39],1s.2p,3P*,0,1s.5s,3S,1,1,3,,T8636c73,L3698,
103.6,,,96500,,,,,,,,,,,,1,1,,,"L3160,L1992",
,104.0865,0.0010,96073.9,,7.6296e+07,AAA,[501807.72],[597881.65],1s.2p,1P*,1,1s.6d,1D,2,3,5,,T8636c73,,
,104.027,0.010,96129,,1.927e+02,AA,[501807.72],[597936.4],1s.2p,1P*,1,1s.6p,1P*,1,3,3,E2,T7378,,
,104.4147,0.0010,95771.9,,2.2136e+07,AAA,[501807.72],[597579.66],1s.2p,1P*,1,1s.6s,1S,0,3,1,,T8636c73,,
109.3,109.3341,0.0010,91500,,1.3549e+08,AAA,[491373.71],[582836.5],1s.2s,1S,0,1s.4p,1P*,1,1,3,,T8636c73,L3698,
,109.5814,0.0010,91256.4,,7.846e+02,AA,[491373.71],[582630.08],1s.2s,1S,0,1s.4d,1D,2,1,5,E2,T7378,,
,110.1192,0.0010,90810.7,,3.344e+02,AA,[501807.72],[592618.4],1s.2p,1P*,1,1s.5p,1P*,1,3,3,E2,T7378,,
110.3,110.2465,0.0010,90700,,1.4050e+08,AAA,[501807.72],[592513.56],1s.2p,1P*,1,1s.5d,1D,2,3,5,,T8636c73,L3698,
110.9,110.8882,0.0010,90200,,3.9137e+07,AAA,[501807.72],[591988.68],1s.2p,1P*,1,1s.5s,1S,0,3,1,,T8636c73,L3698,
,113.1833,0.0010,88352.2,,2.8865e+08,AAA,[494260.30],[582612.54],1s.2p,3P*,1,1s.4d,3D,2,3,5,,T8636c73,,
,113.1838,0.0010,88351.9,,1.6039e+08,AAA,[494260.30],[582612.15],1s.2p,3P*,1,1s.4d,3D,1,3,3,,T8636c73,,
,113.1854,0.0010,88350.6,,3.8494e+08,AAA,[494262.57],[582613.20],1s.2p,3P*,2,1s.4d,3D,3,5,7,,T8636c73,,
,113.1862,0.0010,88350.0,,9.6217e+07,AAA,[494262.57],[582612.54],1s.2p,3P*,2,1s.4d,3D,2,5,5,,T8636c73,,
,113.1867,0.0010,88349.6,,1.0693e+07,AAA,[494262.57],[582612.15],1s.2p,3P*,2,1s.4d,3D,1,5,3,,T8636c73,,
113.21,113.1907,0.0010,88330,,2.1375e+08,AAA,[494265.70],[582612.15],1s.2p,3P*,0,1s.4d,3D,1,1,3,,T8636c73,L3501,
114.1,,,87600,,,,,,,,,,,,1,1,,,"L3160,L1992",
116.64,116.6587,0.0010,85730,,3.5100e+07,AAA,[494260.30],[579980.46],1s.2p,3P*,1,1s.4s,3S,1,3,3,,T8636c73,L3501,
,116.6618,0.0010,85717.9,,5.8470e+07,AAA,[494262.57],[579980.46],1s.2p,3P*,2,1s.4s,3S,1,5,3,,T8636c73,,
,116.6660,0.0010,85714.8,,1.1694e+07,AAA,[494265.70],[579980.46],1s.2p,3P*,0,1s.4s,3S,1,1,3,,T8636c73,,
119.809,119.8073,0.0010,83466,*,2.8968e+08,AAA,[476034.11],[559501.45],1s.2s,3S,1,1s.3p,3P*,0,3,1,,T8636c73,L3501,
119.809,119.8086,0.0010,83466,*,2.8968e+08,AAA,[476034.11],[559500.55],1s.2s,3S,1,1s.3p,3P*,2,3,5,,T8636c73,L3501,
119.809,119.8101,0.0010,83466,*,2.8970e+08,AAA,[476034.11],[559499.5],1s.2s,3S,1,1s.3p,3P*,1,3,3,,T8636c73,L3501,
,123.4129,0.0010,81028.8,,6.4988e+02,AAA,[501807.72],[582836.5],1s.2p,1P*,1,1s.4p,1P*,1,3,3,E2,T7378,,
,123.7081,0.0010,80835.5,,3.975e+03,AA,[501807.72],[582643.17],1s.2p,1P*,1,1s.4f,1F*,3,3,7,E2,T3908,,
123.8,123.7281,0.0010,80800,,3.1125e+08,AAA,[501807.72],[582630.08],1s.2p,1P*,1,1s.4d,1D,2,3,5,,T8636c73,L3698,
125.38,125.3318,0.0010,79760,,7.9535e+07,AAA,[501807.72],[581595.90],1s.2p,1P*,1,1s.4s,1S,0,3,1,,T8636c73,L3501,
142.089,142.0894,0.0010,70378,,2.8308e+08,AAA,[491373.71],[561751.95],1s.2s,1S,0,1s.3p,1P*,1,1,3,,T8636c73,L4834,
,143.0635,0.0010,69899.0,,4.7489e+03,AAA,[491373.71],[561272.75],1s.2s,1S,0,1s.3d,1D,2,1,5,E2,T7378,,
,149.2260,0.0010,67012.5,,2.719e+05,AA,[494260.30],[561272.75],1s.2p,3P*,1,1s.3d,1D,2,3,5,,T8636c73,,
,149.2311,0.0010,67010.2,,1.011e+05,AA,[494262.57],[561272.75],1s.2p,3P*,2,1s.3d,1D,2,5,5,,T8636c73,,
,149.2913,0.0010,66983.1,,4.6733e+08,AAA,[494260.30],[561243.43],1s.2p,3P*,1,1s.3d,3D,1,3,3,,T8636c73,,
149.293,149.2939,0.0010,66982,3,8.4094e+08,AAA,[494260.30],[561242.28],1s.2p,3P*,1,1s.3d,3D,2,3,5,,T8636c73,L3501,
,149.2964,0.0010,66980.9,,3.1155e+07,AAA,[494262.57],[561243.43],1s.2p,3P*,2,1s.3d,3D,1,5,3,,T8636c73,,
149.297,149.2976,0.0010,66981,5,1.1216e+09,AAA,[494262.57],[561242.90],1s.2p,3P*,2,1s.3d,3D,3,5,7,,T8636c73,L3501,
,149.2989,0.0010,66979.7,,2.8031e+08,AAA,[494262.57],[561242.28],1s.2p,3P*,2,1s.3d,3D,2,5,5,,T8636c73,,
149.304,149.3034,0.0010,66977,1,6.2310e+08,AAA,[494265.70],[561243.43],1s.2p,3P*,0,1s.3d,3D,1,1,3,,T8636c73,L3501,
155.5,,,64300,,,,,,,,,,,,1,1,,,"L3160,L1992",
165.308,165.3076,0.0010,60493,3,9.5283e+07,AAA,[494260.30],[554753.58],1s.2p,3P*,1,1s.3s,3S,1,3,3,,T8636c73,L3501,
165.313,165.3138,0.0010,60491,5,1.5881e+08,AAA,[494262.57],[554753.58],1s.2p,3P*,2,1s.3s,3S,1,5,3,,T8636c73,L3501,
165.321,165.3224,0.0010,60488,1,3.1761e+07,AAA,[494265.70],[554753.58],1s.2p,3P*,0,1s.3s,3S,1,1,3,,T8636c73,L3501,
,166.8217,0.0010,59944.2,,1.5010e+03,AAA,[501807.72],[561751.95],1s.2p,1P*,1,1s.3p,1P*,1,3,3,E2,T7378,,
168.166,168.1661,0.0010,59465,,1.0069e+09,AAA,[501807.72],[561272.75],1s.2p,1P*,1,1s.3d,1D,2,3,5,,T8636c73,L3501,
,168.2523,0.0010,59434.6,,3.401e+05,AA,[501807.72],[561242.28],1s.2p,1P*,1,1s.3d,3D,2,3,5,,T8636c73,,
175.533,175.5332,0.0010,56969,,2.0499e+08,AAA,[501807.72],[558777.01],1s.2p,1P*,1,1s.3s,1S,0,3,1,,T8636c73,L3501,
201.0,,,49760,,,,,,,,,,,,1,1,,,L1614,
206.9,,,48340,,,,,,,,,,,,1,1,,,L1614,
213.2,,,46910,,,,,,,,,,,,1,1,,,L1614,
216.5,,,46200,,,,,,,,,,,,1,1,,,L1614,
218.4,,,45790,,,,,,,,,,,,1,1,,,L1614,
221.5,,,45150,,,,,,,,,,,,1,1,,,L1614,
222.3,,,44990,,,,,,,,,,,,1,1,,,L1614,
223.8,,,44690,,,,,,,,,,,,1,1,,,L1614,
224.991,224.991,0.010,44446.3,w*,,,[561242.28],[605688.54],1s.3d,3D,2,1s.10f,3F*,2,5,5,,,L3501,
224.991,224.991,0.010,44446.3,w*,,,[561242.28],[605688.54],1s.3d,3D,2,1s.10f,3F*,3,5,7,,,L3501,
224.991,224.994,0.010,44446.3,w*,,,[561242.90],[605688.54],1s.3d,3D,3,1s.10f,3F*,2,7,5,,,L3501,
224.991,224.994,0.010,44446.3,w*,,,[561242.90],[605688.54],1s.3d,3D,3,1s.10f,3F*,4,7,9,,,L3501,
224.991,224.994,0.010,44446.3,w*,,,[561242.90],[605688.54],1s.3d,3D,3,1s.10f,3F*,3,7,7,,,L3501,
224.991,224.997,0.010,44446.3,w*,,,[561243.43],[605688.54],1s.3d,3D,1,1s.10f,3F*,2,3,5,,,L3501,
228.753,228.7500,0.0010,43715.4,*,,,[559499.5],[603215.34],1s.3p,3P*,1,1s.8d,3D,2,3,5,,,L3501,
228.753,228.7521,0.0010,43715.4,*,,,[559499.5],[603214.95],1s.3p,3P*,1,1s.8d,3D,1,3,3,,,L3501,
228.753,228.7521,0.0010,43715.4,*,,,[559500.55],[603216.00],1s.3p,3P*,2,1s.8d,3D,3,5,7,,,L3501,
228.753,228.7555,0.0010,43715.4,*,,,[559500.55],[603215.34],1s.3p,3P*,2,1s.8d,3D,2,5,5,,,L3501,
228.753,228.7576,0.0010,43715.4,*,,,[559500.55],[603214.95],1s.3p,3P*,2,1s.8d,3D,1,5,3,,,L3501,
228.753,228.7623,0.0010,43715.4,*,,,[559501.45],[603214.95],1s.3p,3P*,0,1s.8d,3D,1,1,3,,,L3501,
230.328,230.3277,0.0010,43416.4,*,,,[561242.28],[604658.68],1s.3d,3D,2,1s.9f,3F*,2,5,5,,,L3501,
230.328,230.3277,0.0010,43416.4,*,,,[561242.28],[604658.68],1s.3d,3D,2,1s.9f,3F*,3,5,7,,,L3501,
230.328,230.3310,0.0010,43416.4,*,,,[561242.90],[604658.68],1s.3d,3D,3,1s.9f,3F*,2,7,5,,,L3501,
230.328,230.3310,0.0010,43416.4,*,,,[561242.90],[604658.68],1s.3d,3D,3,1s.9f,3F*,4,7,9,,,L3501,
230.328,230.3310,0.0010,43416.4,*,,,[561242.90],[604658.68],1s.3d,3D,3,1s.9f,3F*,3,7,7,,,L3501,
230.328,230.3338,0.0010,43416.4,*,,,[561243.43],[604658.68],1s.3d,3D,1,1s.9f,3F*,2,3,5,,,L3501,
230.404,230.4009,0.0010,43402.0,*,,,[559499.5],[602902.11],1s.3p,3P*,1,1s.8s,3S,1,3,3,,,L3501,
230.404,230.4065,0.0010,43402.0,*,,,[559500.55],[602902.11],1s.3p,3P*,2,1s.8s,3S,1,5,3,,,L3501,
230.404,230.4112,0.0010,43402.0,*,,,[559501.45],[602902.11],1s.3p,3P*,0,1s.8s,3S,1,1,3,,,L3501,
233.055,233.0516,0.0010,42908.2,*,1.1758e+07,AAA,[554753.58],[597662.53],1s.3s,3S,1,1s.6p,3P*,2,3,5,,T8636c73,L3501,
233.055,233.0553,0.0010,42908.2,*,1.1758e+07,AAA,[554753.58],[597661.86],1s.3s,3S,1,1s.6p,3P*,1,3,3,,T8636c73,L3501,
233.055,233.0573,0.0010,42908.2,*,1.1758e+07,AAA,[554753.58],[597661.48],1s.3s,3S,1,1s.6p,3P*,0,3,1,,T8636c73,L3501,
233.760,,,42779.0,3,,,,,,,,,,,1,1,,,L3501,
233.763,,,42778.4,5,,,,,,,,,,,1,1,,,L3501,
233.772,,,42776.8,2,,,,,,,,,,,1,1,,,L3501,
,235.89,0.10,42392,,7.9551e+06,AAA,[558777.01],[601169],1s.3s,1S,0,1s.7p,1P*,1,1,3,,T8636c73,,
238.227,238.226,0.010,41976.8,*,,,[561242.28],[603219.16],1s.3d,3D,2,1s.8f,3F*,3,5,7,,,L3501,
238.227,238.226,0.010,41976.8,*,,,[561242.28],[603219.16],1s.3d,3D,2,1s.8f,3F*,2,5,5,,,L3501,
238.227,238.230,0.010,41976.8,*,,,[561242.90],[603219.16],1s.3d,3D,3,1s.8f,3F*,3,7,7,,,L3501,
238.227,238.230,0.010,41976.8,*,,,[561242.90],[603219.16],1s.3d,3D,3,1s.8f,3F*,2,7,5,,,L3501,
238.227,238.230,0.010,41976.8,*,,,[561242.90],[603219.16],1s.3d,3D,3,1s.8f,3F*,4,7,9,,,L3501,
238.227,238.233,0.010,41976.8,*,,,[561243.43],[603219.16],1s.3d,3D,1,1s.8f,3F*,2,3,5,,,L3501,
238.393,238.3927,0.0010,41947.6,,,,[561272.75],[603220.34],1s.3d,1D,2,1s.8f,1F*,3,5,7,,,L3501,
240.306,240.3033,0.0010,41613.6,*,1.4799e+07,AAA,[559499.5],[601113.58],1s.3p,3P*,1,1s.7d,3D,2,3,5,,T8636c73,L3501,
240.306,240.3055,0.0010,41613.6,*,8.2222e+06,AAA,[559499.5],[601113.19],1s.3p,3P*,1,1s.7d,3D,1,3,3,,T8636c73,L3501,
240.306,240.3055,0.0010,41613.6,*,1.9734e+07,AAA,[559500.55],[601114.24],1s.3p,3P*,2,1s.7d,3D,3,5,7,,T8636c73,L3501,
240.306,240.3093,0.0010,41613.6,*,4.9328e+06,AAA,[559500.55],[601113.58],1s.3p,3P*,2,1s.7d,3D,2,5,5,,T8636c73,L3501,
240.306,240.3116,0.0010,41613.6,*,5.4817e+05,AAA,[559500.55],[601113.19],1s.3p,3P*,2,1s.7d,3D,1,5,3,,T8636c73,L3501,
240.306,240.3168,0.0010,41613.6,*,1.0963e+07,AAA,[559501.45],[601113.19],1s.3p,3P*,0,1s.7d,3D,1,1,3,,T8636c73,L3501,
241.157,241.1575,0.0010,41466.7,,,,[561751.95],[603218.63],1s.3p,1P*,1,1s.8d,1D,2,3,5,,,L3501,
243.055,243.0516,0.0010,41143.0,*,3.5140e+06,AAA,[559499.5],[600643.03],1s.3p,3P*,1,1s.7s,3S,1,3,3,,T8636c73,L3501,
243.055,243.0578,0.0010,41143.0,*,5.8567e+06,AAA,[559500.55],[600643.03],1s.3p,3P*,2,1s.7s,3S,1,5,3,,T8636c73,L3501,
243.055,243.0631,0.0010,41143.0,*,1.1713e+06,AAA,[559501.45],[600643.03],1s.3p,3P*,0,1s.7s,3S,1,1,3,,T8636c73,L3501,
,250.7662,0.0010,39877.78,,3.513e+05,AA,[561242.90],[601120.68],1s.3d,3D,3,1s.7f,1F*,3,7,7,,T8636c73,,
250.770,250.7623,0.0010,39877.3,*,2.559e+06,AA,[561242.28],[601120.68],1s.3d,3D,2,1s.7f,1F*,3,5,7,,T8636c73,L3501,
250.770,250.769,0.010,39877.3,*,3.0283e+06,AAA,[561242.28],[601119.54],1s.3d,3D,2,1s.7f,3F*,2,5,5,,T8636c73,L3501,
250.770,250.769,0.010,39877.3,*,1.4753e+07,AAA,[561242.28],[601119.54],1s.3d,3D,2,1s.7f,3F*,3,5,7,,T8636c73,L3501,
250.770,250.773,0.010,39877.3,*,1.8126e+06,AAA,[561242.90],[601119.54],1s.3d,3D,3,1s.7f,3F*,3,7,7,,T8636c73,L3501,
250.770,250.773,0.010,39877.3,*,1.9476e+07,AAA,[561242.90],[601119.54],1s.3d,3D,3,1s.7f,3F*,4,7,9,,T8636c73,L3501,
250.770,250.777,0.010,39877.3,*,1.6359e+07,AAA,[561243.43],[601119.54],1s.3d,3D,1,1s.7f,3F*,2,3,5,,T8636c73,L3501,
,250.773,0.010,39876.6,,8.6554e+04,AAA,[561242.90],[601119.54],1s.3d,3D,3,1s.7f,3F*,2,7,5,,T8636c73,,
250.954,250.9541,0.0010,39848.0,*,1.6484e+07,AAA,[561272.75],[601120.68],1s.3d,1D,2,1s.7f,1F*,3,5,7,,T8636c73,L3501,
250.954,250.961,0.010,39848.0,*,2.893e+06,AA,[561272.75],[601119.54],1s.3d,1D,2,1s.7f,3F*,3,5,7,,T8636c73,L3501,
,250.961,0.010,39846.8,,1.089e+03,AA,[561272.75],[601119.54],1s.3d,1D,2,1s.7f,3F*,2,5,5,,T8636c73,,
,250.65,0.10,39896,,6.2235e+05,AAA,[561272.75],[601169],1s.3d,1D,2,1s.7p,1P*,1,5,3,,T8636c73,,
254.025,254.0250,0.0010,39366.2,,1.7886e+07,AAA,[561751.95],[601118.15],1s.3p,1P*,1,1s.7d,1D,2,3,5,,T8636c73,L3501,
255.25,255.25,0.10,39178,24,8.4872e+06,AAA,[561751.95],[600929.7],1s.3p,1P*,1,1s.7s,1S,0,3,1,,T8636c73,L7397,
,255.7241,0.0010,39104.64,,5.317e+01,AA,[558777.01],[597881.65],1s.3s,1S,0,1s.6d,1D,2,1,5,E2,T7378,,
256.0,255.37,0.10,39070,,1.2342e+07,AAA,[558777.01],[597936.4],1s.3s,1S,0,1s.6p,1P*,1,1,3,,T8636c73,L1614,
,260.5824,0.0010,38375.57,,2.3813e+07,AAA,[559499.5],[597875.07],1s.3p,3P*,1,1s.6d,3D,2,3,5,,T8636c73,,
260.586,260.5851,0.0010,38375.1,*,1.3230e+07,AAA,[559499.5],[597874.68],1s.3p,3P*,1,1s.6d,3D,1,3,3,,T8636c73,L3501,
260.586,260.5851,0.0010,38375.1,*,3.1753e+07,AAA,[559500.55],[597875.73],1s.3p,3P*,2,1s.6d,3D,3,5,7,,T8636c73,L3501,
,260.5896,0.0010,38374.52,,7.9370e+06,AAA,[559500.55],[597875.07],1s.3p,3P*,2,1s.6d,3D,2,5,5,,T8636c73,,
,260.5922,0.0010,38374.13,,8.8202e+05,AAA,[559500.55],[597874.68],1s.3p,3P*,2,1s.6d,3D,1,5,3,,T8636c73,,
,260.5983,0.0010,38373.23,,1.7640e+07,AAA,[559501.45],[597874.68],1s.3p,3P*,0,1s.6d,3D,1,1,3,,T8636c73,,
265.808,265.8049,0.0010,37621.1,2,5.8049e+06,AAA,[559499.5],[597121.08],1s.3p,3P*,1,1s.6s,3S,1,3,3,,T8636c73,L3501,
265.809,265.8123,0.0010,37621.0,3,9.6758e+06,AAA,[559500.55],[597121.08],1s.3p,3P*,2,1s.6s,3S,1,5,3,,T8636c73,L3501,
,265.8187,0.0010,37619.63,,1.9351e+06,AAA,[559501.45],[597121.08],1s.3p,3P*,0,1s.6s,3S,1,1,3,,T8636c73,,
,267.5210,0.0010,37380.25,,1.9081e+07,AAA,[554753.58],[592133.83],1s.3s,3S,1,1s.5p,3P*,2,3,5,,T8636c73,,
267.525,267.5257,0.0010,37379.6,,1.9081e+07,AAA,[554753.58],[592133.16],1s.3s,3S,1,1s.5p,3P*,1,3,3,,T8636c73,L3501,
,267.5285,0.0010,37379.20,,1.9081e+07,AAA,[554753.58],[592132.78],1s.3s,3S,1,1s.5p,3P*,0,3,1,,T8636c73,,
,272.9010,0.0010,36643.33,,5.124e+06,AA,[561242.28],[597885.61],1s.3d,3D,2,1s.6f,1F*,3,5,7,,T8636c73,,
272.905,272.9088,0.0010,36642.8,*,5.3806e+06,AAA,[561242.28],[597884.56],1s.3d,3D,2,1s.6f,3F*,2,5,5,,T8636c73,L3501,
272.905,272.9088,0.0010,36642.8,*,2.5635e+07,AAA,[561242.28],[597884.56],1s.3d,3D,2,1s.6f,3F*,3,5,7,,T8636c73,L3501,
,272.9056,0.0010,36642.71,,6.991e+05,AA,[561242.90],[597885.61],1s.3d,3D,3,1s.6f,1F*,3,7,7,,T8636c73,,
272.910,272.9134,0.0010,36642.1,5*,1.5380e+05,AAA,[561242.90],[597884.56],1s.3d,3D,3,1s.6f,3F*,2,7,5,,T8636c73,L3501,
272.910,272.9134,0.0010,36642.1,5*,3.1456e+06,AAA,[561242.90],[597884.56],1s.3d,3D,3,1s.6f,3F*,3,7,7,,T8636c73,L3501,
272.910,272.9134,0.0010,36642.1,5*,3.4603e+07,AAA,[561242.90],[597884.56],1s.3d,3D,3,1s.6f,3F*,4,7,9,,T8636c73,L3501,
272.913,272.9173,0.0010,36641.7,2,2.9066e+07,AAA,[561243.43],[597884.56],1s.3d,3D,1,1s.6f,3F*,2,3,5,,T8636c73,L3501,
273.128,273.1281,0.0010,36612.9,3,2.8653e+07,AAA,[561272.75],[597885.61],1s.3d,1D,2,1s.6f,1F*,3,5,7,,T8636c73,L3501,
273.136,273.1359,0.0010,36611.8,1,5.796e+06,AA,[561272.75],[597884.56],1s.3d,1D,2,1s.6f,3F*,3,5,7,,T8636c73,L3501,
,273.1359,0.0010,36611.81,,1.934e+03,AA,[561272.75],[597884.56],1s.3d,1D,2,1s.6f,3F*,2,5,5,,T8636c73,,
,272.75,0.10,36664,,1.0508e+06,AAA,[561272.75],[597936.4],1s.3d,1D,2,1s.6p,1P*,1,5,3,,T8636c73,,
,274.5725,0.0010,36420.25,,3.0891e+05,AAA,[561242.28],[597662.53],1s.3d,3D,2,1s.6p,3P*,2,5,5,,T8636c73,,
,274.5772,0.0010,36419.63,,1.7305e+06,AAA,[561242.90],[597662.53],1s.3d,3D,3,1s.6p,3P*,2,7,5,,T8636c73,,
,274.5776,0.0010,36419.58,,1.5446e+06,AAA,[561242.28],[597661.86],1s.3d,3D,2,1s.6p,3P*,1,5,3,,T8636c73,,
,274.5812,0.0010,36419.10,,2.0602e+04,AAA,[561243.43],[597662.53],1s.3d,3D,1,1s.6p,3P*,2,3,5,,T8636c73,,
,274.5862,0.0010,36418.43,,5.1503e+05,AAA,[561243.43],[597661.86],1s.3d,3D,1,1s.6p,3P*,1,3,3,,T8636c73,,
,274.5891,0.0010,36418.05,,2.0601e+06,AAA,[561243.43],[597661.48],1s.3d,3D,1,1s.6p,3P*,0,3,1,,T8636c73,,
,275.4297,0.0010,36306.91,,2.8420e+01,AAA,[561272.75],[597579.66],1s.3d,1D,2,1s.6s,1S,0,5,1,E2,T7378,,
276.781,276.7806,0.0010,36129.7,,2.9368e+07,AAA,[561751.95],[597881.65],1s.3p,1P*,1,1s.6d,1D,2,3,5,,T8636c73,L3501,
,276.36,0.10,36184,,5.380e+01,AA,[561751.95],[597936.4],1s.3p,1P*,1,1s.6p,1P*,1,3,3,E2,T7378,,
279.113,279.1136,0.0010,35827.7,,1.3884e+07,AAA,[561751.95],[597579.66],1s.3p,1P*,1,1s.6s,1S,0,3,1,,T8636c73,L3501,
293.488,,,34073.0,2,,,,,,,,,,,1,1,,,L3501,
293.493,,,34072.4,2,,,,,,,,,,,1,1,,,L3501,
293.498,,,34071.8,5,,,,,,,,,,,1,1,,,L3501,
293.511,,,34070.3,1,,,,,,,,,,,1,1,,,L3501,
,295.4961,0.0010,33841.39,,2.0309e+07,AAA,[558777.01],[592618.4],1s.3s,1S,0,1s.5p,1P*,1,1,3,,T8636c73,,
,296.4144,0.0010,33736.55,,1.1383e+02,AAA,[558777.01],[592513.56],1s.3s,1S,0,1s.5d,1D,2,1,5,E2,T7378,,
,302.9961,0.0010,33003.72,,4.1793e+07,AAA,[559499.5],[592503.22],1s.3p,3P*,1,1s.5d,3D,2,3,5,,T8636c73,,
303.000,302.9997,0.0010,33003.3,3*,2.3222e+07,AAA,[559499.5],[592502.83],1s.3p,3P*,1,1s.5d,3D,1,3,3,,T8636c73,L3501,
303.000,302.9997,0.0010,33003.3,3*,5.5732e+07,AAA,[559500.55],[592503.88],1s.3p,3P*,2,1s.5d,3D,3,5,7,,T8636c73,L3501,
303.002,303.0058,0.0010,33003.1,3,1.3932e+07,AAA,[559500.55],[592503.22],1s.3p,3P*,2,1s.5d,3D,2,5,5,,T8636c73,L3501,
,303.0094,0.0010,33002.28,,1.5481e+06,AAA,[559500.55],[592502.83],1s.3p,3P*,2,1s.5d,3D,1,5,3,,T8636c73,,
,303.0176,0.0010,33001.38,,3.0962e+07,AAA,[559501.45],[592502.83],1s.3p,3P*,0,1s.5d,3D,1,1,3,,T8636c73,,
315.622,315.6178,0.0010,31683.4,3,1.0709e+07,AAA,[559499.5],[591183.39],1s.3p,3P*,1,1s.5s,3S,1,3,3,,T8636c73,L3501,
315.624,315.6283,0.0010,31683.2,4,1.7850e+07,AAA,[559500.55],[591183.39],1s.3p,3P*,2,1s.5s,3S,1,5,3,,T8636c73,L3501,
,315.6372,0.0010,31681.94,,3.5700e+06,AAA,[559501.45],[591183.39],1s.3p,3P*,0,1s.5s,3S,1,1,3,,T8636c73,,
,319.0235,0.0010,31345.65,,2.0088e+06,AAA,[561272.75],[592618.4],1s.3d,1D,2,1s.5p,1P*,1,5,3,,T8636c73,,
,319.7139,0.0010,31277.96,,1.312e+07,AA,[561242.28],[592520.24],1s.3d,3D,2,1s.5f,1F*,3,5,7,,T8636c73,,
319.718,319.7242,0.0010,31277.5,1*,5.1903e+07,AAA,[561242.28],[592519.24],1s.3d,3D,2,1s.5f,3F*,3,5,7,,T8636c73,L3501,
319.718,319.7242,0.0010,31277.5,1*,1.1374e+07,AAA,[561242.28],[592519.24],1s.3d,3D,2,1s.5f,3F*,2,5,5,,T8636c73,L3501,
,319.7203,0.0010,31277.34,,1.773e+06,AA,[561242.90],[592520.24],1s.3d,3D,3,1s.5f,1F*,3,7,7,,T8636c73,,
319.725,319.7305,0.0010,31276.8,9*,3.2509e+05,AAA,[561242.90],[592519.24],1s.3d,3D,3,1s.5f,3F*,2,7,5,,T8636c73,L3501,
319.725,319.7305,0.0010,31276.8,9*,6.3543e+06,AAA,[561242.90],[592519.24],1s.3d,3D,3,1s.5f,3F*,3,7,7,,T8636c73,L3501,
319.725,319.7305,0.0010,31276.8,9*,7.3144e+07,AAA,[561242.90],[592519.24],1s.3d,3D,3,1s.5f,3F*,4,7,9,,T8636c73,L3501,
319.728,319.7359,0.0010,31276.5,4,6.1443e+07,AAA,[561243.43],[592519.24],1s.3d,3D,1,1s.5f,3F*,2,3,5,,T8636c73,L3501,
320.025,320.0257,0.0010,31247.5,5,5.8056e+07,AAA,[561272.75],[592520.24],1s.3d,1D,2,1s.5f,1F*,3,5,7,,T8636c73,L3501,
320.035,320.0359,0.0010,31246.5,2,1.483e+07,AA,[561272.75],[592519.24],1s.3d,1D,2,1s.5f,3F*,3,5,7,,T8636c73,L3501,
,320.0359,0.0010,31246.49,,4.086e+03,AA,[561272.75],[592519.24],1s.3d,1D,2,1s.5f,3F*,2,5,5,,T8636c73,,
,323.7131,0.0010,30891.55,,5.9180e+05,AAA,[561242.28],[592133.83],1s.3d,3D,2,1s.5p,3P*,2,5,5,,T8636c73,,
,323.7196,0.0010,30890.93,,3.3152e+06,AAA,[561242.90],[592133.83],1s.3d,3D,3,1s.5p,3P*,2,7,5,,T8636c73,,
,323.7201,0.0010,30890.88,,2.9592e+06,AAA,[561242.28],[592133.16],1s.3d,3D,2,1s.5p,3P*,1,5,3,,T8636c73,,
,323.7252,0.0010,30890.40,,3.9467e+04,AAA,[561243.43],[592133.83],1s.3d,3D,1,1s.5p,3P*,2,3,5,,T8636c73,,
,323.7322,0.0010,30889.73,,9.8667e+05,AAA,[561243.43],[592133.16],1s.3d,3D,1,1s.5p,3P*,1,3,3,,T8636c73,,
,323.7362,0.0010,30889.35,,3.9467e+06,AAA,[561243.43],[592132.78],1s.3d,3D,1,1s.5p,3P*,0,3,1,,T8636c73,,
,323.9764,0.0010,30866.45,,9.0459e+01,AAA,[561751.95],[592618.4],1s.3p,1P*,1,1s.5p,1P*,1,3,3,E2,T7378,,
325.081,325.0805,0.0010,30761.6,,5.3551e+07,AAA,[561751.95],[592513.56],1s.3p,1P*,1,1s.5d,1D,2,3,5,,T8636c73,L3501,
,325.5640,0.0010,30715.93,,4.6387e+01,AAA,[561272.75],[591988.68],1s.3d,1D,2,1s.5s,1S,0,5,1,E2,T7378,,
330.723,330.7236,0.0010,30236.8,,2.5203e+07,AAA,[561751.95],[591988.68],1s.3p,1P*,1,1s.5s,1S,0,3,1,,T8636c73,L3501,
368.537,368.5651,0.0010,27134.3,,3.0587e+07,AAA,[554753.58],[581885.83],1s.3s,3S,1,1s.4p,3P*,2,3,5,,T8636c73,L3501,
,368.5749,0.0010,27131.53,,3.0580e+07,AAA,[554753.58],[581885.11],1s.3s,3S,1,1s.4p,3P*,1,3,3,,T8636c73,,
,368.5803,0.0010,27131.13,,3.0580e+07,AAA,[554753.58],[581884.71],1s.3s,3S,1,1s.4p,3P*,0,3,1,,T8636c73,,
371.506,,,26917.5,1,,,,,,,,,,,1,1,,,L3501,
371.522,,,26916.3,5,,,,,,,,,,,1,1,,,L3501,
371.533,,,26915.5,6bl,,,,,,,,,,,1,1,,,L3501,
371.535,,,26915.4,8,,,,,,,,,,,1,1,,,L3501,
371.546,,,26914.6,7bl,,,,,,,,,,,1,1,,,L3501,
371.547,,,26914.5,10,,,,,,,,,,,1,1,,,L3501,
371.557,,,26913.8,1,,,,,,,,,,,1,1,,,L3501,
371.564,,,26913.3,,,,,,,,,,,,1,1,,,L3501,
,387.9938,0.0010,25773.61,,3.812e+01,AA,[476034.11],[501807.72],1s.2s,3S,1,1s.2p,1P*,1,3,3,,T8636c73,,
415.762,415.6364,0.0010,24052.23,,3.4105e+07,AAA,[558777.01],[582836.5],1s.3s,1S,0,1s.4p,1P*,1,1,3,,T8636c73,L3501,
,419.2332,0.0010,23853.07,,3.0372e+02,AAA,[558777.01],[582630.08],1s.3s,1S,0,1s.4d,1D,2,1,5,E2,T7378,,
,432.328,0.010,23130.6,,1.402e+04,AA,[559499.5],[582630.08],1s.3p,3P*,1,1s.4d,1D,2,3,5,,T8636c73,,
,432.348,0.010,23129.5,,5.435e+03,AA,[559500.55],[582630.08],1s.3p,3P*,2,1s.4d,1D,2,5,5,,T8636c73,,
,432.6562,0.0010,23113.04,,8.0701e+07,AAA,[559499.5],[582612.54],1s.3p,3P*,1,1s.4d,3D,2,3,5,,T8636c73,,
432.664,432.6635,0.0010,23112.6,5*,4.4842e+07,AAA,[559499.5],[582612.15],1s.3p,3P*,1,1s.4d,3D,1,3,3,,T8636c73,L3501,
432.664,432.6635,0.0010,23112.6,5*,1.0762e+08,AAA,[559500.55],[582613.20],1s.3p,3P*,2,1s.4d,3D,3,5,7,,T8636c73,L3501,
432.669,432.6759,0.0010,23112.4,5,2.6901e+07,AAA,[559500.55],[582612.54],1s.3p,3P*,2,1s.4d,3D,2,5,5,,T8636c73,L3501,
432.676,432.6832,0.0010,23112.0,1,2.9896e+06,AAA,[559500.55],[582612.15],1s.3p,3P*,2,1s.4d,3D,1,5,3,,T8636c73,L3501,
,432.7000,0.0010,23110.70,,5.9789e+07,AAA,[559501.45],[582612.15],1s.3p,3P*,0,1s.4d,3D,1,1,3,,T8636c73,,
460.863,,,21698.4,,,,,,,,,,,,1,1,,,L3501,
,463.7412,0.0010,21563.75,,4.6514e+06,AAA,[561272.75],[582836.5],1s.3d,1D,2,1s.4p,1P*,1,5,3,,T8636c73,,
,467.270,0.010,21400.9,,5.453e+07,AA,[561242.28],[582643.17],1s.3d,3D,2,1s.4f,1F*,3,5,7,,T8636c73,,
467.282,467.2937,0.0010,21400.4,*,1.4221e+08,AAA,[561242.28],[582642.10],1s.3d,3D,2,1s.4f,3F*,3,5,7,,T8636c73,L3501,
467.282,467.2937,0.0010,21400.4,*,3.4415e+07,AAA,[561242.28],[582642.10],1s.3d,3D,2,1s.4f,3F*,2,5,5,,T8636c73,L3501,
,467.284,0.010,21400.3,,7.265e+06,AA,[561242.90],[582643.17],1s.3d,3D,3,1s.4f,1F*,3,7,7,,T8636c73,,
467.296,467.3072,0.0010,21399.7,6*,1.7326e+07,AAA,[561242.90],[582642.10],1s.3d,3D,3,1s.4f,3F*,3,7,7,,T8636c73,L3501,
467.296,467.3072,0.0010,21399.7,6*,2.2133e+08,AAA,[561242.90],[582642.10],1s.3d,3D,3,1s.4f,3F*,4,7,9,,T8636c73,L3501,
467.296,467.3072,0.0010,21399.7,6*,9.8366e+05,AAA,[561242.90],[582642.10],1s.3d,3D,3,1s.4f,3F*,2,7,5,,T8636c73,L3501,
467.301,467.3188,0.0010,21399.5,2,1.8592e+08,AAA,[561243.43],[582642.10],1s.3d,3D,1,1s.4f,3F*,2,3,5,,T8636c73,L3501,
467.937,467.9365,0.0010,21370.4,3,1.5931e+08,AAA,[561272.75],[582643.17],1s.3d,1D,2,1s.4f,1F*,3,5,7,,T8636c73,L3501,
,467.960,0.010,21369.3,,1.235e+04,AA,[561272.75],[582642.10],1s.3d,1D,2,1s.4f,3F*,2,5,5,,T8636c73,,
467.960,467.960,0.010,21369.4,1,6.172e+07,AA,[561272.75],[582642.10],1s.3d,1D,2,1s.4f,3F*,3,5,7,,T8636c73,L3501,
,474.281,0.010,21084.6,,1.6090e+02,AAA,[561751.95],[582836.5],1s.3p,1P*,1,1s.4p,1P*,1,3,3,E2,T7378,,
476.4,,,20990,,,,,,,,,,,,1,1,,,L1614,
478.970,478.9701,0.0010,20878.1,,1.1368e+08,AAA,[561751.95],[582630.08],1s.3p,1P*,1,1s.4d,1D,2,3,5,,T8636c73,L3501,
,479.373,0.010,20860.6,,2.116e+04,AA,[561751.95],[582612.54],1s.3p,1P*,1,1s.4d,3D,2,3,5,,T8636c73,,
,484.4128,0.0010,20643.55,,1.3974e+06,AAA,[561242.28],[581885.83],1s.3d,3D,2,1s.4p,3P*,2,5,5,,T8636c73,,
,484.4274,0.0010,20642.93,,7.8286e+06,AAA,[561242.90],[581885.83],1s.3d,3D,3,1s.4p,3P*,2,7,5,,T8636c73,,
,484.4297,0.0010,20642.83,,6.9871e+06,AAA,[561242.28],[581885.11],1s.3d,3D,2,1s.4p,3P*,1,5,3,,T8636c73,,
484.44,484.4398,0.0010,20643,,9.3199e+04,AAA,[561243.43],[581885.83],1s.3d,3D,1,1s.4p,3P*,2,3,5,,T8636c73,L1560,
,484.4567,0.0010,20641.68,,2.3299e+06,AAA,[561243.43],[581885.11],1s.3d,3D,1,1s.4p,3P*,1,3,3,,T8636c73,,
,484.4661,0.0010,20641.28,,9.3195e+06,AAA,[561243.43],[581884.71],1s.3d,3D,1,1s.4p,3P*,0,3,1,,T8636c73,,
488.268,488.2584,0.0010,20480.5,4,2.3783e+07,AAA,[559499.5],[579980.46],1s.3p,3P*,1,1s.4s,3S,1,3,3,,T8636c73,L3501,
488.275,488.2834,0.0010,20480.2,4,3.9642e+07,AAA,[559500.55],[579980.46],1s.3p,3P*,2,1s.4s,3S,1,5,3,,T8636c73,L3501,
488.285,488.3049,0.0010,20479.8,1,7.9292e+06,AAA,[559501.45],[579980.46],1s.3p,3P*,0,1s.4s,3S,1,1,3,,T8636c73,L3501,
,492.050,0.010,20323.2,,7.7891e+01,AAA,[561272.75],[581595.90],1s.3d,1D,2,1s.4s,1S,0,5,1,E2,T7378,,
503.932,503.9319,0.0010,19843.9,,5.3935e+07,AAA,[561751.95],[581595.90],1s.3p,1P*,1,1s.4s,1S,0,3,1,,T8636c73,L3501,
,510.9,1.0,19570,,3.4292e+06,AAA,[581595.90],[601169],1s.4s,1S,0,1s.7p,1P*,1,1,3,,T8636c73,,
,520.062,0.010,19228.5,,6.3210e+06,AAA,[581885.11],[601113.58],1s.4p,3P*,1,1s.7d,3D,2,3,5,,T8636c73,,
,520.062,0.010,19228.5,,4.6828e+06,AAA,[581884.71],[601113.19],1s.4p,3P*,0,1s.7d,3D,1,1,3,,T8636c73,,
,520.064,0.010,19228.4,,8.4291e+06,AAA,[581885.83],[601114.24],1s.4p,3P*,2,1s.7d,3D,3,5,7,,T8636c73,,
,520.073,0.010,19228.1,,3.5121e+06,AAA,[581885.11],[601113.19],1s.4p,3P*,1,1s.7d,3D,1,3,3,,T8636c73,,
,520.082,0.010,19227.8,,2.1070e+06,AAA,[581885.83],[601113.58],1s.4p,3P*,2,1s.7d,3D,2,5,5,,T8636c73,,
,520.092,0.010,19227.4,,2.3414e+05,AAA,[581885.83],[601113.19],1s.4p,3P*,2,1s.7d,3D,1,5,3,,T8636c73,,
,533.097,0.010,18758.3,,7.6822e+05,AAA,[581884.71],[600643.03],1s.4p,3P*,0,1s.7s,3S,1,1,3,,T8636c73,,
,533.108,0.010,18757.9,,2.3047e+06,AAA,[581885.11],[600643.03],1s.4p,3P*,1,1s.7s,3S,1,3,3,,T8636c73,,
,533.129,0.010,18757.2,,3.8412e+06,AAA,[581885.83],[600643.03],1s.4p,3P*,2,1s.7s,3S,1,5,3,,T8636c73,,
,540.303,0.010,18508.1,,1.589e+06,AA,[582612.54],[601120.68],1s.4d,3D,2,1s.7f,1F*,3,5,7,,T8636c73,,
,540.32,0.10,18507,,9.9189e+06,AAA,[582612.15],[601119.54],1s.4d,3D,1,1s.7f,3F*,2,3,5,,T8636c73,,
,540.322,0.010,18507.5,,2.130e+05,AA,[582613.20],[601120.68],1s.4d,3D,3,1s.7f,1F*,3,7,7,,T8636c73,,
,540.34,0.10,18507,,8.9075e+06,AAA,[582612.54],[601119.54],1s.4d,3D,2,1s.7f,3F*,3,5,7,,T8636c73,,
,540.34,0.10,18507,,1.8365e+06,AAA,[582612.54],[601119.54],1s.4d,3D,2,1s.7f,3F*,2,5,5,,T8636c73,,
,540.36,0.10,18506,,1.0990e+06,AAA,[582613.20],[601119.54],1s.4d,3D,3,1s.7f,3F*,3,7,7,,T8636c73,,
,540.36,0.10,18506,,1.1808e+07,AAA,[582613.20],[601119.54],1s.4d,3D,3,1s.7f,3F*,4,7,9,,T8636c73,,
,540.36,0.10,18506,,5.2482e+04,AAA,[582613.20],[601119.54],1s.4d,3D,3,1s.7f,3F*,2,7,5,,T8636c73,,
,540.815,0.010,18490.6,,9.9778e+06,AAA,[582630.08],[601120.68],1s.4d,1D,2,1s.7f,1F*,3,5,7,,T8636c73,,
,540.85,0.10,18489,,3.693e+02,AA,[582630.08],[601119.54],1s.4d,1D,2,1s.7f,3F*,2,5,5,,T8636c73,,
,540.85,0.10,18489,,1.796e+06,AA,[582630.08],[601119.54],1s.4d,1D,2,1s.7f,3F*,3,5,7,,T8636c73,,
,541.241,0.010,18476.1,,5.193e+04,AA,[582642.10],[601118.15],1s.4f,3F*,3,1s.7d,1D,2,7,5,,T8636c73,,
,541.273,0.010,18475.0,,1.3011e+05,AAA,[582643.17],[601118.15],1s.4f,1F*,3,1s.7d,1D,2,7,5,,T8636c73,,
,541.356,0.010,18472.1,,4.2047e+02,AAA,[582642.10],[601114.24],1s.4f,3F*,2,1s.7d,3D,3,5,7,,T8636c73,,
,541.356,0.010,18472.1,,1.0369e+04,AAA,[582642.10],[601114.24],1s.4f,3F*,3,1s.7d,3D,3,7,7,,T8636c73,,
,541.356,0.010,18472.1,,1.7029e+05,AAA,[582642.10],[601114.24],1s.4f,3F*,4,1s.7d,3D,3,9,7,,T8636c73,,
,541.375,0.010,18471.5,,1.1797e+05,AAA,[582642.10],[601113.58],1s.4f,3F*,3,1s.7d,3D,2,7,5,,T8636c73,,
,541.375,0.010,18471.5,,2.0600e+04,AAA,[582642.10],[601113.58],1s.4f,3F*,2,1s.7d,3D,2,5,5,,T8636c73,,
,541.387,0.010,18471.1,,1.8543e+05,AAA,[582642.10],[601113.19],1s.4f,3F*,2,1s.7d,3D,1,5,3,,T8636c73,,
,541.387,0.010,18471.1,,4.347e+03,AA,[582643.17],[601114.24],1s.4f,1F*,3,1s.7d,3D,3,7,7,,T8636c73,,
,541.406,0.010,18470.4,,4.686e+04,AA,[582643.17],[601113.58],1s.4f,1F*,3,1s.7d,3D,2,7,5,,T8636c73,,
,539.4,1.0,18540,,7.4249e+05,AAA,[582630.08],[601169],1s.4d,1D,2,1s.7p,1P*,1,5,3,,T8636c73,,
,546.997,0.010,18281.7,,8.5185e+06,AAA,[582836.5],[601118.15],1s.4p,1P*,1,1s.7d,1D,2,3,5,,T8636c73,,
548.507,548.4985,0.0010,18231.3,600c,2.2726e+07,AAA,[476034.11],[494265.70],1s.2s,3S,1,1s.2p,3P*,0,3,1,,T8636c73,L7397,
,548.5927,0.0010,18228.46,,2.2727e+07,AAA,[476034.11],[494262.57],1s.2s,3S,1,1s.2p,3P*,2,3,5,,T8636c73,,
548.717,548.6610,0.0010,18224.3,600c,2.2720e+07,AAA,[476034.11],[494260.30],1s.2s,3S,1,1s.2p,3P*,1,3,3,,T8636c73,L7397,
,552.7,1.0,18090,,5.6589e+06,AAA,[582836.5],[600929.7],1s.4p,1P*,1,1s.7s,1S,0,3,1,,T8636c73,,
,565.545,0.010,17682.1,,4.5795e+06,AAA,[579980.46],[597662.53],1s.4s,3S,1,1s.6p,3P*,2,3,5,,T8636c73,,
,565.566,0.010,17681.4,,4.5797e+06,AAA,[579980.46],[597661.86],1s.4s,3S,1,1s.6p,3P*,1,3,3,,T8636c73,,
,565.578,0.010,17681.0,,4.5795e+06,AAA,[579980.46],[597661.48],1s.4s,3S,1,1s.6p,3P*,0,3,1,,T8636c73,,
,614.034,0.010,16285.8,,2.166e+01,AA,[581595.90],[597881.65],1s.4s,1S,0,1s.6d,1D,2,1,5,E2,T7378,,
,612.0,1.0,16340,,5.1772e+06,AAA,[581595.90],[597936.4],1s.4s,1S,0,1s.6p,1P*,1,1,3,,T8636c73,,
,625.392,0.010,15990.0,,9.9176e+06,AAA,[581885.11],[597875.07],1s.4p,3P*,1,1s.6d,3D,2,3,5,,T8636c73,,
,625.392,0.010,15990.0,,7.3471e+06,AAA,[581884.71],[597874.68],1s.4p,3P*,0,1s.6d,3D,1,1,3,,T8636c73,,
,625.395,0.010,15989.9,,1.3225e+07,AAA,[581885.83],[597875.73],1s.4p,3P*,2,1s.6d,3D,3,5,7,,T8636c73,,
,625.408,0.010,15989.6,,5.5103e+06,AAA,[581885.11],[597874.68],1s.4p,3P*,1,1s.6d,3D,1,3,3,,T8636c73,,
,625.421,0.010,15989.2,,3.3058e+06,AAA,[581885.83],[597875.07],1s.4p,3P*,2,1s.6d,3D,2,5,5,,T8636c73,,
,625.436,0.010,15988.9,,3.6735e+05,AAA,[581885.83],[597874.68],1s.4p,3P*,2,1s.6d,3D,1,5,3,,T8636c73,,
,654.747,0.010,15273.07,,3.131e+06,AA,[582612.54],[597885.61],1s.4d,3D,2,1s.6f,1F*,3,5,7,,T8636c73,,
,654.776,0.010,15272.41,,1.7365e+07,AAA,[582612.15],[597884.56],1s.4d,3D,1,1s.6f,3F*,2,3,5,,T8636c73,,
,654.776,0.010,15272.41,,4.177e+05,AA,[582613.20],[597885.61],1s.4d,3D,3,1s.6f,1F*,3,7,7,,T8636c73,,
,654.792,0.010,15272.02,,3.2150e+06,AAA,[582612.54],[597884.56],1s.4d,3D,2,1s.6f,3F*,2,5,5,,T8636c73,,
,654.792,0.010,15272.02,,1.5246e+07,AAA,[582612.54],[597884.56],1s.4d,3D,2,1s.6f,3F*,3,5,7,,T8636c73,,
,654.821,0.010,15271.36,,9.1879e+04,AAA,[582613.20],[597884.56],1s.4d,3D,3,1s.6f,3F*,2,7,5,,T8636c73,,
,654.821,0.010,15271.36,,2.0673e+07,AAA,[582613.20],[597884.56],1s.4d,3D,3,1s.6f,3F*,4,7,9,,T8636c73,,
,654.821,0.010,15271.36,,1.8793e+06,AAA,[582613.20],[597884.56],1s.4d,3D,3,1s.6f,3F*,3,7,7,,T8636c73,,
,655.500,0.010,15255.53,,1.7092e+07,AAA,[582630.08],[597885.61],1s.4d,1D,2,1s.6f,1F*,3,5,7,,T8636c73,,
,655.545,0.010,15254.48,,6.461e+02,AA,[582630.08],[597884.56],1s.4d,1D,2,1s.6f,3F*,2,5,5,,T8636c73,,
,655.545,0.010,15254.48,,3.542e+06,AA,[582630.08],[597884.56],1s.4d,1D,2,1s.6f,3F*,3,5,7,,T8636c73,,
,656.187,0.010,15239.55,,9.900e+04,AA,[582642.10],[597881.65],1s.4f,3F*,3,1s.6d,1D,2,7,5,,T8636c73,,
,656.233,0.010,15238.48,,2.4840e+05,AAA,[582643.17],[597881.65],1s.4f,1F*,3,1s.6d,1D,2,7,5,,T8636c73,,
,656.324,0.010,15236.37,,1.3056e+06,AAA,[581884.71],[597121.08],1s.4p,3P*,0,1s.6s,3S,1,1,3,,T8636c73,,
,656.342,0.010,15235.97,,3.9167e+06,AAA,[581885.11],[597121.08],1s.4p,3P*,1,1s.6s,3S,1,3,3,,T8636c73,,
,656.373,0.010,15235.25,,6.5280e+06,AAA,[581885.83],[597121.08],1s.4p,3P*,2,1s.6s,3S,1,5,3,,T8636c73,,
,656.442,0.010,15233.63,,1.9769e+04,AAA,[582642.10],[597875.73],1s.4f,3F*,3,1s.6d,3D,3,7,7,,T8636c73,,
,656.442,0.010,15233.63,,8.0165e+02,AAA,[582642.10],[597875.73],1s.4f,3F*,2,1s.6d,3D,3,5,7,,T8636c73,,
,656.442,0.010,15233.63,,3.2466e+05,AAA,[582642.10],[597875.73],1s.4f,3F*,4,1s.6d,3D,3,9,7,,T8636c73,,
,656.471,0.010,15232.97,,2.2504e+05,AAA,[582642.10],[597875.07],1s.4f,3F*,3,1s.6d,3D,2,7,5,,T8636c73,,
,656.471,0.010,15232.97,,3.9275e+04,AAA,[582642.10],[597875.07],1s.4f,3F*,2,1s.6d,3D,2,5,5,,T8636c73,,
,656.488,0.010,15232.58,,3.5353e+05,AAA,[582642.10],[597874.68],1s.4f,3F*,2,1s.6d,3D,1,5,3,,T8636c73,,
,656.488,0.010,15232.56,,8.289e+03,AA,[582643.17],[597875.73],1s.4f,1F*,3,1s.6d,3D,3,7,7,,T8636c73,,
,656.517,0.010,15231.90,,8.922e+04,AA,[582643.17],[597875.07],1s.4f,1F*,3,1s.6d,3D,2,7,5,,T8636c73,,
,653.3,1.0,15306,,1.2963e+06,AAA,[582630.08],[597936.4],1s.4d,1D,2,1s.6p,1P*,1,5,3,,T8636c73,,
,664.666,0.010,15045.15,,1.3880e+07,AAA,[582836.5],[597881.65],1s.4p,1P*,1,1s.6d,1D,2,3,5,,T8636c73,,
,664.435,0.010,15050.38,,2.3329e+04,AAA,[582612.15],[597662.53],1s.4d,3D,1,1s.6p,3P*,2,3,5,,T8636c73,,
,664.452,0.010,15049.99,,3.4986e+05,AAA,[582612.54],[597662.53],1s.4d,3D,2,1s.6p,3P*,2,5,5,,T8636c73,,
,664.465,0.010,15049.71,,5.8322e+05,AAA,[582612.15],[597661.86],1s.4d,3D,1,1s.6p,3P*,1,3,3,,T8636c73,,
,664.481,0.010,15049.33,,2.3329e+06,AAA,[582612.15],[597661.48],1s.4d,3D,1,1s.6p,3P*,0,3,1,,T8636c73,,
,664.482,0.010,15049.32,,1.7493e+06,AAA,[582612.54],[597661.86],1s.4d,3D,2,1s.6p,3P*,1,5,3,,T8636c73,,
,664.481,0.010,15049.33,,1.9596e+06,AAA,[582613.20],[597662.53],1s.4d,3D,3,1s.6p,3P*,2,7,5,,T8636c73,,
,664.957,0.010,15038.57,,1.834e+03,AA,[582836.5],[597875.07],1s.4p,1P*,1,1s.6d,3D,2,3,5,,T8636c73,,
,662.3,1.0,15100,,1.877e+01,AA,[582836.5],[597936.4],1s.4p,1P*,1,1s.6p,1P*,1,3,3,E2,T7378,,
,668.915,0.010,14949.58,,1.6065e+01,AAA,[582630.08],[597579.66],1s.4d,1D,2,1s.6s,1S,0,5,1,E2,T7378,,
,678.281,0.010,14743.16,,9.4930e+06,AAA,[582836.5],[597579.66],1s.4p,1P*,1,1s.6s,1S,0,3,1,,T8636c73,,
,822.817,0.010,12153.37,,6.4409e+06,AAA,[579980.46],[592133.83],1s.4s,3S,1,1s.5p,3P*,2,3,5,,T8636c73,,
,822.862,0.010,12152.70,,6.4409e+06,AAA,[579980.46],[592133.16],1s.4s,3S,1,1s.5p,3P*,1,3,3,,T8636c73,,
,822.888,0.010,12152.32,,6.4407e+06,AAA,[579980.46],[592132.78],1s.4s,3S,1,1s.5p,3P*,0,3,1,,T8636c73,,
851.971,,,11737.49,,,,,,,,,,,,1,1,,,L3501,
,907.235,0.010,11022.50,,7.6774e+06,AAA,[581595.90],[592618.4],1s.4s,1S,0,1s.5p,1P*,1,1,3,,T8636c73,,
,915.947,0.010,10917.66,,4.0723e+01,AAA,[581595.90],[592513.56],1s.4s,1S,0,1s.5d,1D,2,1,5,E2,T7378,,
,940.871,0.010,10628.45,,2.179e+03,AA,[581885.11],[592513.56],1s.4p,3P*,1,1s.5d,1D,2,3,5,,T8636c73,,
,940.935,0.010,10627.73,,8.639e+02,AA,[581885.83],[592513.56],1s.4p,3P*,2,1s.5d,1D,2,5,5,,T8636c73,,
,941.786,0.010,10618.12,,1.1796e+07,AAA,[581884.71],[592502.83],1s.4p,3P*,0,1s.5d,3D,1,1,3,,T8636c73,,
,941.787,0.010,10618.11,,1.5923e+07,AAA,[581885.11],[592503.22],1s.4p,3P*,1,1s.5d,3D,2,3,5,,T8636c73,,
,941.793,0.010,10618.05,,2.1233e+07,AAA,[581885.83],[592503.88],1s.4p,3P*,2,1s.5d,3D,3,5,7,,T8636c73,,
,941.822,0.010,10617.72,,8.8474e+06,AAA,[581885.11],[592502.83],1s.4p,3P*,1,1s.5d,3D,1,3,3,,T8636c73,,
,941.851,0.010,10617.39,,5.3075e+06,AAA,[581885.83],[592503.22],1s.4p,3P*,2,1s.5d,3D,2,5,5,,T8636c73,,
,941.886,0.010,10617.00,,5.8981e+05,AAA,[581885.83],[592502.83],1s.4p,3P*,2,1s.5d,3D,1,5,3,,T8636c73,,
958.405,958.40,0.10,10434.00,,5.1423e+06,AAA,[491373.71],[501807.72],1s.2s,1S,0,1s.2p,1P*,1,1,3,,T8636c73,L4834,
,1001.169,0.010,9988.32,,2.5797e+06,AAA,[582630.08],[592618.4],1s.4d,1D,2,1s.5p,1P*,1,5,3,,T8636c73,,
,1009.316,0.010,9907.70,,7.567e+06,AA,[582612.54],[592520.24],1s.4d,3D,2,1s.5f,1F*,3,5,7,,T8636c73,,
,1009.378,0.010,9907.09,,3.4747e+07,AAA,[582612.15],[592519.24],1s.4d,3D,1,1s.5f,3F*,2,3,5,,T8636c73,,
,1009.383,0.010,9907.04,,1.003e+06,AA,[582613.20],[592520.24],1s.4d,3D,3,1s.5f,1F*,3,7,7,,T8636c73,,
,1009.418,0.010,9906.70,,6.4334e+06,AAA,[582612.54],[592519.24],1s.4d,3D,2,1s.5f,3F*,2,5,5,,T8636c73,,
,1009.418,0.010,9906.70,,2.9203e+07,AAA,[582612.54],[592519.24],1s.4d,3D,2,1s.5f,3F*,3,5,7,,T8636c73,,
,1009.485,0.010,9906.04,,1.8385e+05,AAA,[582613.20],[592519.24],1s.4d,3D,3,1s.5f,3F*,2,7,5,,T8636c73,,
,1009.485,0.010,9906.04,,3.5936e+06,AAA,[582613.20],[592519.24],1s.4d,3D,3,1s.5f,3F*,3,7,7,,T8636c73,,
,1009.485,0.010,9906.04,,4.1365e+07,AAA,[582613.20],[592519.24],1s.4d,3D,3,1s.5f,3F*,4,7,9,,T8636c73,,
,1011.106,0.010,9890.16,,3.2804e+07,AAA,[582630.08],[592520.24],1s.4d,1D,2,1s.5f,1F*,3,5,7,,T8636c73,,
,1011.208,0.010,9889.16,,1.291e+03,AA,[582630.08],[592519.24],1s.4d,1D,2,1s.5f,3F*,2,5,5,,T8636c73,,
,1011.208,0.010,9889.16,,8.574e+06,AA,[582630.08],[592519.24],1s.4d,1D,2,1s.5f,3F*,3,5,7,,T8636c73,,
1012,,,9880,,,,,,,,,,,,1,1,,,L1614,
,1013.021,0.010,9871.46,,2.325e+05,AA,[582642.10],[592513.56],1s.4f,3F*,3,1s.5d,1D,2,7,5,,T8636c73,,
,1013.131,0.010,9870.39,,5.8502e+05,AAA,[582643.17],[592513.56],1s.4f,1F*,3,1s.5d,1D,2,7,5,,T8636c73,,
,1014.016,0.010,9861.78,,4.6475e+04,AAA,[582642.10],[592503.88],1s.4f,3F*,3,1s.5d,3D,3,7,7,,T8636c73,,
,1014.016,0.010,9861.78,,7.6329e+05,AAA,[582642.10],[592503.88],1s.4f,3F*,4,1s.5d,3D,3,9,7,,T8636c73,,
,1014.016,0.010,9861.78,,1.8846e+03,AAA,[582642.10],[592503.88],1s.4f,3F*,2,1s.5d,3D,3,5,7,,T8636c73,,
,1014.084,0.010,9861.12,,9.2333e+04,AAA,[582642.10],[592503.22],1s.4f,3F*,2,1s.5d,3D,2,5,5,,T8636c73,,
,1014.084,0.010,9861.12,,5.2951e+05,AAA,[582642.10],[592503.22],1s.4f,3F*,3,1s.5d,3D,2,7,5,,T8636c73,,
,1014.124,0.010,9860.73,,8.3113e+05,AAA,[582642.10],[592502.83],1s.4f,3F*,2,1s.5d,3D,1,5,3,,T8636c73,,
,1014.126,0.010,9860.71,,1.948e+04,AA,[582643.17],[592503.88],1s.4f,1F*,3,1s.5d,3D,3,7,7,,T8636c73,,
,1014.194,0.010,9860.05,,2.093e+05,AA,[582643.17],[592503.22],1s.4f,1F*,3,1s.5d,3D,2,7,5,,T8636c73,,
,1022.296,0.010,9781.90,,2.8950e+01,AAA,[582836.5],[592618.4],1s.4p,1P*,1,1s.5p,1P*,1,3,3,E2,T7378,,
,1033.372,0.010,9677.06,,2.4422e+07,AAA,[582836.5],[592513.56],1s.4p,1P*,1,1s.5d,1D,2,3,5,,T8636c73,,
,1034.477,0.010,9666.72,,3.635e+03,AA,[582836.5],[592503.22],1s.4p,1P*,1,1s.5d,3D,2,3,5,,T8636c73,,
,1050.235,0.010,9521.68,,4.7599e+04,AAA,[582612.15],[592133.83],1s.4d,3D,1,1s.5p,3P*,2,3,5,,T8636c73,,
,1050.278,0.010,9521.29,,7.1388e+05,AAA,[582612.54],[592133.83],1s.4d,3D,2,1s.5p,3P*,2,5,5,,T8636c73,,
,1050.309,0.010,9521.01,,1.1900e+06,AAA,[582612.15],[592133.16],1s.4d,3D,1,1s.5p,3P*,1,3,3,,T8636c73,,
,1050.351,0.010,9520.63,,4.7601e+06,AAA,[582612.15],[592132.78],1s.4d,3D,1,1s.5p,3P*,0,3,1,,T8636c73,,
,1050.351,0.010,9520.63,,3.9985e+06,AAA,[582613.20],[592133.83],1s.4d,3D,3,1s.5p,3P*,2,7,5,,T8636c73,,
,1050.352,0.010,9520.62,,3.5694e+06,AAA,[582612.54],[592133.16],1s.4d,3D,2,1s.5p,3P*,1,5,3,,T8636c73,,
,1052.216,0.010,9503.75,,1.432e+02,AA,[582630.08],[592133.83],1s.4d,1D,2,1s.5p,3P*,2,5,5,,T8636c73,,
,1052.290,0.010,9503.08,,6.579e+02,AA,[582630.08],[592133.16],1s.4d,1D,2,1s.5p,3P*,1,5,3,,T8636c73,,
,1068.536,0.010,9358.60,,2.3547e+01,AAA,[582630.08],[591988.68],1s.4d,1D,2,1s.5s,1S,0,5,1,E2,T7378,,
,1075.421,0.010,9298.68,,2.5638e+06,AAA,[581884.71],[591183.39],1s.4p,3P*,0,1s.5s,3S,1,1,3,,T8636c73,,
,1075.468,0.010,9298.28,,7.6913e+06,AAA,[581885.11],[591183.39],1s.4p,3P*,1,1s.5s,3S,1,3,3,,T8636c73,,
,1075.551,0.010,9297.56,,1.2819e+07,AAA,[581885.83],[591183.39],1s.4p,3P*,2,1s.5s,3S,1,5,3,,T8636c73,,
,1092.636,0.010,9152.18,,1.8062e+07,AAA,[582836.5],[591988.68],1s.4p,1P*,1,1s.5s,1S,0,3,1,,T8636c73,,
,1089.3,1.0,9180,,1.7726e+06,AAA,[591988.68],[601169],1s.5s,1S,0,1s.7p,1P*,1,1,3,,T8636c73,,
,1112.967,0.010,8984.99,,3.683e+02,AA,[592133.16],[601118.15],1s.5p,3P*,1,1s.7d,1D,2,3,5,,T8636c73,,
,1113.050,0.010,8984.32,,1.462e+02,AA,[592133.83],[601118.15],1s.5p,3P*,2,1s.7d,1D,2,5,5,,T8636c73,,
,1113.534,0.010,8980.42,,3.1955e+06,AAA,[592133.16],[601113.58],1s.5p,3P*,1,1s.7d,3D,2,3,5,,T8636c73,,
,1113.535,0.010,8980.41,,2.3673e+06,AAA,[592132.78],[601113.19],1s.5p,3P*,0,1s.7d,3D,1,1,3,,T8636c73,,
,1113.535,0.010,8980.41,,4.2612e+06,AAA,[592133.83],[601114.24],1s.5p,3P*,2,1s.7d,3D,3,5,7,,T8636c73,,
,1113.582,0.010,8980.03,,1.7755e+06,AAA,[592133.16],[601113.19],1s.5p,3P*,1,1s.7d,3D,1,3,3,,T8636c73,,
,1113.617,0.010,8979.75,,1.0652e+06,AAA,[592133.83],[601113.58],1s.5p,3P*,2,1s.7d,3D,2,5,5,,T8636c73,,
,1113.665,0.010,8979.36,,1.1837e+05,AAA,[592133.83],[601113.19],1s.5p,3P*,2,1s.7d,3D,1,5,3,,T8636c73,,
,1160.435,0.010,8617.46,,9.408e+05,AA,[592503.22],[601120.68],1s.5d,3D,2,1s.7f,1F*,3,5,7,,T8636c73,,
,1160.524,0.010,8616.80,,1.252e+05,AA,[592503.88],[601120.68],1s.5d,3D,3,1s.7f,1F*,3,7,7,,T8636c73,,
,1160.54,0.10,8616.7,,5.8303e+06,AAA,[592502.83],[601119.54],1s.5d,3D,1,1s.7f,3F*,2,3,5,,T8636c73,,
,1160.59,0.10,8616.3,,5.2289e+06,AAA,[592503.22],[601119.54],1s.5d,3D,2,1s.7f,3F*,3,5,7,,T8636c73,,
,1160.59,0.10,8616.3,,1.0795e+06,AAA,[592503.22],[601119.54],1s.5d,3D,2,1s.7f,3F*,2,5,5,,T8636c73,,
,1160.68,0.10,8615.7,,6.4602e+05,AAA,[592503.88],[601119.54],1s.5d,3D,3,1s.7f,3F*,3,7,7,,T8636c73,,
,1160.68,0.10,8615.7,,3.0847e+04,AAA,[592503.88],[601119.54],1s.5d,3D,3,1s.7f,3F*,2,7,5,,T8636c73,,
,1160.68,0.10,8615.7,,6.9408e+06,AAA,[592503.88],[601119.54],1s.5d,3D,3,1s.7f,3F*,4,7,9,,T8636c73,,
,1161.829,0.010,8607.12,,5.8720e+06,AAA,[592513.56],[601120.68],1s.5d,1D,2,1s.7f,1F*,3,5,7,,T8636c73,,
,1161.98,0.10,8606.0,,1.747e+02,AA,[592513.56],[601119.54],1s.5d,1D,2,1s.7f,3F*,2,5,5,,T8636c73,,
,1161.98,0.10,8606.0,,1.065e+06,AA,[592513.56],[601119.54],1s.5d,1D,2,1s.7f,3F*,3,5,7,,T8636c73,,
,1162.938,0.010,8598.91,,6.464e+04,AA,[592519.24],[601118.15],1s.5f,3F*,3,1s.7d,1D,2,7,5,,T8636c73,,
,1163.073,0.010,8597.91,,2.4461e+05,AAA,[592520.24],[601118.15],1s.5f,1F*,3,1s.7d,1D,2,7,5,,T8636c73,,
,1163.467,0.010,8595.00,,1.9498e+04,AAA,[592519.24],[601114.24],1s.5f,3F*,3,1s.7d,3D,3,7,7,,T8636c73,,
,1163.467,0.010,8595.00,,2.8856e+05,AAA,[592519.24],[601114.24],1s.5f,3F*,4,1s.7d,3D,3,9,7,,T8636c73,,
,1163.467,0.010,8595.00,,7.1247e+02,AAA,[592519.24],[601114.24],1s.5f,3F*,2,1s.7d,3D,3,5,7,,T8636c73,,
,1163.556,0.010,8594.34,,3.4907e+04,AAA,[592519.24],[601113.58],1s.5f,3F*,2,1s.7d,3D,2,5,5,,T8636c73,,
,1163.556,0.010,8594.34,,2.2119e+05,AAA,[592519.24],[601113.58],1s.5f,3F*,3,1s.7d,3D,2,7,5,,T8636c73,,
,1163.603,0.010,8594.00,,5.440e+03,AA,[592520.24],[601114.24],1s.5f,1F*,3,1s.7d,3D,3,7,7,,T8636c73,,
,1163.609,0.010,8593.95,,3.1421e+05,AAA,[592519.24],[601113.19],1s.5f,3F*,2,1s.7d,3D,1,5,3,,T8636c73,,
,1163.692,0.010,8593.34,,5.812e+04,AA,[592520.24],[601113.58],1s.5f,1F*,3,1s.7d,3D,2,7,5,,T8636c73,,
,1175.054,0.010,8510.25,,5.5963e+05,AAA,[592132.78],[600643.03],1s.5p,3P*,0,1s.7s,3S,1,1,3,,T8636c73,,
,1175.106,0.010,8509.87,,1.6789e+06,AAA,[592133.16],[600643.03],1s.5p,3P*,1,1s.7s,3S,1,3,3,,T8636c73,,
,1175.199,0.010,8509.20,,2.7982e+06,AAA,[592133.83],[600643.03],1s.5p,3P*,2,1s.7s,3S,1,5,3,,T8636c73,,
,1176.505,0.010,8499.75,,4.7266e+06,AAA,[592618.4],[601118.15],1s.5p,1P*,1,1s.7d,1D,2,3,5,,T8636c73,,
,1155.3,1.0,8655,,7.4110e+05,AAA,[592513.56],[601169],1s.5d,1D,2,1s.7p,1P*,1,5,3,,T8636c73,,
,1177.138,0.010,8495.18,,5.865e+02,AA,[592618.4],[601113.58],1s.5p,1P*,1,1s.7d,3D,2,3,5,,T8636c73,,
,1203.2,1.0,8311,,4.1540e+06,AAA,[592618.4],[600929.7],1s.5p,1P*,1,1s.7s,1S,0,3,1,,T8636c73,,
,1543.41,0.10,6479.1,,1.9530e+06,AAA,[591183.39],[597662.53],1s.5s,3S,1,1s.6p,3P*,2,3,5,,T8636c73,,
,1543.57,0.10,6478.5,,1.9530e+06,AAA,[591183.39],[597661.86],1s.5s,3S,1,1s.6p,3P*,1,3,3,,T8636c73,,
,1543.66,0.10,6478.1,,1.9530e+06,AAA,[591183.39],[597661.48],1s.5s,3S,1,1s.6p,3P*,0,3,1,,T8636c73,,
,1696.94,0.10,5893.0,,8.4423e+00,AAA,[591988.68],[597881.65],1s.5s,1S,0,1s.6d,1D,2,1,5,E2,T7378,,
,1681.3,1.4,5948,,2.4268e+06,AAA,[591988.68],[597936.4],1s.5s,1S,0,1s.6p,1P*,1,1,3,,T8636c73,,
,1739.59,0.10,5748.5,,5.602e+02,AA,[592133.16],[597881.65],1s.5p,3P*,1,1s.6d,1D,2,3,5,,T8636c73,,
,1739.79,0.10,5747.8,,2.251e+02,AA,[592133.83],[597881.65],1s.5p,3P*,2,1s.6d,1D,2,5,5,,T8636c73,,
,1741.58,0.10,5741.9,,4.6165e+06,AAA,[592133.16],[597875.07],1s.5p,3P*,1,1s.6d,3D,2,3,5,,T8636c73,,
,1741.58,0.10,5741.9,,6.1561e+06,AAA,[592133.83],[597875.73],1s.5p,3P*,2,1s.6d,3D,3,5,7,,T8636c73,,
,1741.58,0.10,5741.9,,3.4200e+06,AAA,[592132.78],[597874.68],1s.5p,3P*,0,1s.6d,3D,1,1,3,,T8636c73,,
,1741.70,0.10,5741.5,,2.5650e+06,AAA,[592133.16],[597874.68],1s.5p,3P*,1,1s.6d,3D,1,3,3,,T8636c73,,
,1741.78,0.10,5741.2,,1.5388e+06,AAA,[592133.83],[597875.07],1s.5p,3P*,2,1s.6d,3D,2,5,5,,T8636c73,,
,1741.90,0.10,5740.9,,1.7100e+05,AAA,[592133.83],[597874.68],1s.5p,3P*,2,1s.6d,3D,1,5,3,,T8636c73,,
,1857.91,0.10,5382.4,,1.761e+06,AA,[592503.22],[597885.61],1s.5d,3D,2,1s.6f,1F*,3,5,7,,T8636c73,,
,1858.14,0.10,5381.7,,9.7012e+06,AAA,[592502.83],[597884.56],1s.5d,3D,1,1s.6f,3F*,2,3,5,,T8636c73,,
,1858.14,0.10,5381.7,,2.333e+05,AA,[592503.88],[597885.61],1s.5d,3D,3,1s.6f,1F*,3,7,7,,T8636c73,,
,1858.27,0.10,5381.3,,8.5053e+06,AAA,[592503.22],[597884.56],1s.5d,3D,2,1s.6f,3F*,3,5,7,,T8636c73,,
,1858.27,0.10,5381.3,,1.7962e+06,AAA,[592503.22],[597884.56],1s.5d,3D,2,1s.6f,3F*,2,5,5,,T8636c73,,
,1858.50,0.10,5380.7,,5.1329e+04,AAA,[592503.88],[597884.56],1s.5d,3D,3,1s.6f,3F*,2,7,5,,T8636c73,,
,1858.50,0.10,5380.7,,1.0499e+06,AAA,[592503.88],[597884.56],1s.5d,3D,3,1s.6f,3F*,3,7,7,,T8636c73,,
,1858.50,0.10,5380.7,,1.1549e+07,AAA,[592503.88],[597884.56],1s.5d,3D,3,1s.6f,3F*,4,7,9,,T8636c73,,
,1861.49,0.10,5372.0,,9.5706e+06,AAA,[592513.56],[597885.61],1s.5d,1D,2,1s.6f,1F*,3,5,7,,T8636c73,,
,1861.85,0.10,5371.0,,1.998e+06,AA,[592513.56],[597884.56],1s.5d,1D,2,1s.6f,3F*,3,5,7,,T8636c73,,
,1861.85,0.10,5371.0,,2.901e+02,AA,[592513.56],[597884.56],1s.5d,1D,2,1s.6f,3F*,2,5,5,,T8636c73,,
,1864.83,0.10,5362.4,,1.320e+05,AA,[592519.24],[597881.65],1s.5f,3F*,3,1s.6d,1D,2,7,5,,T8636c73,,
,1865.18,0.10,5361.4,,5.0019e+05,AAA,[592520.24],[597881.65],1s.5f,1F*,3,1s.6d,1D,2,7,5,,T8636c73,,
,1866.89,0.10,5356.5,,1.4559e+03,AAA,[592519.24],[597875.73],1s.5f,3F*,2,1s.6d,3D,3,5,7,,T8636c73,,
,1866.89,0.10,5356.5,,3.9841e+04,AAA,[592519.24],[597875.73],1s.5f,3F*,3,1s.6d,3D,3,7,7,,T8636c73,,
,1866.89,0.10,5356.5,,5.8964e+05,AAA,[592519.24],[597875.73],1s.5f,3F*,4,1s.6d,3D,3,9,7,,T8636c73,,
,1867.12,0.10,5355.8,,7.1326e+04,AAA,[592519.24],[597875.07],1s.5f,3F*,2,1s.6d,3D,2,5,5,,T8636c73,,
,1867.12,0.10,5355.8,,4.5215e+05,AAA,[592519.24],[597875.07],1s.5f,3F*,3,1s.6d,3D,2,7,5,,T8636c73,,
,1867.24,0.10,5355.5,,1.111e+04,AA,[592520.24],[597875.73],1s.5f,1F*,3,1s.6d,3D,3,7,7,,T8636c73,,
,1867.26,0.10,5355.4,,6.4204e+05,AAA,[592519.24],[597874.68],1s.5f,3F*,2,1s.6d,3D,1,5,3,,T8636c73,,
,1867.47,0.10,5354.8,,1.185e+05,AA,[592520.24],[597875.07],1s.5f,1F*,3,1s.6d,3D,2,7,5,,T8636c73,,
,1840.5,1.7,5433,,1.869e+02,AA,[592503.22],[597936.4],1s.5d,3D,2,1s.6p,1P*,1,5,3,,T8636c73,,
,1844.1,1.7,5423,,1.3307e+06,AAA,[592513.56],[597936.4],1s.5d,1D,2,1s.6p,1P*,1,5,3,,T8636c73,,
,1899.97,0.10,5263.2,,7.4661e+06,AAA,[592618.4],[597881.65],1s.5p,1P*,1,1s.6d,1D,2,3,5,,T8636c73,,
,1902.35,0.10,5256.7,,9.947e+02,AA,[592618.4],[597875.07],1s.5p,1P*,1,1s.6d,3D,2,3,5,,T8636c73,,
,1880.4,1.9,5318,,6.8769e+00,AAA,[592618.4],[597936.4],1s.5p,1P*,1,1s.6p,1P*,1,3,3,E2,T7378,,
,1938.10,0.10,5159.7,,2.3355e+04,AAA,[592502.83],[597662.53],1s.5d,3D,1,1s.6p,3P*,2,3,5,,T8636c73,,
,1938.24,0.10,5159.3,,3.5027e+05,AAA,[592503.22],[597662.53],1s.5d,3D,2,1s.6p,3P*,2,5,5,,T8636c73,,
,1938.35,0.10,5159.0,,5.8388e+05,AAA,[592502.83],[597661.86],1s.5d,3D,1,1s.6p,3P*,1,3,3,,T8636c73,,
,1938.49,0.10,5158.7,,2.3355e+06,AAA,[592502.83],[597661.48],1s.5d,3D,1,1s.6p,3P*,0,3,1,,T8636c73,,
,1938.49,0.10,5158.7,,1.9619e+06,AAA,[592503.88],[597662.53],1s.5d,3D,3,1s.6p,3P*,2,7,5,,T8636c73,,
,1938.50,0.10,5158.6,,1.7514e+06,AAA,[592503.22],[597661.86],1s.5d,3D,2,1s.6p,3P*,1,5,3,,T8636c73,,
,1942.14,0.10,5149.0,,5.653e+01,AA,[592513.56],[597662.53],1s.5d,1D,2,1s.6p,3P*,2,5,5,,T8636c73,,
,1942.39,0.10,5148.3,,2.568e+02,AA,[592513.56],[597661.86],1s.5d,1D,2,1s.6p,3P*,1,5,3,,T8636c73,,
,1973.90,0.10,5066.1,,7.5929e+00,AAA,[592513.56],[597579.66],1s.5d,1D,2,1s.6s,1S,0,5,1,E2,T7378,,
,2004.69,0.10,4988.30,,1.0112e+06,AAA,[592132.78],[597121.08],1s.5p,3P*,0,1s.6s,3S,1,1,3,,T8636c73,,
,2004.84,0.10,4987.92,,3.0336e+06,AAA,[592133.16],[597121.08],1s.5p,3P*,1,1s.6s,3S,1,3,3,,T8636c73,,
,2005.11,0.10,4987.25,,5.0560e+06,AAA,[592133.83],[597121.08],1s.5p,3P*,2,1s.6s,3S,1,5,3,,T8636c73,,
,2015.62,0.10,4961.26,,7.2900e+06,AAA,[592618.4],[597579.66],1s.5p,1P*,1,1s.6s,1S,0,3,1,,T8636c73,,
,2106.21,0.10,4747.87,,2.5664e+06,AAA,[554753.58],[559501.45],1s.3s,3S,1,1s.3p,3P*,0,3,1,,T8636c73,,
,2106.61,0.10,4746.97,,2.5664e+06,AAA,[554753.58],[559500.55],1s.3s,3S,1,1s.3p,3P*,2,3,5,,T8636c73,,
,2107.07,0.10,4745.92,,2.5664e+06,AAA,[554753.58],[559499.5],1s.3s,3S,1,1s.3p,3P*,1,3,3,,T8636c73,,
,2893.28,0.10,3456.29,,1.922e+02,AA,[597661.86],[601118.15],1s.6p,3P*,1,1s.7d,1D,2,3,5,,T8636c73,,
,2893.84,0.10,3455.62,,7.794e+01,AA,[597662.53],[601118.15],1s.6p,3P*,2,1s.7d,1D,2,5,5,,T8636c73,,
,2897.11,0.10,3451.72,,1.6997e+06,AAA,[597661.86],[601113.58],1s.6p,3P*,1,1s.7d,3D,2,3,5,,T8636c73,,
,2897.11,0.10,3451.71,,2.2664e+06,AAA,[597662.53],[601114.24],1s.6p,3P*,2,1s.7d,3D,3,5,7,,T8636c73,,
,2897.11,0.10,3451.71,,1.2591e+06,AAA,[597661.48],[601113.19],1s.6p,3P*,0,1s.7d,3D,1,1,3,,T8636c73,,
,2897.43,0.10,3451.33,,9.4433e+05,AAA,[597661.86],[601113.19],1s.6p,3P*,1,1s.7d,3D,1,3,3,,T8636c73,,
,2897.67,0.10,3451.05,,5.6651e+05,AAA,[597662.53],[601113.58],1s.6p,3P*,2,1s.7d,3D,2,5,5,,T8636c73,,
,2898.00,0.10,3450.66,,6.2955e+04,AAA,[597662.53],[601113.19],1s.6p,3P*,2,1s.7d,3D,1,5,3,,T8636c73,,
,2786,23,3590,,9.4994e+05,AAA,[597579.66],[601169],1s.6s,1S,0,1s.7p,1P*,1,1,3,,T8636c73,,
,3143,5,3182,,2.8507e+06,AAA,[597936.4],[601118.15],1s.6p,1P*,1,1s.7d,1D,2,3,5,,T8636c73,,
,3147,5,3177,,3.566e+02,AA,[597936.4],[601113.58],1s.6p,1P*,1,1s.7d,3D,2,3,5,,T8636c73,,
,3081.08,0.10,3245.61,,5.622e+05,AA,[597875.07],[601120.68],1s.6d,3D,2,1s.7f,1F*,3,5,7,,T8636c73,,
,3081.71,0.10,3244.95,,7.458e+04,AA,[597875.73],[601120.68],1s.6d,3D,3,1s.7f,1F*,3,7,7,,T8636c73,,
,3081.8,1.0,3244.9,,3.4733e+06,AAA,[597874.68],[601119.54],1s.6d,3D,1,1s.7f,3F*,2,3,5,,T8636c73,,
,3082.2,1.0,3244.5,,6.4313e+05,AAA,[597875.07],[601119.54],1s.6d,3D,2,1s.7f,3F*,2,5,5,,T8636c73,,
,3082.2,1.0,3244.5,,3.1134e+06,AAA,[597875.07],[601119.54],1s.6d,3D,2,1s.7f,3F*,3,5,7,,T8636c73,,
,3082.8,1.0,3243.8,,3.8486e+05,AAA,[597875.73],[601119.54],1s.6d,3D,3,1s.7f,3F*,3,7,7,,T8636c73,,
,3082.8,1.0,3243.8,,4.1350e+06,AAA,[597875.73],[601119.54],1s.6d,3D,3,1s.7f,3F*,4,7,9,,T8636c73,,
,3082.8,1.0,3243.8,,1.8377e+04,AAA,[597875.73],[601119.54],1s.6d,3D,3,1s.7f,3F*,2,7,5,,T8636c73,,
,3087.34,0.10,3239.03,,3.5078e+06,AAA,[597881.65],[601120.68],1s.6d,1D,2,1s.7f,1F*,3,5,7,,T8636c73,,
,3088.4,1.0,3237.9,,6.388e+05,AA,[597881.65],[601119.54],1s.6d,1D,2,1s.7f,3F*,3,5,7,,T8636c73,,
,3088.4,1.0,3237.9,,9.329e+01,AA,[597881.65],[601119.54],1s.6d,1D,2,1s.7f,3F*,2,5,5,,T8636c73,,
,3092.54,0.10,3233.59,,7.071e+04,AA,[597884.56],[601118.15],1s.6f,3F*,3,1s.7d,1D,2,7,5,,T8636c73,,
,3093.54,0.10,3232.54,,3.3719e+05,AAA,[597885.61],[601118.15],1s.6f,1F*,3,1s.7d,1D,2,7,5,,T8636c73,,
,3096.28,0.10,3229.68,,2.6881e+04,AAA,[597884.56],[601114.24],1s.6f,3F*,3,1s.7d,3D,3,7,7,,T8636c73,,
,3096.28,0.10,3229.68,,3.8018e+05,AAA,[597884.56],[601114.24],1s.6f,3F*,4,1s.7d,3D,3,9,7,,T8636c73,,
,3096.28,0.10,3229.68,,9.3872e+02,AAA,[597884.56],[601114.24],1s.6f,3F*,2,1s.7d,3D,3,5,7,,T8636c73,,
,3096.91,0.10,3229.02,,4.5990e+04,AAA,[597884.56],[601113.58],1s.6f,3F*,2,1s.7d,3D,2,5,5,,T8636c73,,
,3096.91,0.10,3229.02,,3.0452e+05,AAA,[597884.56],[601113.58],1s.6f,3F*,3,1s.7d,3D,2,7,5,,T8636c73,,
,3097.29,0.10,3228.63,,4.1398e+05,AAA,[597884.56],[601113.19],1s.6f,3F*,2,1s.7d,3D,1,5,3,,T8636c73,,
,3097.29,0.10,3228.63,,5.974e+03,AA,[597885.61],[601114.24],1s.6f,1F*,3,1s.7d,3D,3,7,7,,T8636c73,,
,3097.92,0.10,3227.97,,6.346e+04,AA,[597885.61],[601113.58],1s.6f,1F*,3,1s.7d,3D,2,7,5,,T8636c73,,
,3036,28,3290,,8.957e+01,AA,[597875.07],[601169],1s.6d,3D,2,1s.7p,1P*,1,5,3,,T8636c73,,
,3040,30,3290,,7.1428e+05,AAA,[597881.65],[601169],1s.6d,1D,2,1s.7p,1P*,1,5,3,,T8636c73,,
,3341,6,2993,,3.3705e+06,AAA,[597936.4],[600929.7],1s.6p,1P*,1,1s.7s,1S,0,3,1,,T8636c73,,
,3353.96,0.10,2981.55,,4.6001e+05,AAA,[597661.48],[600643.03],1s.6p,3P*,0,1s.7s,3S,1,1,3,,T8636c73,,
,3354.39,0.10,2981.17,,1.3801e+06,AAA,[597661.86],[600643.03],1s.6p,3P*,1,1s.7s,3S,1,3,3,,T8636c73,,
,3355.14,0.10,2980.50,,2.3001e+06,AAA,[597662.53],[600643.03],1s.6p,3P*,2,1s.7s,3S,1,5,3,,T8636c73,,
,3361.41,0.10,2974.94,,7.1274e+05,AAA,[558777.01],[561751.95],1s.3s,1S,0,1s.3p,1P*,1,1,3,,T8636c73,,
,3464.3,1.0,2886.6,,6.481e-02,AA,[491373.71],[494260.30],1s.2s,1S,0,1s.2p,3P*,1,1,3,,T8636c73,,
,4006.83,0.10,2495.74,,2.6724e-03,AAA,[558777.01],[561272.75],1s.3s,1S,0,1s.3d,1D,2,1,5,E2,T7378,,
,5248.3,1.0,1905.4,,5.6681e+05,AAA,[579980.46],[581885.83],1s.4s,3S,1,1s.4p,3P*,2,3,5,,T8636c73,,
,5250.3,1.0,1904.7,,5.6679e+05,AAA,[579980.46],[581885.11],1s.4s,3S,1,1s.4p,3P*,1,3,3,,T8636c73,,
,5251.4,1.0,1904.2,,5.6680e+05,AAA,[579980.46],[581884.71],1s.4s,3S,1,1s.4p,3P*,0,3,1,,T8636c73,,
,5639.4,1.0,1773.2,,2.854e+01,AA,[559499.5],[561272.75],1s.3p,3P*,1,1s.3d,1D,2,3,5,,T8636c73,,
,5642.7,1.0,1772.2,,1.043e+01,AA,[559500.55],[561272.75],1s.3p,3P*,2,1s.3d,1D,2,5,5,,T8636c73,,
,5734.2,1.0,1743.9,,4.5877e+04,AAA,[559499.5],[561243.43],1s.3p,3P*,1,1s.3d,3D,1,3,3,,T8636c73,,
,5737.6,1.0,1742.9,,3.0585e+03,AAA,[559500.55],[561243.43],1s.3p,3P*,2,1s.3d,3D,1,5,3,,T8636c73,,
,5738.0,1.0,1742.8,,8.2552e+04,AAA,[559499.5],[561242.28],1s.3p,3P*,1,1s.3d,3D,2,3,5,,T8636c73,,
,5739.4,1.0,1742.3,,1.1011e+05,AAA,[559500.55],[561242.90],1s.3p,3P*,2,1s.3d,3D,3,5,7,,T8636c73,,
,5740.6,1.0,1742.0,,6.1169e+04,AAA,[559501.45],[561243.43],1s.3p,3P*,0,1s.3d,3D,1,1,3,,T8636c73,,
,5741.4,1.0,1741.7,,2.7516e+04,AAA,[559500.55],[561242.28],1s.3p,3P*,2,1s.3d,3D,2,5,5,,T8636c73,,
,8060.6,1.0,1240.60,,1.7027e+05,AAA,[581595.90],[582836.5],1s.4s,1S,0,1s.4p,1P*,1,1,3,,T8636c73,,
,9669.5,1.0,1034.18,,4.6618e-04,AAA,[581595.90],[582630.08],1s.4s,1S,0,1s.4d,1D,2,1,5,E2,T7378,,
,10521.4,1.0,950.44,,1.7817e+05,AAA,[591183.39],[592133.83],1s.5s,3S,1,1s.5p,3P*,2,3,5,,T8636c73,,
,10528.9,1.0,949.77,,1.7817e+05,AAA,[591183.39],[592133.16],1s.5s,3S,1,1s.5p,3P*,1,3,3,,T8636c73,,
,10533.1,1.0,949.39,,1.7817e+05,AAA,[591183.39],[592132.78],1s.5s,3S,1,1s.5p,3P*,0,3,1,,T8636c73,,
,13423,3,744.97,,4.860e+00,AA,[581885.11],[582630.08],1s.4p,3P*,1,1s.4d,1D,2,3,5,,T8636c73,,
,13436,3,744.25,,1.834e+00,AA,[581885.83],[582630.08],1s.4p,3P*,2,1s.4d,1D,2,5,5,,T8636c73,,
,13747,4,727.44,,1.8876e+04,AAA,[581884.71],[582612.15],1s.4p,3P*,0,1s.4d,3D,1,1,3,,T8636c73,,
,13747,3,727.43,,2.5476e+04,AAA,[581885.11],[582612.54],1s.4p,3P*,1,1s.4d,3D,2,3,5,,T8636c73,,
,13748,3,727.37,,3.3976e+04,AAA,[581885.83],[582613.20],1s.4p,3P*,2,1s.4d,3D,3,5,7,,T8636c73,,
,13754,4,727.04,,1.4157e+04,AAA,[581885.11],[582612.15],1s.4p,3P*,1,1s.4d,3D,1,3,3,,T8636c73,,
,13761,3,726.71,,8.4924e+03,AAA,[581885.83],[582612.54],1s.4p,3P*,2,1s.4d,3D,2,5,5,,T8636c73,,
,13768,4,726.32,,9.4377e+02,AAA,[581885.83],[582612.15],1s.4p,3P*,2,1s.4d,3D,1,5,3,,T8636c73,,
,15880,58,629.7,,5.5748e+04,AAA,[591988.68],[592618.4],1s.5s,1S,0,1s.5p,1P*,1,1,3,,T8636c73,,
,18469,5,541.45,,6.9682e+04,AAA,[597121.08],[597662.53],1s.6s,3S,1,1s.6p,3P*,2,3,5,,T8636c73,,
,18492,5,540.78,,6.9682e+04,AAA,[597121.08],[597661.86],1s.6s,3S,1,1s.6p,3P*,1,3,3,,T8636c73,,
,18505,5,540.40,,6.9683e+04,AAA,[597121.08],[597661.48],1s.6s,3S,1,1s.6p,3P*,0,3,1,,T8636c73,,
,19052,8,524.88,,1.0745e-04,AAA,[591988.68],[592513.56],1s.5s,1S,0,1s.5d,1D,2,1,5,E2,T7378,,
,19621,7,509.67,,1.499e+00,AA,[561242.28],[561751.95],1s.3d,3D,2,1s.3p,1P*,1,5,3,,T8636c73,,
,19665,10,508.5,,6.438e-04,AA,[561243.43],[561751.95],1s.3d,3D,1,1s.3p,1P*,1,3,3,,T8636c73,,
,20868.1,1.0,479.200,,3.7260e+03,AAA,[561272.75],[561751.95],1s.3d,1D,2,1s.3p,1P*,1,5,3,,T8636c73,,
,26288,12,380.40,,1.397e+00,AA,[592133.16],[592513.56],1s.5p,3P*,1,1s.5d,1D,2,3,5,,T8636c73,,
,26335,13,379.73,,5.347e-01,AA,[592133.83],[592513.56],1s.5p,3P*,2,1s.5d,1D,2,5,5,,T8636c73,,
,27023,16,370.05,,6.7787e+03,AAA,[592132.78],[592502.83],1s.5p,3P*,0,1s.5d,3D,1,1,3,,T8636c73,,
,27023,10,370.05,,1.2201e+04,AAA,[592133.83],[592503.88],1s.5p,3P*,2,1s.5d,3D,3,5,7,,T8636c73,,
,27023,10,370.06,,9.1498e+03,AAA,[592133.16],[592503.22],1s.5p,3P*,1,1s.5d,3D,2,3,5,,T8636c73,,
,27051,16,369.67,,5.0840e+03,AAA,[592133.16],[592502.83],1s.5p,3P*,1,1s.5d,3D,1,3,3,,T8636c73,,
,27072,10,369.39,,3.0500e+03,AAA,[592133.83],[592503.22],1s.5p,3P*,2,1s.5d,3D,2,5,5,,T8636c73,,
,27100,16,369.00,,3.3893e+02,AAA,[592133.83],[592502.83],1s.5p,3P*,2,1s.5d,3D,1,5,3,,T8636c73,,
,19000,1100,530,,6.147e-02,AA,[600643.03],[601169],1s.7s,3S,1,1s.7p,1P*,1,3,3,,T8636c73,,
,33114,23,301.99,,3.1288e-05,AAA,[597579.66],[597881.65],1s.6s,1S,0,1s.6d,1D,2,1,5,E2,T7378,,
,28000,400,357,,2.2351e+04,AAA,[597579.66],[597936.4],1s.6s,1S,0,1s.6p,1P*,1,1,3,,T8636c73,,
,45500,40,219.79,,5.240e-01,AA,[597661.86],[597881.65],1s.6p,3P*,1,1s.6d,1D,2,3,5,,T8636c73,,
,45640,40,219.12,,2.023e-01,AA,[597662.53],[597881.65],1s.6p,3P*,2,1s.6d,1D,2,5,5,,T8636c73,,
,44570,240,224.3,,2.157e-04,AA,[582612.15],[582836.5],1s.4d,3D,1,1s.4p,1P*,1,3,3,,T8636c73,,
,44650,240,224.0,,2.804e-01,AA,[582612.54],[582836.5],1s.4d,3D,2,1s.4p,1P*,1,5,3,,T8636c73,,
,46900,30,213.20,,5.1174e+03,AAA,[597662.53],[597875.73],1s.6p,3P*,2,1s.6d,3D,3,5,7,,T8636c73,,
,46900,50,213.20,,2.8429e+03,AAA,[597661.48],[597874.68],1s.6p,3P*,0,1s.6d,3D,1,1,3,,T8636c73,,
,46900,30,213.21,,3.8375e+03,AAA,[597661.86],[597875.07],1s.6p,3P*,1,1s.6d,3D,2,3,5,,T8636c73,,
,46990,50,212.82,,2.1322e+03,AAA,[597661.86],[597874.68],1s.6p,3P*,1,1s.6d,3D,1,3,3,,T8636c73,,
,47050,30,212.54,,1.2791e+03,AAA,[597662.53],[597875.07],1s.6p,3P*,2,1s.6d,3D,2,5,5,,T8636c73,,
,47140,50,212.15,,1.4215e+02,AAA,[597662.53],[597874.68],1s.6p,3P*,2,1s.6d,3D,1,5,3,,T8636c73,,
,48440,280,206.4,,1.2024e+03,AAA,[582630.08],[582836.5],1s.4d,1D,2,1s.4p,1P*,1,5,3,,T8636c73,,
,86530,1730,115.6,,8.057e-05,AA,[592502.83],[592618.4],1s.5d,3D,1,1s.5p,1P*,1,3,3,,T8636c73,,
,86820,1740,115.2,,8.421e-02,AA,[592503.22],[592618.4],1s.5d,3D,2,1s.5p,1P*,1,5,3,,T8636c73,,
,95400,2100,104.8,,4.4135e+02,AAA,[592513.56],[592618.4],1s.5d,1D,2,1s.5p,1P*,1,5,3,,T8636c73,,
