obs_wl_vac(nm),unc_obs_wl,ritz_wl_vac(nm),intens,Aki(s^-1),Acc,Ei(cm-1),Ek(cm-1),conf_i,term_i,J_i,conf_k,term_k,J_k,Type,tp_ref,line_ref,Unnamed: 17
78.2494,0.0005,78.25003,300,1.0e+07,,0.000,127795.481,5d10.6s,2S,1/2,5d10.8p,2P*,3/2,,T7226,L11760,
78.7757,0.0005,78.77623,150,3.1e+07,,0.000,126941.844,5d10.6s,2S,1/2,5d10.8p,2P*,1/2,,T7226,L11760,
80.2469,0.0005,80.24729,250,1.9e+07,,0.000,124614.794,5d10.6s,2S,1/2,5d9.6s.6p,"(2D<3/2>,1P<1>)*",3/2,,T7226,L11760,
82.1329,0.0005,82.13300,15000,1.4e+08,,0.000,121753.739,5d10.6s,2S,1/2,5d9.6s.6p,"(2D<3/2>,1P<1>)*",1/2,,T7226,L11760,
89.3085,0.0005,89.30847,200000,5.8e+07,,0.000,111971.464,5d10.6s,2S,1/2,5d10.7p,2P*,3/2,,T7226,L11760,
89.3287,0.0005,,2000,,,,,,,,,,,,,L11760,
91.5819,0.0005,91.58210,120000,1.3e+09,,0.000,109191.648,5d10.6s,2S,1/2,5d9.6s.6p,"(2D<3/2>,3P<2>)*",3/2,,T7226,L11760,
92.3377,0.0005,92.33765,350,6.5e+08,,0.000,108298.183,5d10.6s,2S,1/2,5d10.7p,2P*,1/2,,T7226,L11760,
94.0736,0.0005,94.07391,25000,7.0e+08,,0.000,106299.401,5d10.6s,2S,1/2,5d9.6s.6p,"(2D<3/2>,3P<2>)*",1/2,,T7226,L11760,
94.2630,0.0005,94.26313,200000,1.6e+09,,0.000,106086.013,5d10.6s,2S,1/2,5d9.6s.6p,"(2D<5/2>,1P<1>)*",3/2,,T7226,L11760,
96.2711,0.0005,96.27113,250000,2.0e+09,,0.000,103873.302,5d10.6s,2S,1/2,5d9.6s.6p,"(2D<3/2>,3P<1>)*",1/2,,T7226,L11760,
96.9142,0.0005,96.91437,250000,6.8e+08,,0.000,103183.874,5d10.6s,2S,1/2,5d9.6s.6p,"(2D<3/2>,3P<1>)*",3/2,,T7226,L11760,
102.2965,0.0005,102.29666,50,1.0e+06,,35514.624,133269.525,5d9.6s2,2D,5/2,5d10.6f,2F*,7/2,,T7226,L11760,
102.7570,0.0005,102.75713,100,1.6e+08,,60608.362,157925.207,5d10.6p,2P*,3/2,5d9.6p2,"(2D<5/2>,3P<2>)",5/2,,T7226,L11760,
102.9908,0.0005,102.99109,6000,1.2e+05,,0.000,97095.774,5d10.6s,2S,1/2,5d9.6s.6p,"(2D<3/2>,3P<0>)*",3/2,,T7226,L11760,
103.3737,0.0005,103.37370,25,8.2e+06,,51486.070,148222.473,5d10.6p,2P*,1/2,5d9.6s.6d,"[(2D<5/2>,1/2)<2>,3/2]",3/2,,T7226,L11760,
103.4691,0.0005,103.46904,20,1.6e+07,,51486.070,148133.339,5d10.6p,2P*,1/2,5d9.6s.6d,"[(2D<5/2>,1/2)<2>,3/2]",1/2,,T7226,L11760,
103.9631,0.0005,103.96315,200000,3.0e+08,,0.000,96187.932,5d10.6s,2S,1/2,5d9.6s.6p,"(2D<5/2>,3P<2>)*",1/2,,T7226,L11760,
105.2960,0.0005,,150,,,,,,,,,,,,,L11760,
106.2780,0.0004,106.27802,200000,5.2e+07,,0.000,94092.834,5d10.6s,2S,1/2,5d9.6s.6p,"(2D<5/2>,3P<2>)*",3/2,,T7226,L11760,
107.0369,0.0005,107.03697,120,2.3e+07,,51486.070,144911.731,5d10.6p,2P*,1/2,5d9.6s.6d,"[(2D<5/2>,1/2)<3>,5/2]",3/2,,T7226,L11760,
107.3337,0.0005,107.33344,15l,9.2e+06,,51486.070,144653.677,5d10.6p,2P*,1/2,5d10.11d,2D,3/2,,T7226,L11760,
107.4416,0.0005,107.44168,12,3.0e+06,,51486.070,144559.816,5d10.6p,2P*,1/2,5d9.6s.6d,"[(2D<5/2>,1/2)<3>,3/2]",3/2,,T7226,L11760,
108.3646,0.0004,108.36484,500,1.5e+07,,35514.624,127795.481,5d9.6s2,2D,5/2,5d10.8p,2P*,3/2,,T7226,L11760,
109.6804,0.0005,109.68014,40,2.1e+07,,51486.070,142660.277,5d10.6p,2P*,1/2,5d10.10d,2D,3/2,,T7226,L11760,
110.5878,0.0005,110.58742,50,3.8e+07,,51486.070,141912.265,5d10.6p,2P*,1/2,5d10.11s,2S,1/2,,T7226,L11760,
112.2335,0.0005,112.23323,8,2.0e+07,,35514.624,124614.794,5d9.6s2,2D,5/2,5d9.6s.6p,"(2D<3/2>,1P<1>)*",3/2,,T7226,L11760,
112.8046,0.0004,,40,,,,,,,,,,,,,L11760,
113.7700,0.0005,113.76988,15,3.2e+06,,35514.624,123411.351,5d9.6s2,2D,5/2,5d10.5f,2F*,5/2,,T7226,L11760,
114.1042,0.0004,114.10425,15,9.2e+06,,35514.624,123153.775,5d9.6s2,2D,5/2,5d10.5f,2F*,7/2,,T7226,L11760,
115.6795,0.0004,115.67945,90,2.3e+07,,35514.624,121960.399,5d9.6s2,2D,5/2,5d9.6s.6p,"(2D<3/2>,1P<1>)*",5/2,,T7226,L11760,
116.0382,0.0004,116.03825,900,7.8e+07,,0.000,86178.478,5d10.6s,2S,1/2,5d9.6s.6p,"(2D<5/2>,3P<1>)*",3/2,,T7226,L11760,
116.2197,0.0004,116.21974,5,4.7e+07,,60608.362,146652.263,5d10.6p,2P*,3/2,5d9.6p2,"(2D<5/2>,3P<0>)",5/2,,T7226,L11760,
120.3706,0.0004,120.37057,50,9.0e+07,,51486.070,134562.854,5d10.6p,2P*,1/2,5d10.8d,2D,3/2,,T7226,L11760,
123.3433,0.0004,123.34338,60,4.6e+07,,51486.070,132560.550,5d10.6p,2P*,1/2,5d10.9s,2S,1/2,,T7226,L11760,
125.7404,0.0004,125.74066,15,3.5e+06,,60608.362,140137.134,5d10.6p,2P*,3/2,5d9.6s.7s,"[(2D<5/2>,1/2)<2>,1/2]",5/2,,T7226,L11760,
126.4541,0.0004,126.45431,20h,4.3e+07,,60608.362,139688.308,5d10.6p,2P*,3/2,5d10.9d,2D,5/2,,T7226,L11760,
126.8828,0.0005,,15h,,,,,,,,,,,,,L11760,
127.6793,0.0005,,10h,,,,,,,,,,,,,L11760,
127.8444,0.0004,127.84463,40,3.7e+08,,79705.262,157925.207,5d9.6s.6p,"(2D<5/2>,3P<0>)*",5/2,5d9.6p2,"(2D<5/2>,3P<2>)",5/2,,T7226,L11760,
128.4912,0.0005,128.49124,40,3.4e+07,,60608.362,138434.682,5d10.6p,2P*,3/2,5d10.10s,2S,1/2,,T7226,L11760,
129.4665,0.0005,129.46674,75,2.2e+07,,50555.567,127795.481,5d9.6s2,2D,3/2,5d10.8p,2P*,3/2,,T7226,L11760,
130.0374,0.0005,,15,,,,,,,,,,,,,L11760,
130.4429,0.0004,,40,,,,,,,,,,,,,L11760,
130.7928,0.0004,130.79275,1200,6.5e+08,,35514.624,111971.464,5d9.6s2,2D,5/2,5d10.7p,2P*,3/2,,T7226,L11760,
130.8153,0.0004,,150,,,,,,,,,,,,,L11760,
130.9135,0.0004,130.91357,130,1.4e+08,,50555.567,126941.844,5d9.6s2,2D,3/2,5d10.8p,2P*,1/2,,T7226,L11760,
131.3964,0.0004,131.39611,15,3.7e+06,,60608.362,136714.118,5d10.6p,2P*,3/2,5d9.6s.7s,"[(2D<5/2>,1/2)<3>,1/2]",5/2,,T7226,L11760,
132.1713,0.0004,132.17116,2000,6.7e+08,,35514.624,111174.092,5d9.6s2,2D,5/2,5d9.6s.6p,"(2D<3/2>,3P<2>)*",5/2,,T7226,L11760,
132.3042,0.0004,132.30377,60p,6.3e+08,,79705.262,155288.900,5d9.6s.6p,"(2D<5/2>,3P<0>)*",5/2,5d9.6p2,"(2D<5/2>,3P<1>)",5/2,,T7226,L11760,
133.1737,0.0004,133.17384,2000,5.4e+08,,35514.624,110604.447,5d9.6s2,2D,5/2,5d9.6s.6p,"(2D<3/2>,3P<2>)*",7/2,,T7226,L11760,
134.7240,0.0004,,100,,,,,,,,,,,,,L11760,
134.7775,0.0004,134.77771,120,9.1e+08,,84212.404,158408.647,5d9.6s.6p,"(2D<5/2>,3P<1>)*",7/2,5d9.6p2,"(2D<5/2>,3P<2>)",7/2,,T7226,L11760,
134.9689,0.0004,134.96897,50,8.8e+07,,60608.362,134699.466,5d10.6p,2P*,3/2,5d10.8d,2D,5/2,,T7226,L11760,
135.0268,0.0004,135.02706,4000,2.2e+09,,50555.567,124614.794,5d9.6s2,2D,3/2,5d9.6s.6p,"(2D<3/2>,1P<1>)*",3/2,,T7226,L11760,
135.2186,0.0005,135.21829,5,1.5e+07,,60608.362,134562.854,5d10.6p,2P*,3/2,5d10.8d,2D,3/2,,T7226,L11760,
135.2496,0.0005,135.24960,20,1.4e+08,,95187.361,169124.734,5d9.6s.6p,"(2D<5/2>,3P<2>)*",7/2,5d9.6p2,"(2D<5/2>,1D<2>)",7/2,,T7226,L11760,
135.4289,0.0004,135.42894,400,2.1e+08,,51486.070,125325.531,5d10.6p,2P*,1/2,5d10.7d,2D,3/2,,T7226,L11760,
135.6982,0.0005,135.69789,20w,1.1e+09,,84212.404,157905.52,5d9.6s.6p,"(2D<5/2>,3P<1>)*",7/2,5d9.6p2,"(2D<5/2>,3P<2>)",9/2,,T7226,L11760,
135.7276,0.0004,135.72752,120,2.5e+07,,35514.624,109191.648,5d9.6s2,2D,5/2,5d9.6s.6p,"(2D<3/2>,3P<2>)*",3/2,,T7226,L11760,
135.9203,0.0004,135.92034,90,6.6e+08,,84836.143,158408.647,5d9.6s.6p,"(2D<5/2>,3P<1>)*",5/2,5d9.6p2,"(2D<5/2>,3P<2>)",7/2,,T7226,L11760,
135.9932,0.0005,,20,,,,,,,,,,,,,L11760,
136.1263,0.0004,136.12645,6000,1.6e+09,,35514.624,108975.732,5d9.6s2,2D,5/2,5d9.6s.6p,"(2D<5/2>,1P<1>)*",5/2,,T7226,L11760,
136.8194,0.0004,136.81937,12,3.5e+08,,84836.143,157925.207,5d9.6s.6p,"(2D<5/2>,3P<1>)*",5/2,5d9.6p2,"(2D<5/2>,3P<2>)",5/2,,T7226,L11760,
137.2573,0.0004,137.25746,1200,5.7e+08,,50555.567,123411.351,5d9.6s2,2D,3/2,5d10.5f,2F*,5/2,,T7226,L11760,
137.9543,0.0006,,15,,,,,,,,,,,,,L11760,
138.2203,0.0004,138.22017,300,1.5e+09,,79705.262,152053.602,5d9.6s.6p,"(2D<5/2>,3P<0>)*",5/2,5d9.6p2,"(2D<5/2>,3P<1>)",7/2,,T7226,L11760,
138.9812,0.0004,138.98118,60,7.0e+07,,60608.362,132560.550,5d10.6p,2P*,3/2,5d10.9s,2S,1/2,,T7226,L11760,
139.3791,0.0010,139.37918,40p,6.0e+08,,86178.478,157925.207,5d9.6s.6p,"(2D<5/2>,3P<1>)*",3/2,5d9.6p2,"(2D<5/2>,3P<2>)",5/2,,T7226,L11760,
140.0461,0.0004,140.04654,2000,1.6e+09,,50555.567,121960.399,5d9.6s2,2D,3/2,5d9.6s.6p,"(2D<3/2>,1P<1>)*",5/2,,T7226,L11760,
140.4534,0.0003,140.45304,800,2.0e+09,,50555.567,121753.739,5d9.6s2,2D,3/2,5d9.6s.6p,"(2D<3/2>,1P<1>)*",1/2,,T7226,L11760,
140.6940,0.0004,140.69349,50,1.8e+08,,84212.404,155288.900,5d9.6s.6p,"(2D<5/2>,3P<1>)*",7/2,5d9.6p2,"(2D<5/2>,3P<1>)",5/2,,T7226,L11760,
141.4420,0.0004,141.44185,45000,1.8e+09,,35514.624,106215.059,5d9.6s2,2D,5/2,5d9.6s.6p,"(2D<5/2>,1P<1>)*",7/2,,T7226,L11760,
141.7005,0.0004,141.70048,15000,1.1e+09,,35514.624,106086.013,5d9.6s2,2D,5/2,5d9.6s.6p,"(2D<5/2>,1P<1>)*",3/2,,T7226,L11760,
141.9393,0.0004,141.93909,150,7.3e+08,,84836.143,155288.900,5d9.6s.6p,"(2D<5/2>,3P<1>)*",5/2,5d9.6p2,"(2D<5/2>,3P<1>)",5/2,,T7226,L11760,
142.9992,0.0004,142.99901,150,8.5e+07,,51486.070,121416.626,5d10.6p,2P*,1/2,5d10.8s,2S,1/2,,T7226,L11760,
144.6961,0.0004,144.69598,80,1.6e+08,,86178.478,155288.900,5d9.6s.6p,"(2D<5/2>,3P<1>)*",3/2,5d9.6p2,"(2D<5/2>,3P<1>)",5/2,,T7226,L11760,
145.9482,0.0004,145.94873,20,1.1e+08,,79705.262,148222.473,5d9.6s.6p,"(2D<5/2>,3P<0>)*",5/2,5d9.6s.6d,"[(2D<5/2>,1/2)<2>,3/2]",3/2,,T7226,L11760,
147.4029,0.0004,147.40306,40,2.1e+08,,84212.404,152053.602,5d9.6s.6p,"(2D<5/2>,3P<1>)*",7/2,5d9.6p2,"(2D<5/2>,3P<1>)",7/2,,T7226,L11760,
147.7776,0.0004,147.77761,3500,3.8e+08,,35514.624,103183.874,5d9.6s2,2D,5/2,5d9.6s.6p,"(2D<3/2>,3P<1>)*",3/2,,T7226,L11760,
148.6563,0.0004,148.65658,5,8.9e+07,,91139.508,158408.647,5d9.6s.6p,"(2D<5/2>,3P<2>)*",9/2,5d9.6p2,"(2D<5/2>,3P<2>)",7/2,,T7226,L11760,
149.1545,0.0004,149.1543,40,3.5e+08,,94092.834,161137.50,5d9.6s.6p,"(2D<5/2>,3P<2>)*",3/2,5d9.6s.6d,"[(2D<3/2>,1/2)<1>,3/2]",5/2,,T7226,L11760,
149.6997,0.0004,149.69966,150,4.0e+08,,79705.262,146505.679,5d9.6s.6p,"(2D<5/2>,3P<0>)*",5/2,5d9.6s.6d,"[(2D<5/2>,1/2)<3>,5/2]",7/2,,T7226,L11760,
149.7767,0.0003,149.77681,25w,1.2e+09,,91139.508,157905.52,5d9.6s.6p,"(2D<5/2>,3P<2>)*",9/2,5d9.6p2,"(2D<5/2>,3P<2>)",9/2,,T7226,L11760,
150.9135,0.0004,150.91371,35,7.2e+07,,79705.262,145968.295,5d9.6s.6p,"(2D<5/2>,3P<0>)*",5/2,5d9.6s.6d,"[(2D<5/2>,1/2)<3>,3/2]",7/2,,T7226,L11760,
151.1622,0.0004,151.16237,250,9.3e+08,,79705.262,145859.294,5d9.6s.6p,"(2D<5/2>,3P<0>)*",5/2,5d9.6s.6d,"[(2D<5/2>,1/2)<3>,3/2]",5/2,,T7226,L11760,
152.7501,0.0005,152.75035,125,3.0e+08,,79705.262,145171.560,5d9.6s.6p,"(2D<5/2>,3P<0>)*",5/2,5d9.6s.6d,"[(2D<5/2>,1/2)<3>,5/2]",5/2,,T7226,L11760,
153.0298,0.0004,153.02981,800,6.0e+06,,35514.624,100861.369,5d9.6s2,2D,5/2,5d9.6s.6p,"(2D<3/2>,3P<1>)*",5/2,,T7226,L11760,
153.3589,0.0004,153.35902,125,3.8e+08,,79705.262,144911.731,5d9.6s.6p,"(2D<5/2>,3P<0>)*",5/2,5d9.6s.6d,"[(2D<5/2>,1/2)<3>,5/2]",3/2,,T7226,L11760,
153.9140,0.0004,153.91417,800,1.8e+08,,60608.362,125579.636,5d10.6p,2P*,3/2,5d10.7d,2D,5/2,,T7226,L11760,
153.9708,0.0005,153.97046,3w,1.6e+08,,97095.774,162043.299,5d9.6s.6p,"(2D<3/2>,3P<0>)*",3/2,5d9.6s.6d,"[(2D<3/2>,1/2)<1>,5/2]",5/2,,T7226,L11760,
154.1910,0.0004,154.19118,350,1.2e+09,,79705.262,144559.816,5d9.6s.6p,"(2D<5/2>,3P<0>)*",5/2,5d9.6s.6d,"[(2D<5/2>,1/2)<3>,3/2]",3/2,,T7226,L11760,
154.5184,0.0004,154.51850,125,3.0e+07,,60608.362,125325.531,5d10.6p,2P*,3/2,5d10.7d,2D,3/2,,T7226,L11760,
156.1149,0.0004,156.11499,20,2.4e+08,,100861.369,164916.716,5d9.6s.6p,"(2D<3/2>,3P<1>)*",5/2,5d9.6s.6d,"[(2D<3/2>,1/2)<2>,5/2]",7/2,,T7226,L11760,
156.1479,0.0005,156.1482,300u,8.2e+08,,97095.774,161137.50,5d9.6s.6p,"(2D<3/2>,3P<0>)*",3/2,5d9.6s.6d,"[(2D<3/2>,1/2)<1>,3/2]",5/2,,T7226,L11760,
156.6602,0.0004,156.66032,10,1.8e+08,,94092.834,157925.207,5d9.6s.6p,"(2D<5/2>,3P<2>)*",3/2,5d9.6p2,"(2D<5/2>,3P<2>)",5/2,,T7226,L11760,
157.7621,0.0004,157.76272,50,1.3e+08,,84836.143,148222.473,5d9.6s.6p,"(2D<5/2>,3P<1>)*",5/2,5d9.6s.6d,"[(2D<5/2>,1/2)<2>,3/2]",3/2,,T7226,L11760,
158.1748,0.0003,158.17457,250,7.0e+08,,95187.361,158408.647,5d9.6s.6p,"(2D<5/2>,3P<2>)*",7/2,5d9.6p2,"(2D<5/2>,3P<2>)",7/2,,T7226,L11760,
158.4674,0.0003,158.46728,125,3.0e+08,,95304.138,158408.647,5d9.6s.6p,"(2D<5/2>,3P<2>)*",5/2,5d9.6p2,"(2D<5/2>,3P<2>)",7/2,,T7226,L11760,
158.9581,0.0005,158.95806,100,9.0e+08,,106215.059,169124.734,5d9.6s.6p,"(2D<5/2>,1P<1>)*",7/2,5d9.6p2,"(2D<5/2>,1D<2>)",7/2,,T7226,L11760,
159.1451,0.0005,,10,,,,,,,,,,,,,L11760,
159.3932,0.0004,159.39342,60,6.2e+08,,95187.361,157925.207,5d9.6s.6p,"(2D<5/2>,3P<2>)*",7/2,5d9.6p2,"(2D<5/2>,3P<2>)",5/2,,T7226,L11760,
159.6904,0.0004,159.69066,25,3.2e+08,,95304.138,157925.207,5d9.6s.6p,"(2D<5/2>,3P<2>)*",5/2,5d9.6p2,"(2D<5/2>,3P<2>)",5/2,,T7226,L11760,
159.9601,0.0003,159.96017,500,6.3e+08,,84212.404,146727.968,5d9.6s.6p,"(2D<5/2>,3P<1>)*",7/2,5d9.6s.6d,"[(2D<5/2>,1/2)<3>,5/2]",9/2,,T7226,L11760,
160.1541,0.0003,160.15411,400,1.0e+09,,84212.404,146652.263,5d9.6s.6p,"(2D<5/2>,3P<1>)*",7/2,5d9.6p2,"(2D<5/2>,3P<0>)",5/2,,T7226,L11760,
160.5311,0.0003,160.53097,400,4.0e+08,,84212.404,146505.679,5d9.6s.6p,"(2D<5/2>,3P<1>)*",7/2,5d9.6s.6d,"[(2D<5/2>,1/2)<3>,5/2]",7/2,,T7226,L11760,
161.1763,0.0003,161.17595,60,6.2e+08,,86178.478,148222.473,5d9.6s.6p,"(2D<5/2>,3P<1>)*",3/2,5d9.6s.6d,"[(2D<5/2>,1/2)<2>,3/2]",3/2,,T7226,L11760,
161.4083,0.0002,161.40784,300,1.3e+09,,86178.478,148133.339,5d9.6s.6p,"(2D<5/2>,3P<1>)*",3/2,5d9.6s.6d,"[(2D<5/2>,1/2)<2>,3/2]",1/2,,T7226,L11760,
161.7703,0.0002,161.77010,200,4.0e+08,,84836.143,146652.263,5d9.6s.6p,"(2D<5/2>,3P<1>)*",5/2,5d9.6p2,"(2D<5/2>,3P<0>)",5/2,,T7226,L11760,
161.9279,0.0002,161.92787,200,2.8e+08,,84212.404,145968.295,5d9.6s.6p,"(2D<5/2>,3P<1>)*",7/2,5d9.6s.6d,"[(2D<5/2>,1/2)<3>,3/2]",7/2,,T7226,L11760,
162.1549,0.0003,162.15462,50,1.8e+07,,84836.143,146505.679,5d9.6s.6p,"(2D<5/2>,3P<1>)*",5/2,5d9.6s.6d,"[(2D<5/2>,1/2)<3>,5/2]",7/2,,T7226,L11760,
162.2141,0.0003,162.21418,200,3.7e+08,,84212.404,145859.294,5d9.6s.6p,"(2D<5/2>,3P<1>)*",7/2,5d9.6s.6d,"[(2D<5/2>,1/2)<3>,3/2]",5/2,,T7226,L11760,
162.3874,0.0002,162.38735,2000,2.0e+07,,35514.624,97095.774,5d9.6s2,2D,5/2,5d9.6s.6p,"(2D<3/2>,3P<0>)*",3/2,,T7226,L11760,
163.4094,0.0003,163.40920,150,2.0e+08,,94092.834,155288.900,5d9.6s.6p,"(2D<5/2>,3P<2>)*",3/2,5d9.6p2,"(2D<5/2>,3P<1>)",5/2,,T7226,L11760,
163.5801,0.0002,163.58004,170,8.8e+07,,84836.143,145968.295,5d9.6s.6p,"(2D<5/2>,3P<1>)*",5/2,5d9.6s.6d,"[(2D<5/2>,1/2)<3>,3/2]",7/2,,T7226,L11760,
163.8723,0.0002,163.87223,30,1.6e+07,,84836.143,145859.294,5d9.6s.6p,"(2D<5/2>,3P<1>)*",5/2,5d9.6s.6d,"[(2D<5/2>,1/2)<3>,3/2]",5/2,,T7226,L11760,
164.0443,0.0002,164.04427,200,1.2e+08,,84212.404,145171.560,5d9.6s.6p,"(2D<5/2>,3P<1>)*",7/2,5d9.6s.6d,"[(2D<5/2>,1/2)<3>,5/2]",5/2,,T7226,L11760,
164.1657,0.0002,164.16562,200,8.8e+08,,91139.508,152053.602,5d9.6s.6p,"(2D<5/2>,3P<2>)*",9/2,5d9.6p2,"(2D<5/2>,3P<1>)",7/2,,T7226,L11760,
164.3310,0.0004,,300,,,,,,,,,,,,,L11760,
164.4514,0.0002,164.45133,500,1.1e+08,,60608.362,121416.626,5d10.6p,2P*,3/2,5d10.8s,2S,1/2,,T7226,L11760,
164.9662,0.0002,164.96607,1500,6.3e+07,,50555.567,111174.092,5d9.6s2,2D,3/2,5d9.6s.6p,"(2D<3/2>,3P<2>)*",5/2,,T7226,L11760,
164.9937,0.0003,164.99373,400000E,1.2e+09,,0.000,60608.362,5d10.6s,2S,1/2,5d10.6p,2P*,3/2,,T7226,L11760,
165.3609,0.0002,165.36091,3,2.0e+08,,86178.478,146652.263,5d9.6s.6p,"(2D<5/2>,3P<1>)*",3/2,5d9.6p2,"(2D<5/2>,3P<0>)",5/2,,T7226,L11760,
165.5438,0.0002,165.54385,500,3.4e+08,,84212.404,144619.360,5d9.6s.6p,"(2D<5/2>,3P<1>)*",7/2,5d9.6s.6d,"[(2D<5/2>,1/2)<3>,3/2]",9/2,,T7226,L11760,
166.2531,0.0005,166.25380,3u,1.1e+09,,108975.732,169124.734,5d9.6s.6p,"(2D<5/2>,1P<1>)*",5/2,5d9.6p2,"(2D<5/2>,1D<2>)",7/2,,T7226,L11760,
166.3850,0.0002,166.38509,25,3.3e+08,,95187.361,155288.900,5d9.6s.6p,"(2D<5/2>,3P<2>)*",7/2,5d9.6p2,"(2D<5/2>,3P<1>)",5/2,,T7226,L11760,
166.7090,0.0002,166.70901,30,3.2e+08,,95304.138,155288.900,5d9.6s.6p,"(2D<5/2>,3P<2>)*",5/2,5d9.6p2,"(2D<5/2>,3P<1>)",5/2,,T7226,L11760,
167.2537,0.0003,167.25341,40000,3.2e+07,,35514.624,95304.138,5d9.6s2,2D,5/2,5d9.6s.6p,"(2D<5/2>,3P<2>)*",5/2,,T7226,L11760,
167.4378,0.0003,167.43779,10,5.2e+07,,84836.143,144559.816,5d9.6s.6p,"(2D<5/2>,3P<1>)*",5/2,5d9.6s.6d,"[(2D<5/2>,1/2)<3>,3/2]",3/2,,T7226,L11760,
167.5581,0.0003,167.55803,2,2.0e+07,,86178.478,145859.294,5d9.6s.6p,"(2D<5/2>,3P<1>)*",3/2,5d9.6s.6d,"[(2D<5/2>,1/2)<3>,3/2]",5/2,,T7226,L11760,
167.5809,0.0002,167.58072,4500,1.2e+06,,35514.624,95187.361,5d9.6s2,2D,5/2,5d9.6s.6p,"(2D<5/2>,3P<2>)*",7/2,,T7226,L11760,
168.8728,0.0003,168.87296,5,1.0e+07,,79705.262,138921.375,5d9.6s.6p,"(2D<5/2>,3P<0>)*",5/2,5d9.6s.7s,"[(2D<5/2>,1/2)<2>,1/2]",3/2,,T7226,L11760,
169.5114,0.0002,169.51140,200,2.3e+08,,86178.478,145171.560,5d9.6s.6p,"(2D<5/2>,3P<1>)*",3/2,5d9.6s.6d,"[(2D<5/2>,1/2)<3>,5/2]",5/2,,T7226,L11760,
170.2612,0.0002,170.26130,30,4.0e+07,,86178.478,144911.731,5d9.6s.6p,"(2D<5/2>,3P<1>)*",3/2,5d9.6s.6d,"[(2D<5/2>,1/2)<3>,5/2]",3/2,,T7226,L11760,
170.3527,0.0004,170.35294,20,9.0e+07,,106215.059,164916.716,5d9.6s.6p,"(2D<5/2>,1P<1>)*",7/2,5d9.6s.6d,"[(2D<3/2>,1/2)<2>,5/2]",7/2,,T7226,L11760,
170.5433,0.0002,170.54346,200,5.5e+06,,50555.567,109191.648,5d9.6s2,2D,3/2,5d9.6s.6p,"(2D<3/2>,3P<2>)*",3/2,,T7226,L11760,
170.7119,0.0002,170.71194,1500,2.3e+06,,35514.624,94092.834,5d9.6s2,2D,5/2,5d9.6s.6p,"(2D<5/2>,3P<2>)*",3/2,,T7226,L11760,
170.8806,0.0004,170.88091,10,2.1e+08,,110604.447,169124.734,5d9.6s.6p,"(2D<3/2>,3P<2>)*",7/2,5d9.6p2,"(2D<5/2>,1D<2>)",7/2,,T7226,L11760,
171.1738,0.0002,171.17377,600,1.6e+06,,50555.567,108975.732,5d9.6s2,2D,3/2,5d9.6s.6p,"(2D<5/2>,1P<1>)*",5/2,,T7226,L11760,
171.2874,0.0002,171.28761,30,4.8e+07,,86178.478,144559.816,5d9.6s.6p,"(2D<5/2>,3P<1>)*",3/2,5d9.6s.6d,"[(2D<5/2>,1/2)<3>,3/2]",3/2,,T7226,L11760,
171.8416,0.0004,171.84160,12,6.0e+07,,97095.774,155288.900,5d9.6s.6p,"(2D<3/2>,3P<0>)*",3/2,5d9.6p2,"(2D<5/2>,3P<1>)",5/2,,T7226,L11760,
173.1823,0.0002,173.18232,700,1.3e+07,,50555.567,108298.183,5d9.6s2,2D,3/2,5d10.7p,2P*,1/2,,T7226,L11760,
175.4112,0.0002,175.41134,30,1.8e+07,,79705.262,136714.118,5d9.6s.6p,"(2D<5/2>,3P<0>)*",5/2,5d9.6s.7s,"[(2D<5/2>,1/2)<3>,1/2]",5/2,,T7226,L11760,
178.7598,0.0003,178.75982,5,1.8e+08,,108975.732,164916.716,5d9.6s.6p,"(2D<5/2>,1P<1>)*",5/2,5d9.6s.6d,"[(2D<3/2>,1/2)<2>,5/2]",7/2,,T7226,L11760,
179.2775,0.0003,,20h,,,,,,,,,,,,,L11760,
179.3921,0.0002,179.39204,500,2.6e+06,,50555.567,106299.401,5d9.6s2,2D,3/2,5d9.6s.6p,"(2D<3/2>,3P<2>)*",1/2,,T7226,L11760,
179.8650,0.0002,179.86473,5000,3.1e+08,,79705.262,135302.600,5d9.6s.6p,"(2D<5/2>,3P<0>)*",5/2,5d9.6s.7s,"[(2D<5/2>,1/2)<3>,1/2]",7/2,,T7226,L11760,
179.8934,0.0002,179.89345,500,3.4e+08,,91139.508,146727.968,5d9.6s.6p,"(2D<5/2>,3P<2>)*",9/2,5d9.6s.6d,"[(2D<5/2>,1/2)<3>,5/2]",9/2,,T7226,L11760,
180.0815,0.0003,180.08139,1500,1.2e+07,,50555.567,106086.013,5d9.6s2,2D,3/2,5d9.6s.6p,"(2D<5/2>,1P<1>)*",3/2,,T7226,L11760,
180.6158,0.0002,180.61570,90,7.1e+07,,91139.508,146505.679,5d9.6s.6p,"(2D<5/2>,3P<2>)*",9/2,5d9.6s.6d,"[(2D<5/2>,1/2)<3>,5/2]",7/2,,T7226,L11760,
180.8287,0.0003,180.82859,300,7.0e+07,,84836.143,140137.134,5d9.6s.6p,"(2D<5/2>,3P<1>)*",5/2,5d9.6s.7s,"[(2D<5/2>,1/2)<2>,1/2]",5/2,,T7226,L11760,
182.0720,0.0003,182.07207,5000,1.1e+09,,91139.508,146062.814,5d9.6s.6p,"(2D<5/2>,3P<2>)*",9/2,5d9.6s.6d,"[(2D<5/2>,1/2)<3>,5/2]",11/2,,T7226,L11760,
182.3859,0.0002,182.38594,60,2.6e+07,,91139.508,145968.295,5d9.6s.6p,"(2D<5/2>,3P<2>)*",9/2,5d9.6s.6d,"[(2D<5/2>,1/2)<3>,3/2]",7/2,,T7226,L11760,
182.5121,0.0003,182.51206,3,2.3e+06,,84836.143,139627.043,5d9.6s.6p,"(2D<5/2>,3P<1>)*",5/2,5d10.9d,2D,3/2,,T7226,L11760,
183.2556,0.0003,,3l,,,,,,,,,,,,,L11760,
183.6672,0.0003,183.66749,3,9.1e+07,,95187.361,149633.577,5d9.6s.6p,"(2D<5/2>,3P<2>)*",7/2,5d9.6s.6d,"[(2D<5/2>,1/2)<2>,5/2]",7/2,,T7226,L11760,
184.0623,0.0003,184.06227,1000h,6.5e+08,,95304.138,149633.577,5d9.6s.6p,"(2D<5/2>,3P<2>)*",5/2,5d9.6s.6d,"[(2D<5/2>,1/2)<2>,5/2]",7/2,,T7226,L11760,
184.1204,0.0003,184.12046,7,2.2e+08,,110604.447,164916.716,5d9.6s.6p,"(2D<3/2>,3P<2>)*",7/2,5d9.6s.6d,"[(2D<3/2>,1/2)<2>,5/2]",7/2,,T7226,L11760,
184.7417,0.0003,184.74167,12,8.2e+07,,94092.834,148222.473,5d9.6s.6p,"(2D<5/2>,3P<2>)*",3/2,5d9.6s.6d,"[(2D<5/2>,1/2)<2>,3/2]",3/2,,T7226,L11760,
184.8935,0.0003,184.89335,800,3.5e+08,,84836.143,138921.375,5d9.6s.6p,"(2D<5/2>,3P<1>)*",5/2,5d9.6s.7s,"[(2D<5/2>,1/2)<2>,1/2]",3/2,,T7226,L11760,
185.0466,0.0003,185.04638,5,2.9e+07,,94092.834,148133.339,5d9.6s.6p,"(2D<5/2>,3P<2>)*",3/2,5d9.6s.6d,"[(2D<5/2>,1/2)<2>,3/2]",1/2,,T7226,L11760,
185.3271,0.0002,185.32708,800,1.0e+08,,86178.478,140137.134,5d9.6s.6p,"(2D<5/2>,3P<1>)*",3/2,5d9.6s.7s,"[(2D<5/2>,1/2)<2>,1/2]",5/2,,T7226,L11760,
186.0721,0.0003,186.07205,12,3.5e+08,,111174.092,164916.716,5d9.6s.6p,"(2D<3/2>,3P<2>)*",5/2,5d9.6s.6d,"[(2D<3/2>,1/2)<2>,5/2]",7/2,,T7226,L11760,
186.2233,0.0003,,4h,,,,,,,,,,,,,L11760,
186.8064,0.0007,,4h,,,,,,,,,,,,,L11760,
186.9228,0.0002,186.92264,50000,1.0e+09,,51486.070,104984.138,5d10.6p,2P*,1/2,5d10.6d,2D,3/2,,T7226,L11760,
186.9863,0.0002,186.98631,200,3.7e+07,,91139.508,144619.360,5d9.6s.6p,"(2D<5/2>,3P<2>)*",9/2,5d9.6s.6d,"[(2D<5/2>,1/2)<3>,3/2]",9/2,,T7226,L11760,
187.0781,0.0003,,10h,,,,,,,,,,,,,L11760,
187.0957,0.0003,187.09576,0.5,9.2e+05,,86178.478,139627.043,5d9.6s.6p,"(2D<5/2>,3P<1>)*",3/2,5d10.9d,2D,3/2,,T7226,L11760,
187.5550,0.0003,187.55485,5000,5.5e+07,,50555.567,103873.302,5d9.6s2,2D,3/2,5d9.6s.6p,"(2D<3/2>,3P<1>)*",1/2,,T7226,L11760,
188.9704,0.0002,188.97042,30,1.9e+08,,95304.138,148222.473,5d9.6s.6p,"(2D<5/2>,3P<2>)*",5/2,5d9.6s.6d,"[(2D<5/2>,1/2)<2>,3/2]",3/2,,T7226,L11760,
189.2086,0.0003,189.20885,4h,3.7e+08,,109191.648,162043.299,5d9.6s.6p,"(2D<3/2>,3P<2>)*",3/2,5d9.6s.6d,"[(2D<3/2>,1/2)<1>,5/2]",5/2,,T7226,L11760,
189.5993,0.0002,189.59899,50,3.5e+07,,86178.478,138921.375,5d9.6s.6p,"(2D<5/2>,3P<1>)*",3/2,5d9.6s.7s,"[(2D<5/2>,1/2)<2>,1/2]",3/2,,T7226,L11760,
190.0121,0.0003,190.01181,3000,1.9e+07,,50555.567,103183.874,5d9.6s2,2D,3/2,5d9.6s.6p,"(2D<3/2>,3P<1>)*",3/2,,T7226,L11760,
190.2609,0.0003,190.26082,5,9.7e+06,,94092.834,146652.263,5d9.6s.6p,"(2D<5/2>,3P<2>)*",3/2,5d9.6p2,"(2D<5/2>,3P<0>)",5/2,,T7226,L11760,
190.4700,0.0003,190.46997,2500,2.5e+08,,84212.404,136714.118,5d9.6s.6p,"(2D<5/2>,3P<1>)*",7/2,5d9.6s.7s,"[(2D<5/2>,1/2)<3>,1/2]",5/2,,T7226,L11760,
191.5943,0.0003,191.59442,30,4.2e+07,,106215.059,158408.647,5d9.6s.6p,"(2D<5/2>,1P<1>)*",7/2,5d9.6p2,"(2D<5/2>,3P<2>)",7/2,,T7226,L11760,
192.5099,0.0003,192.50980,10,2.6e+07,,96187.932,148133.339,5d9.6s.6p,"(2D<5/2>,3P<2>)*",1/2,5d9.6s.6d,"[(2D<5/2>,1/2)<2>,3/2]",1/2,,T7226,L11760,
192.7605,0.0003,192.76003,800,8.5e+07,,84836.143,136714.118,5d9.6s.6p,"(2D<5/2>,3P<1>)*",5/2,5d9.6s.7s,"[(2D<5/2>,1/2)<3>,1/2]",5/2,,T7226,L11760,
192.9040,0.0003,192.90423,1,6.8e+07,,106086.013,157925.207,5d9.6s.6p,"(2D<5/2>,1P<1>)*",3/2,5d9.6p2,"(2D<5/2>,3P<2>)",5/2,,T7226,L11760,
193.4591,0.0015,193.4593,3w,4.7e+08,,106215.059,157905.52,5d9.6s.6p,"(2D<5/2>,1P<1>)*",7/2,5d9.6p2,"(2D<5/2>,3P<2>)",9/2,,T7226,L11760,
194.0219,0.0003,194.02177,180,1.7e+08,,95187.361,146727.968,5d9.6s.6p,"(2D<5/2>,3P<2>)*",7/2,5d9.6s.6d,"[(2D<5/2>,1/2)<3>,5/2]",9/2,,T7226,L11760,
194.22729,0.00004,194.22729,750000E,7.5e+08,,0.000,51486.070,5d10.6s,2S,1/2,5d10.6p,2P*,1/2,,T7226,L11760,
194.7491,0.0003,194.74908,45,1.7e+07,,95304.138,146652.263,5d9.6s.6p,"(2D<5/2>,3P<2>)*",5/2,5d9.6p2,"(2D<5/2>,3P<0>)",5/2,,T7226,L11760,
194.8622,0.0003,194.86219,800,3.2e+08,,95187.361,146505.679,5d9.6s.6p,"(2D<5/2>,3P<2>)*",7/2,5d9.6s.6d,"[(2D<5/2>,1/2)<3>,5/2]",7/2,,T7226,L11760,
195.3074,0.0003,195.30662,45,2.2e+07,,95304.138,146505.679,5d9.6s.6p,"(2D<5/2>,3P<2>)*",5/2,5d9.6s.6d,"[(2D<5/2>,1/2)<3>,5/2]",7/2,,T7226,L11760,
195.7320,0.0003,195.73227,3000,1.9e+08,,84212.404,135302.600,5d9.6s.6p,"(2D<5/2>,3P<1>)*",7/2,5d9.6s.7s,"[(2D<5/2>,1/2)<3>,1/2]",7/2,,T7226,L11760,
195.7759,0.0004,195.77622,5x,8.8e+06,,94092.834,145171.560,5d9.6s.6p,"(2D<5/2>,3P<2>)*",3/2,5d9.6s.6d,"[(2D<5/2>,1/2)<3>,5/2]",5/2,,T7226,L11760,
195.9340,0.0003,195.93411,1,2.8e+06,,97095.774,148133.339,5d9.6s.6p,"(2D<3/2>,3P<0>)*",3/2,5d9.6s.6d,"[(2D<5/2>,1/2)<2>,3/2]",1/2,,T7226,L11760,
196.7771,0.0003,196.77719,5,9.8e+06,,94092.834,144911.731,5d9.6s.6p,"(2D<5/2>,3P<2>)*",3/2,5d9.6s.6d,"[(2D<5/2>,1/2)<3>,5/2]",3/2,,T7226,L11760,
196.9241,0.0003,196.92430,2.5,8.4e+05,,95187.361,145968.295,5d9.6s.6p,"(2D<5/2>,3P<2>)*",7/2,5d9.6s.6d,"[(2D<5/2>,1/2)<3>,3/2]",7/2,,T7226,L11760,
197.3479,0.0002,197.34791,120,1.7e+08,,95187.361,145859.294,5d9.6s.6p,"(2D<5/2>,3P<2>)*",7/2,5d9.6s.6d,"[(2D<5/2>,1/2)<3>,3/2]",5/2,,T7226,L11760,
197.3794,0.0002,197.37938,150000,5.5e+07,,35514.624,86178.478,5d9.6s2,2D,5/2,5d9.6s.6p,"(2D<5/2>,3P<1>)*",3/2,,T7226,L11760,
197.8036,0.0003,197.80376,20,7.7e+06,,95304.138,145859.294,5d9.6s.6p,"(2D<5/2>,3P<2>)*",5/2,5d9.6s.6d,"[(2D<5/2>,1/2)<3>,3/2]",5/2,,T7226,L11760,
197.8804,0.0003,197.88015,7500,1.1e+08,,86178.478,136714.118,5d9.6s.6p,"(2D<5/2>,3P<1>)*",3/2,5d9.6s.7s,"[(2D<5/2>,1/2)<3>,1/2]",5/2,,T7226,L11760,
198.0702,0.0003,198.07055,0.33,4.2e+05,,84212.404,134699.466,5d9.6s.6p,"(2D<5/2>,3P<1>)*",7/2,5d10.8d,2D,5/2,,T7226,L11760,
198.1512,0.0003,198.15142,150,5.4e+06,,84836.143,135302.600,5d9.6s.6p,"(2D<5/2>,3P<1>)*",5/2,5d9.6s.7s,"[(2D<5/2>,1/2)<3>,1/2]",7/2,,T7226,L11760,
198.7841,0.0002,198.78423,100000,4.3e+07,,50555.567,100861.369,5d9.6s2,2D,3/2,5d9.6s.6p,"(2D<3/2>,3P<1>)*",5/2,,T7226,L11760,
obs_wl_air(nm),unc_obs_wl,ritz_wl_air(nm),intens,Aki(s^-1),Acc,Ei(cm-1),Ek(cm-1),conf_i,term_i,J_i,conf_k,term_k,J_k,Type,tp_ref,line_ref,
199.9987,0.0003,199.99842,1,8.8e+05,,95187.361,145171.560,5d9.6s.6p,"(2D<5/2>,3P<2>)*",7/2,5d9.6s.6d,"[(2D<5/2>,1/2)<3>,5/2]",5/2,,T7226,L11760,
200.4667,0.0003,200.46684,45,5.2e+07,,95304.138,145171.560,5d9.6s.6p,"(2D<5/2>,3P<2>)*",5/2,5d9.6s.6d,"[(2D<5/2>,1/2)<3>,5/2]",5/2,,T7226,L11760,
201.0342,0.0003,201.03418,3.5,1.1e+06,,84836.143,134562.854,5d9.6s.6p,"(2D<5/2>,3P<1>)*",5/2,5d10.8d,2D,3/2,,T7226,L11760,
201.5171,0.0003,201.51697,4,8.5e+06,,95304.138,144911.731,5d9.6s.6p,"(2D<5/2>,3P<2>)*",5/2,5d9.6s.6d,"[(2D<5/2>,1/2)<3>,5/2]",3/2,,T7226,L11760,
201.7249,0.0003,201.72481,7,1.0e+07,,97095.774,146652.263,5d9.6s.6p,"(2D<3/2>,3P<0>)*",3/2,5d9.6p2,"(2D<5/2>,3P<0>)",5/2,,T7226,L11760,
202.2298,0.0003,202.22916,50u,1.4e+08,,108975.732,158408.647,5d9.6s.6p,"(2D<5/2>,1P<1>)*",5/2,5d9.6p2,"(2D<5/2>,3P<2>)",7/2,,T7226,L11760,
202.2326,0.0003,202.23291,600p,7.7e+07,,95187.361,144619.360,5d9.6s.6p,"(2D<5/2>,3P<2>)*",7/2,5d9.6s.6d,"[(2D<5/2>,1/2)<3>,3/2]",9/2,,T7226,L11760,
202.6860,0.0002,202.68598,175000,1.6e+07,,35514.624,84836.143,5d9.6s2,2D,5/2,5d9.6s.6p,"(2D<5/2>,3P<1>)*",5/2,,T7226,L11760,
202.9574,0.0003,202.95695,20,1.8e+07,,95304.138,144559.816,5d9.6s.6p,"(2D<5/2>,3P<2>)*",5/2,5d9.6s.6d,"[(2D<5/2>,1/2)<3>,3/2]",3/2,,T7226,L11760,
203.1753,0.0003,203.17474,3.5,9.0e+06,,106086.013,155288.900,5d9.6s.6p,"(2D<5/2>,1P<1>)*",3/2,5d9.6p2,"(2D<5/2>,3P<1>)",5/2,,T7226,L11760,
203.7730,0.0003,203.77279,3.5,1.9e+07,,96187.932,145246.433,5d9.6s.6p,"(2D<5/2>,3P<2>)*",1/2,5d9.6s.6d,"[(2D<5/2>,1/2)<3>,5/2]",1/2,,T7226,L11760,
204.2272,0.0003,204.22672,3,1.8e+08,,108975.732,157925.207,5d9.6s.6p,"(2D<5/2>,1P<1>)*",5/2,5d9.6p2,"(2D<5/2>,3P<2>)",5/2,,T7226,L11760,
205.0051,0.0003,205.00563,10,1.7e+01,,97095.774,145859.294,5d9.6s.6p,"(2D<3/2>,3P<0>)*",3/2,5d9.6s.6d,"[(2D<5/2>,1/2)<3>,3/2]",5/2,,T7226,L11760,
205.1731,0.0003,205.17278,3.5,3.0e+06,,96187.932,144911.731,5d9.6s.6p,"(2D<5/2>,3P<2>)*",1/2,5d9.6s.6d,"[(2D<5/2>,1/2)<3>,5/2]",3/2,,T7226,L11760,
205.2828,0.0002,205.28241,750000,5.9e+07,,35514.624,84212.404,5d9.6s2,2D,5/2,5d9.6s.6p,"(2D<5/2>,3P<1>)*",7/2,,T7226,L11760,
205.4764,0.0003,,20,,,,,,,,,,,,,L11760,
206.0306,0.0003,206.03048,2,7.3e+05,,86178.478,134699.466,5d9.6s.6p,"(2D<5/2>,3P<1>)*",3/2,5d10.8d,2D,5/2,,T7226,L11760,
206.6657,0.0003,206.66565,3,3.0e+06,,96187.932,144559.816,5d9.6s.6p,"(2D<5/2>,3P<2>)*",1/2,5d9.6s.6d,"[(2D<5/2>,1/2)<3>,3/2]",3/2,,T7226,L11760,
211.6423,0.0002,211.64243,45,4.8e+07,,111174.092,158408.647,5d9.6s.6p,"(2D<3/2>,3P<2>)*",5/2,5d9.6p2,"(2D<5/2>,3P<2>)",7/2,,T7226,L11760,
214.8006,0.0002,214.80036,90000,1.1e+07,,50555.567,97095.774,5d9.6s2,2D,3/2,5d9.6s.6p,"(2D<3/2>,3P<0>)*",3/2,,T7226,L11760,
215.8535,0.0003,215.85348,1,1.2e+06,,108975.732,155288.900,5d9.6s.6p,"(2D<5/2>,1P<1>)*",5/2,5d9.6p2,"(2D<5/2>,3P<1>)",5/2,,T7226,L11760,
217.1141,0.0002,217.11406,40,1.0e+06,,94092.834,140137.134,5d9.6s.6p,"(2D<5/2>,3P<2>)*",3/2,5d9.6s.7s,"[(2D<5/2>,1/2)<2>,1/2]",5/2,,T7226,L11760,
218.0887,0.0003,218.08873,1,2.4e+07,,106215.059,152053.602,5d9.6s.6p,"(2D<5/2>,1P<1>)*",7/2,5d9.6p2,"(2D<5/2>,3P<1>)",7/2,,T7226,L11760,
218.3157,0.0002,218.31570,40,1.0e+07,,100861.369,146652.263,5d9.6s.6p,"(2D<3/2>,3P<1>)*",5/2,5d9.6p2,"(2D<5/2>,3P<0>)",5/2,,T7226,L11760,
218.6860,0.0003,218.68591,1,,,123411.351,169124.734,5d10.5f,2F*,5/2,5d9.6p2,"(2D<5/2>,1D<2>)",7/2,,,L11760,
219.0167,0.0003,219.01688,18,2.6e+06,,100861.369,146505.679,5d9.6s.6p,"(2D<3/2>,3P<1>)*",5/2,5d9.6s.6d,"[(2D<5/2>,1/2)<3>,5/2]",7/2,,T7226,L11760,
219.0744,0.0002,219.07421,15000,1.0e+07,,50555.567,96187.932,5d9.6s2,2D,3/2,5d9.6s.6p,"(2D<5/2>,3P<2>)*",1/2,,T7226,L11760,
220.6907,0.0003,,18,,,,,,,,,,,,,L11760,
221.6264,0.0003,221.62642,125,9.5e+06,,100861.369,145968.295,5d9.6s.6p,"(2D<3/2>,3P<1>)*",5/2,5d9.6s.6d,"[(2D<5/2>,1/2)<3>,3/2]",7/2,,T7226,L11760,
222.4013,0.0003,222.40134,4500,2.7e+07,,95187.361,140137.134,5d9.6s.6p,"(2D<5/2>,3P<2>)*",7/2,5d9.6s.7s,"[(2D<5/2>,1/2)<2>,1/2]",5/2,,T7226,L11760,
222.4711,0.0002,222.47110,200000,7.5e+08,,60608.362,105544.042,5d10.6p,2P*,3/2,5d10.6d,2D,5/2,,T7226,L11760,
222.9807,0.0003,222.98069,400,1.0e+07,,95304.138,140137.134,5d9.6s.6p,"(2D<5/2>,3P<2>)*",5/2,5d9.6s.7s,"[(2D<5/2>,1/2)<2>,1/2]",5/2,,T7226,L11760,
223.0032,0.0002,223.00285,7500,1.5e+08,,94092.834,138921.375,5d9.6s.6p,"(2D<5/2>,3P<2>)*",3/2,5d9.6s.7s,"[(2D<5/2>,1/2)<2>,1/2]",3/2,,T7226,L11760,
225.2786,0.0002,225.27837,100000,1.2e+08,,60608.362,104984.138,5d10.6p,2P*,3/2,5d10.6d,2D,3/2,,T7226,L11760,
225.5468,0.0003,225.54712,4,1.3e+06,,95304.138,139627.043,5d9.6s.6p,"(2D<5/2>,3P<2>)*",5/2,5d10.9d,2D,3/2,,T7226,L11760,
225.6120,0.0003,225.61184,2.5,3.5e+06,,100861.369,145171.560,5d9.6s.6p,"(2D<3/2>,3P<1>)*",5/2,5d9.6s.6d,"[(2D<5/2>,1/2)<3>,5/2]",5/2,,T7226,L11760,
225.8678,0.0003,225.86752,10,9.5e+06,,103873.302,148133.339,5d9.6s.6p,"(2D<3/2>,3P<1>)*",1/2,5d9.6s.6d,"[(2D<5/2>,1/2)<2>,3/2]",1/2,,T7226,L11760,
226.02942,0.00005,226.02943,600000,3.0e+08,,51486.070,95714.406,5d10.6p,2P*,1/2,5d10.7s,2S,1/2,,T7226,L11760,
226.22226,0.00006,226.22227,750000,8.0e+06,,35514.624,79705.262,5d9.6s2,2D,5/2,5d9.6s.6p,"(2D<5/2>,3P<0>)*",5/2,,T7226,L11760,
226.3634,0.0002,226.36338,100000,2.8e+08,,91139.508,135302.600,5d9.6s.6p,"(2D<5/2>,3P<2>)*",9/2,5d9.6s.7s,"[(2D<5/2>,1/2)<3>,1/2]",7/2,,T7226,L11760,
228.7705,0.0003,228.77052,5,2.5e+06,,100861.369,144559.816,5d9.6s.6p,"(2D<3/2>,3P<1>)*",5/2,5d9.6s.6d,"[(2D<5/2>,1/2)<3>,3/2]",3/2,,T7226,L11760,
228.9094,0.0003,,15,,,,,,,,,,,,,L11760,
229.1963,0.0002,229.19650,7000h,1.2e+08,,95304.138,138921.375,5d9.6s.6p,"(2D<5/2>,3P<2>)*",5/2,5d9.6s.7s,"[(2D<5/2>,1/2)<2>,1/2]",3/2,,T7226,L11760,
229.6178,0.0002,229.61753,12000,1.7e+06,,50555.567,94092.834,5d9.6s2,2D,3/2,5d9.6s.6p,"(2D<5/2>,3P<2>)*",3/2,,T7226,L11760,
229.9813,0.0002,229.98141,4,5.3e+06,,103183.874,146652.263,5d9.6s.6p,"(2D<3/2>,3P<1>)*",3/2,5d9.6p2,"(2D<5/2>,3P<0>)",5/2,,T7226,L11760,
230.1363,0.0003,230.13643,6,1.6e+06,,96187.932,139627.043,5d9.6s.6p,"(2D<5/2>,3P<2>)*",1/2,5d10.9d,2D,3/2,,T7226,L11760,
232.7233,0.0003,232.72320,20,3.0e+07,,121960.399,164916.716,5d9.6s.6p,"(2D<3/2>,1P<1>)*",5/2,5d9.6s.6d,"[(2D<3/2>,1/2)<2>,5/2]",7/2,,T7226,L11760,
233.9369,0.0003,233.93706,12000,7.8e+07,,96187.932,138921.375,5d9.6s.6p,"(2D<5/2>,3P<2>)*",1/2,5d9.6s.7s,"[(2D<5/2>,1/2)<2>,1/2]",3/2,,T7226,L11760,
234.5524,0.0003,234.55272,8000,8.5e+06,,94092.834,136714.118,5d9.6s.6p,"(2D<5/2>,3P<2>)*",3/2,5d9.6s.7s,"[(2D<5/2>,1/2)<3>,1/2]",5/2,,T7226,L11760,
237.6685,0.0003,237.66859,120,4.4e+07,,103183.874,145246.433,5d9.6s.6p,"(2D<3/2>,3P<1>)*",3/2,5d9.6s.6d,"[(2D<5/2>,1/2)<3>,5/2]",1/2,,T7226,L11760,
237.7548,0.0003,237.75470,200,6.0e+06,,106086.013,148133.339,5d9.6s.6p,"(2D<5/2>,1P<1>)*",3/2,5d9.6s.6d,"[(2D<5/2>,1/2)<2>,3/2]",1/2,,T7226,L11760,
238.0918,0.0003,238.09243,40,1.0e+05,,103183.874,145171.560,5d9.6s.6p,"(2D<3/2>,3P<1>)*",3/2,5d9.6s.6d,"[(2D<5/2>,1/2)<3>,5/2]",5/2,,T7226,L11760,
239.0152,0.0002,239.01518,3500,3.0e+07,,97095.774,138921.375,5d9.6s.6p,"(2D<3/2>,3P<0>)*",3/2,5d9.6s.7s,"[(2D<5/2>,1/2)<2>,1/2]",3/2,,T7226,L11760,
240.7352,0.0003,240.73536,45000,1.1e+08,,95187.361,136714.118,5d9.6s.6p,"(2D<5/2>,3P<2>)*",7/2,5d9.6s.7s,"[(2D<5/2>,1/2)<3>,1/2]",5/2,,T7226,L11760,
241.4142,0.0003,241.41430,45000,1.0e+08,,95304.138,136714.118,5d9.6s.6p,"(2D<5/2>,3P<2>)*",5/2,5d9.6s.7s,"[(2D<5/2>,1/2)<3>,1/2]",5/2,,T7226,L11760,
241.6292,0.0003,241.62933,60,1.0e+07,,103873.302,145246.433,5d9.6s.6p,"(2D<3/2>,3P<1>)*",1/2,5d9.6s.6d,"[(2D<5/2>,1/2)<3>,5/2]",1/2,,T7226,L11760,
241.6638,0.0003,241.66379,10,2.0e+04,,84212.404,125579.636,5d9.6s.6p,"(2D<5/2>,3P<1>)*",7/2,5d10.7d,2D,5/2,,T7226,L11760,
242.2362,0.0003,,20h,,,,,,,,,,,,,L11760,
242.6920,0.0003,,20,,,,,,,,,,,,,L11760,
242.7142,0.0003,,40,,,,,,,,,,,,,L11760,
243.6004,0.0003,243.60016,50,6.8e+05,,103873.302,144911.731,5d9.6s.6p,"(2D<3/2>,3P<1>)*",1/2,5d9.6s.6d,"[(2D<5/2>,1/2)<3>,5/2]",3/2,,T7226,L11760,
245.8807,0.0003,245.88059,20h,3.6e+07,,108975.732,149633.577,5d9.6s.6p,"(2D<5/2>,1P<1>)*",5/2,5d9.6s.6d,"[(2D<5/2>,1/2)<2>,5/2]",7/2,,T7226,L11760,
246.4357,0.0003,246.43580,3500,2.8e+07,,106086.013,146652.263,5d9.6s.6p,"(2D<5/2>,1P<1>)*",3/2,5d9.6p2,"(2D<5/2>,3P<0>)",5/2,,T7226,L11760,
246.7603,0.0002,246.76029,4000,3.8e+07,,106215.059,146727.968,5d9.6s.6p,"(2D<5/2>,1P<1>)*",7/2,5d9.6s.6d,"[(2D<5/2>,1/2)<3>,5/2]",9/2,,T7226,L11760,
246.9035,0.0002,246.90365,800,1.8e+02,,84836.143,125325.531,5d9.6s.6p,"(2D<5/2>,3P<1>)*",5/2,5d10.7d,2D,3/2,,T7226,L11760,
247.2223,0.0003,247.22230,500,1.8e+07,,106215.059,146652.263,5d9.6s.6p,"(2D<5/2>,1P<1>)*",7/2,5d9.6p2,"(2D<5/2>,3P<0>)",5/2,,T7226,L11760,
248.1218,0.0002,248.12180,4000,1.5e+07,,106215.059,146505.679,5d9.6s.6p,"(2D<5/2>,1P<1>)*",7/2,5d9.6s.6d,"[(2D<5/2>,1/2)<3>,5/2]",7/2,,T7226,L11760,
249.2064,0.0003,249.20665,50000,7.8e+07,,95187.361,135302.600,5d9.6s.6p,"(2D<5/2>,3P<2>)*",7/2,5d9.6s.7s,"[(2D<5/2>,1/2)<3>,1/2]",7/2,,T7226,L11760,
249.3252,0.0003,249.32551,200,2.4e+06,,95714.406,135810.522,5d10.7s,2S,1/2,5d10.9p,2P*,3/2,,T7226,L11760,
249.8459,0.0003,,20,,,,,,,,,,,,,L11760,
249.9338,0.0003,249.93427,2000,1.2e+05,,95304.138,135302.600,5d9.6s.6p,"(2D<5/2>,3P<2>)*",5/2,5d9.6s.7s,"[(2D<5/2>,1/2)<3>,1/2]",7/2,,T7226,L11760,
251.3493,0.0003,251.34940,12,2.7e+05,,106086.013,145859.294,5d9.6s.6p,"(2D<5/2>,1P<1>)*",3/2,5d9.6s.6d,"[(2D<5/2>,1/2)<3>,3/2]",5/2,,T7226,L11760,
251.4762,0.0002,251.47614,5000,3.6e+07,,106215.059,145968.295,5d9.6s.6p,"(2D<5/2>,1P<1>)*",7/2,5d9.6s.6d,"[(2D<5/2>,1/2)<3>,3/2]",7/2,,T7226,L11760,
252.1678,0.0002,252.16762,300,1.6e+06,,106215.059,145859.294,5d9.6s.6p,"(2D<5/2>,1P<1>)*",7/2,5d9.6s.6d,"[(2D<5/2>,1/2)<3>,3/2]",5/2,,T7226,L11760,
252.3324,0.0002,252.33242,1600p,1.2e+06,,97095.774,136714.118,5d9.6s.6p,"(2D<3/2>,3P<0>)*",3/2,5d9.6s.7s,"[(2D<5/2>,1/2)<3>,1/2]",5/2,,T7226,L11760,
252.3360,0.0003,,30u,,,,,,,,,,,,,L11760,
253.0113,0.0003,253.01093,30,3.3e+05,,95187.361,134699.466,5d9.6s.6p,"(2D<5/2>,3P<2>)*",7/2,5d10.8d,2D,5/2,,T7226,L11760,
254.5334,0.0003,254.53352,1500c,1.8e+06,,100861.369,140137.134,5d9.6s.6p,"(2D<3/2>,3P<1>)*",5/2,5d9.6s.7s,"[(2D<5/2>,1/2)<2>,1/2]",5/2,,T7226,L11760,
254.6445,0.0003,254.64406,70s,1.8e+05,,95304.138,134562.854,5d9.6s.6p,"(2D<5/2>,3P<2>)*",5/2,5d10.8d,2D,3/2,,T7226,L11760,
254.7217,0.0003,254.72176,120,1.2e+07,,108975.732,148222.473,5d9.6s.6p,"(2D<5/2>,1P<1>)*",5/2,5d9.6s.6d,"[(2D<5/2>,1/2)<2>,3/2]",3/2,,T7226,L11760,
255.2835,0.0003,255.28328,1500,1.2e+08,,106086.013,145246.433,5d9.6s.6p,"(2D<5/2>,1P<1>)*",3/2,5d9.6s.6d,"[(2D<5/2>,1/2)<3>,5/2]",1/2,,T7226,L11760,
255.7724,0.0002,255.77234,1500,1.8e+07,,106086.013,145171.560,5d9.6s.6p,"(2D<5/2>,1P<1>)*",3/2,5d9.6s.6d,"[(2D<5/2>,1/2)<3>,5/2]",5/2,,T7226,L11760,
256.4385,0.0002,,150,,,,,,,,,,,,,L11760,
257.4841,0.0002,257.48412,7000,9.0e+07,,106086.013,144911.731,5d9.6s.6p,"(2D<5/2>,1P<1>)*",3/2,5d9.6s.6d,"[(2D<5/2>,1/2)<3>,5/2]",3/2,,T7226,L11760,
257.7408,0.0003,257.74133,12,3.5e+06,,103873.302,142660.277,5d9.6s.6p,"(2D<3/2>,3P<1>)*",1/2,5d10.10d,2D,3/2,,T7226,L11760,
258.9071,0.0003,258.90718,15,3.2e+05,,106299.401,144911.731,5d9.6s.6p,"(2D<3/2>,3P<2>)*",1/2,5d9.6s.6d,"[(2D<5/2>,1/2)<3>,5/2]",3/2,,T7226,L11760,
258.9833,0.0002,258.98337,15,4.5e+06,,106086.013,144686.984,5d9.6s.6p,"(2D<5/2>,1P<1>)*",3/2,5d10.11d,2D,5/2,,T7226,L11760,
259.8395,0.0002,259.83945,1500,1.6e+07,,106086.013,144559.816,5d9.6s.6p,"(2D<5/2>,1P<1>)*",3/2,5d9.6s.6d,"[(2D<5/2>,1/2)<3>,3/2]",3/2,,T7226,L11760,
259.8806,0.0003,259.88057,12,2.4e+05,,94092.834,132560.550,5d9.6s.6p,"(2D<5/2>,3P<2>)*",3/2,5d10.9s,2S,1/2,,T7226,L11760,
260.3096,0.0002,260.30972,8000,1.0e+08,,106215.059,144619.360,5d9.6s.6p,"(2D<5/2>,1P<1>)*",7/2,5d9.6s.6d,"[(2D<5/2>,1/2)<3>,3/2]",9/2,,T7226,L11760,
262.6646,0.0003,262.66465,8,1.3e+05,,100861.369,138921.375,5d9.6s.6p,"(2D<3/2>,3P<1>)*",5/2,5d9.6s.7s,"[(2D<5/2>,1/2)<2>,1/2]",3/2,,T7226,L11760,
262.7851,0.0002,,15,,,,,,,,,,,,,L11760,
265.3381,0.0002,265.33824,3000,7.7e+06,,108975.732,146652.263,5d9.6s.6p,"(2D<5/2>,1P<1>)*",5/2,5d9.6p2,"(2D<5/2>,3P<0>)",5/2,,T7226,L11760,
266.3748,0.0002,266.37465,3000,1.1e+07,,108975.732,146505.679,5d9.6s.6p,"(2D<5/2>,1P<1>)*",5/2,5d9.6s.6d,"[(2D<5/2>,1/2)<3>,5/2]",7/2,,T7226,L11760,
266.8682,0.0003,266.86768,15,8.3e+05,,109191.648,146652.263,5d9.6s.6p,"(2D<3/2>,3P<2>)*",3/2,5d9.6p2,"(2D<5/2>,3P<0>)",5/2,,T7226,L11760,
267.0967,0.0002,267.09664,30c,6.2e+07,,124614.794,162043.299,5d9.6s.6p,"(2D<3/2>,1P<1>)*",3/2,5d9.6s.6d,"[(2D<3/2>,1/2)<1>,5/2]",5/2,,T7226,L11760,
269.1001,0.0003,269.09905,100,3.8e+06,,104984.138,142134.148,5d10.6d,2D,3/2,5d10.8f,2F*,5/2,,T7226,L11760,
269.2649,0.0003,,10,,,,,,,,,,,,,L11760,
269.8374,0.0003,269.83727,30,4.0e+06,,111174.092,148222.473,5d9.6s.6p,"(2D<3/2>,3P<2>)*",5/2,5d9.6s.6d,"[(2D<5/2>,1/2)<2>,3/2]",3/2,,T7226,L11760,
270.2445,0.0003,270.24445,1500,7.4e+07,,108975.732,145968.295,5d9.6s.6p,"(2D<5/2>,1P<1>)*",5/2,5d9.6s.6d,"[(2D<5/2>,1/2)<3>,3/2]",7/2,,T7226,L11760,
270.5319,0.0002,270.53189,1000,1.2e+07,,103183.874,140137.134,5d9.6s.6p,"(2D<3/2>,3P<1>)*",3/2,5d9.6s.7s,"[(2D<5/2>,1/2)<2>,1/2]",5/2,,T7226,L11760,
271.0431,0.0002,271.04314,150,9.7e+06,,108975.732,145859.294,5d9.6s.6p,"(2D<5/2>,1P<1>)*",5/2,5d9.6s.6d,"[(2D<5/2>,1/2)<3>,3/2]",5/2,,T7226,L11760,
272.5310,0.0002,,15,,,,,,,,,,,,,L11760,
272.9481,0.0002,272.94780,120,8.5e+06,,106086.013,142712.211,5d9.6s.6p,"(2D<5/2>,1P<1>)*",3/2,5d10.10d,2D,5/2,,T7226,L11760,
273.0417,0.0003,273.04211,8,1.1e+05,,108298.183,144911.731,5d10.7p,2P*,1/2,5d9.6s.6d,"[(2D<5/2>,1/2)<3>,5/2]",3/2,,T7226,L11760,
273.2602,0.0003,273.25941,100,3.8e+06,,105544.042,142128.476,5d10.6d,2D,5/2,5d10.8f,2F*,7/2,,T7226,L11760,
274.2801,0.0005,274.2805,3,2.8e+05,,121960.399,158408.647,5d9.6s.6p,"(2D<3/2>,1P<1>)*",5/2,5d9.6p2,"(2D<5/2>,3P<2>)",7/2,,T7226,L11760,
274.3193,0.0003,274.31870,5c,1.5e+05,,103183.874,139627.043,5d9.6s.6p,"(2D<3/2>,3P<1>)*",3/2,5d10.9d,2D,3/2,,T7226,L11760,
274.9803,0.0002,274.98029,80,5.5e+06,,108298.183,144653.677,5d10.7p,2P*,1/2,5d10.11d,2D,3/2,,T7226,L11760,
276.1932,0.0002,276.19333,7000,8.3e+07,,108975.732,145171.560,5d9.6s.6p,"(2D<5/2>,1P<1>)*",5/2,5d9.6s.6d,"[(2D<5/2>,1/2)<3>,5/2]",5/2,,T7226,L11760,
276.4527,0.0003,276.45267,25w,4.2e+06,,111971.464,148133.339,5d10.7p,2P*,3/2,5d9.6s.6d,"[(2D<5/2>,1/2)<2>,3/2]",1/2,,T7226,L11760,
276.7460,0.0002,276.74621,500,3.9e+06,,110604.447,146727.968,5d9.6s.6p,"(2D<3/2>,3P<2>)*",7/2,5d9.6s.6d,"[(2D<5/2>,1/2)<3>,5/2]",9/2,,T7226,L11760,
276.8897,0.0002,,25,,,,,,,,,,,,,L11760,
277.1266,0.0002,,40s,,,,,,,,,,,,,L11760,
277.3274,0.0002,277.32744,25,1.8e+06,,110604.447,146652.263,5d9.6s.6p,"(2D<3/2>,3P<2>)*",7/2,5d9.6p2,"(2D<5/2>,3P<0>)",5/2,,T7226,L11760,
277.8511,0.0002,277.85086,150,2.8e+06,,109191.648,145171.560,5d9.6s.6p,"(2D<3/2>,3P<2>)*",3/2,5d9.6s.6d,"[(2D<5/2>,1/2)<3>,5/2]",5/2,,T7226,L11760,
278.1902,0.0002,278.19041,2500,2.0e+07,,108975.732,144911.731,5d9.6s.6p,"(2D<5/2>,1P<1>)*",5/2,5d9.6s.6d,"[(2D<5/2>,1/2)<3>,5/2]",3/2,,T7226,L11760,
278.4597,0.0002,278.45982,700,2.9e+06,,110604.447,146505.679,5d9.6s.6p,"(2D<3/2>,3P<2>)*",7/2,5d9.6s.6d,"[(2D<5/2>,1/2)<3>,5/2]",7/2,,T7226,L11760,
278.8361,0.0002,278.83640,3500,4.3e+06,,100861.369,136714.118,5d9.6s.6p,"(2D<3/2>,3P<1>)*",5/2,5d9.6s.7s,"[(2D<5/2>,1/2)<3>,1/2]",5/2,,T7226,L11760,
279.0428,0.0002,279.04263,80,4.0e+07,,106086.013,141912.265,5d9.6s.6p,"(2D<5/2>,1P<1>)*",3/2,5d10.11s,2S,1/2,,T7226,L11760,
279.6085,0.0002,279.60858,300,5.5e+06,,103873.302,139627.043,5d9.6s.6p,"(2D<3/2>,3P<1>)*",1/2,5d10.9d,2D,3/2,,T7226,L11760,
279.7356,0.0002,279.73565,3000c,1.3e+07,,103183.874,138921.375,5d9.6s.6p,"(2D<3/2>,3P<1>)*",3/2,5d9.6s.7s,"[(2D<5/2>,1/2)<2>,1/2]",3/2,,T7226,L11760,
279.8724,0.0002,279.87206,500,6.0e+06,,109191.648,144911.731,5d9.6s.6p,"(2D<3/2>,3P<2>)*",3/2,5d9.6s.6d,"[(2D<5/2>,1/2)<3>,5/2]",3/2,,T7226,L11760,
280.63554,0.00007,280.63553,75000,8.0e+05,,50555.567,86178.478,5d9.6s2,2D,3/2,5d9.6s.6p,"(2D<5/2>,3P<1>)*",3/2,,T7226,L11760,
280.9417,0.0002,280.94176,1500,1.6e+07,,108975.732,144559.816,5d9.6s.6p,"(2D<5/2>,1P<1>)*",5/2,5d9.6s.6d,"[(2D<5/2>,1/2)<3>,3/2]",3/2,,T7226,L11760,
281.49126,0.00005,281.49126,400c,,,0.000,35514.624,5d10.6s,2S,1/2,5d9.6s2,2D,5/2,UT,,L11760,
281.7803,0.0002,281.78050,700,2.2e+06,,111174.092,146652.263,5d9.6s.6p,"(2D<3/2>,3P<2>)*",5/2,5d9.6p2,"(2D<5/2>,3P<0>)",5/2,,T7226,L11760,
282.6572,0.0003,282.65694,30,1.6e+06,,109191.648,144559.816,5d9.6s.6p,"(2D<3/2>,3P<2>)*",3/2,5d9.6s.6d,"[(2D<5/2>,1/2)<3>,3/2]",3/2,,T7226,L11760,
282.6911,0.0002,282.69147,120,2.2e+06,,110604.447,145968.295,5d9.6s.6p,"(2D<3/2>,3P<2>)*",7/2,5d9.6s.6d,"[(2D<5/2>,1/2)<3>,3/2]",7/2,,T7226,L11760,
282.8841,0.0003,,40,,,,,,,,,,,,,L11760,
282.9495,0.0002,282.94961,200,1.0e+06,,111174.092,146505.679,5d9.6s.6p,"(2D<3/2>,3P<2>)*",5/2,5d9.6s.6d,"[(2D<5/2>,1/2)<3>,5/2]",7/2,,T7226,L11760,
283.5654,0.0002,283.56554,35,3.5e+05,,110604.447,145859.294,5d9.6s.6p,"(2D<3/2>,3P<2>)*",7/2,5d9.6s.6d,"[(2D<5/2>,1/2)<3>,3/2]",5/2,,T7226,L11760,
283.9005,0.0007,,10,,,,,,,,,,,,,L11760,
284.76750,0.00010,284.76754,3500000,3.0e+08,,60608.362,95714.406,5d10.6p,2P*,3/2,5d10.7s,2S,1/2,,T7226,L11760,
285.2387,0.0002,285.23858,2500,1.1e+07,,103873.302,138921.375,5d9.6s.6p,"(2D<3/2>,3P<1>)*",1/2,5d9.6s.7s,"[(2D<5/2>,1/2)<2>,1/2]",3/2,,T7226,L11760,
287.3200,0.0002,287.31988,5000,1.8e+07,,111174.092,145968.295,5d9.6s.6p,"(2D<3/2>,3P<2>)*",5/2,5d9.6s.6d,"[(2D<5/2>,1/2)<3>,3/2]",7/2,,T7226,L11760,
288.2228,0.0002,288.22284,100,2.2e+05,,111174.092,145859.294,5d9.6s.6p,"(2D<3/2>,3P<2>)*",5/2,5d9.6s.6d,"[(2D<5/2>,1/2)<3>,3/2]",5/2,,T7226,L11760,
288.2594,0.0002,288.25944,700,1.3e+07,,111971.464,146652.263,5d10.7p,2P*,3/2,5d9.6p2,"(2D<5/2>,3P<0>)",5/2,,T7226,L11760,
289.2559,0.0003,289.25550,15h,1.4e+06,,103873.302,138434.682,5d9.6s.6p,"(2D<3/2>,3P<1>)*",1/2,5d10.10s,2S,1/2,,T7226,L11760,
290.2646,0.0002,290.26462,700,1.6e+05,,100861.369,135302.600,5d9.6s.6p,"(2D<3/2>,3P<1>)*",5/2,5d9.6s.7s,"[(2D<5/2>,1/2)<3>,1/2]",7/2,,T7226,L11760,
290.4044,0.0002,,200,,,,,,,,,,,,,L11760,
290.9334,0.0004,290.93314,500,9.0e+06,,108298.183,142660.277,5d10.7p,2P*,1/2,5d10.10d,2D,3/2,,T7226,L11760,
291.62498,0.00003,291.62500,300000E,7.8e+05,,50555.567,84836.143,5d9.6s2,2D,3/2,5d9.6s.6p,"(2D<5/2>,3P<1>)*",5/2,,T7226,L11760,
293.5903,0.0004,293.59022,30000,3.8e+07,,106086.013,140137.134,5d9.6s.6p,"(2D<5/2>,1P<1>)*",3/2,5d9.6s.7s,"[(2D<5/2>,1/2)<2>,1/2]",5/2,,T7226,L11760,
293.9026,0.0004,293.90275,2500,7.0e+06,,110604.447,144619.360,5d9.6s.6p,"(2D<3/2>,3P<2>)*",7/2,5d9.6s.6d,"[(2D<5/2>,1/2)<3>,3/2]",9/2,,T7226,L11760,
294.0537,0.0004,294.05357,2000,2.2e+07,,111174.092,145171.560,5d9.6s.6p,"(2D<3/2>,3P<2>)*",5/2,5d9.6s.6d,"[(2D<5/2>,1/2)<3>,5/2]",5/2,,T7226,L11760,
294.7074,0.0004,294.70714,250000,1.7e+08,,106215.059,140137.134,5d9.6s.6p,"(2D<5/2>,1P<1>)*",7/2,5d9.6s.7s,"[(2D<5/2>,1/2)<2>,1/2]",5/2,,T7226,L11760,
295.5125,0.0004,295.51292,1500,9.5e+06,,104984.138,138813.721,5d10.6d,2D,3/2,5d10.7f,2F*,5/2,,T7226,L11760,
296.3183,0.0004,296.31831,700,8.8e+06,,111174.092,144911.731,5d9.6s.6p,"(2D<3/2>,3P<2>)*",5/2,5d9.6s.6d,"[(2D<5/2>,1/2)<3>,5/2]",3/2,,T7226,L11760,
296.5100,0.0004,,10c,,,,,,,,,,,,,L11760,
296.6360,0.0004,296.63620,15,7.2e+04,,100861.369,134562.854,5d9.6s.6p,"(2D<3/2>,3P<1>)*",5/2,5d10.8d,2D,3/2,,T7226,L11760,
297.4073,0.0004,297.40755,120,8.0e+06,,108298.183,141912.265,5d10.7p,2P*,1/2,5d10.11s,2S,1/2,,T7226,L11760,
297.5118,0.0004,297.51188,1200h,1.1e+07,,106086.013,139688.308,5d9.6s.6p,"(2D<5/2>,1P<1>)*",3/2,5d10.9d,2D,5/2,,T7226,L11760,
298.0554,0.0004,298.05533,100h,1.6e+06,,106086.013,139627.043,5d9.6s.6p,"(2D<5/2>,1P<1>)*",3/2,5d10.9d,2D,3/2,,T7226,L11760,
298.1513,0.0004,298.15121,250,1.1e+06,,103183.874,136714.118,5d9.6s.6p,"(2D<3/2>,3P<1>)*",3/2,5d9.6s.7s,"[(2D<5/2>,1/2)<3>,1/2]",5/2,,T7226,L11760,
298.6592,0.0004,298.65889,80h,1.1e+05,,106215.059,139688.308,5d9.6s.6p,"(2D<5/2>,1P<1>)*",7/2,5d10.9d,2D,5/2,,T7226,L11760,
299.4420,0.0004,299.44190,140,8.0e+05,,111174.092,144559.816,5d9.6s.6p,"(2D<3/2>,3P<2>)*",5/2,5d9.6s.6d,"[(2D<5/2>,1/2)<3>,3/2]",3/2,,T7226,L11760,
299.9553,0.0004,299.9560,10,2.8e+04,,121960.399,155288.900,5d9.6s.6p,"(2D<3/2>,1P<1>)*",5/2,5d9.6p2,"(2D<5/2>,3P<1>)",5/2,,T7226,L11760,
300.4385,0.0004,300.43863,300h,6.0e+07,,111971.464,145246.433,5d10.7p,2P*,3/2,5d9.6s.6d,"[(2D<5/2>,1/2)<3>,5/2]",1/2,,T7226,L11760,
300.4863,0.0004,300.48640,100,6.3e+05,,105544.042,138813.721,5d10.6d,2D,5/2,5d10.7f,2F*,5/2,,T7226,L11760,
300.6507,0.0004,300.65033,2000,9.5e+06,,105544.042,138795.581,5d10.6d,2D,5/2,5d10.7f,2F*,7/2,,T7226,L11760,
301.1162,0.0004,301.11621,300,1.0e+07,,111971.464,145171.560,5d10.7p,2P*,3/2,5d9.6s.6d,"[(2D<5/2>,1/2)<3>,5/2]",5/2,,T7226,L11760,
303.4916,0.0004,303.49148,2000,4.2e+07,,111971.464,144911.731,5d10.7p,2P*,3/2,5d9.6s.6d,"[(2D<5/2>,1/2)<3>,5/2]",3/2,,T7226,L11760,
304.4610,0.0004,304.46113,25p,9.2e+03,,106086.013,138921.375,5d9.6s.6p,"(2D<5/2>,1P<1>)*",3/2,5d9.6s.7s,"[(2D<5/2>,1/2)<2>,1/2]",3/2,,T7226,L11760,
304.5161,0.0004,304.51583,30w,1.9e+05,,106215.059,139044.524,5d9.6s.6p,"(2D<5/2>,1P<1>)*",7/2,5d10.6g,2G,9/2,,T7226,L11760,
304.5161,0.0004,304.51585,30w,6.9e+03,,106215.059,139044.521,5d9.6s.6p,"(2D<5/2>,1P<1>)*",7/2,5d10.6g,2G,7/2,,T7226,L11760,
304.8503,0.0004,304.84940,25,2.4e+05,,100861.369,133654.913,5d9.6s.6p,"(2D<3/2>,3P<1>)*",5/2,5d10.5g,2G,7/2,,T7226,L11760,
305.5765,0.0004,305.57647,60,1.8e+06,,111971.464,144686.984,5d10.7p,2P*,3/2,5d10.11d,2D,5/2,,T7226,L11760,
306.4529,0.0004,306.45277,800,6.0e+06,,106299.401,138921.375,5d9.6s.6p,"(2D<3/2>,3P<2>)*",1/2,5d9.6s.7s,"[(2D<5/2>,1/2)<2>,1/2]",3/2,,T7226,L11760,
306.7684,0.0004,306.76895,480,8.0e+06,,111971.464,144559.816,5d10.7p,2P*,3/2,5d9.6s.6d,"[(2D<5/2>,1/2)<3>,3/2]",3/2,,T7226,L11760,
306.9177,0.0004,,40,,,,,,,,,,,,,L11760,
307.0478,0.0004,,35,,,,,,,,,,,,,L11760,
308.7549,0.0004,,1100c,,,,,,,,,,,,,L11760,
310.2668,0.0004,,150,,,,,,,,,,,,,L11760,
311.6195,0.0004,311.61988,15000,8.8e+06,,95714.406,127795.481,5d10.7s,2S,1/2,5d10.8p,2P*,3/2,,T7226,L11760,
313.9679,0.0004,,30,,,,,,,,,,,,,L11760,
317.2116,0.0003,317.21148,40h,1.2e+05,,103183.874,134699.466,5d9.6s.6p,"(2D<3/2>,3P<1>)*",3/2,5d10.8d,2D,5/2,,T7226,L11760,
318.7744,0.0004,,70h,,,,,,,,,,,,,L11760,
319.1019,0.0003,319.10225,7500,1.5e+07,,108298.183,139627.043,5d10.7p,2P*,1/2,5d10.9d,2D,3/2,,T7226,L11760,
319.1591,0.0003,,35,,,,,,,,,,,,,L11760,
320.1385,0.0003,320.13868,2500,1.0e+07,,95714.406,126941.844,5d10.7s,2S,1/2,5d10.8p,2P*,1/2,,T7226,L11760,
320.7709,0.0003,,500,,,,,,,,,,,,,L11760,
320.8169,0.0003,320.81713,120000,8.2e+07,,108975.732,140137.134,5d9.6s.6p,"(2D<5/2>,1P<1>)*",5/2,5d9.6s.7s,"[(2D<5/2>,1/2)<2>,1/2]",5/2,,T7226,L11760,
322.7813,0.0003,,150h,,,,,,,,,,,,,L11760,
325.2076,0.0003,325.20733,450,2.5e+06,,111971.464,142712.211,5d10.7p,2P*,3/2,5d10.10d,2D,5/2,,T7226,L11760,
325.2916,0.0003,,100,,,,,,,,,,,,,L11760,
325.6018,0.0003,,80h,,,,,,,,,,,,,L11760,
325.7501,0.0004,325.74985,900h,1.0e+07,,103873.302,134562.854,5d9.6s.6p,"(2D<3/2>,3P<1>)*",1/2,5d10.8d,2D,3/2,,T7226,L11760,
326.1552,0.0011,326.15627,3G,6.5e+04,,108975.732,139627.043,5d9.6s.6p,"(2D<5/2>,1P<1>)*",5/2,5d10.9d,2D,3/2,,T7226,L11760,
326.4039,0.0004,326.40340,60000,2.3e+07,,106086.013,136714.118,5d9.6s.6p,"(2D<5/2>,1P<1>)*",3/2,5d9.6s.7s,"[(2D<5/2>,1/2)<3>,1/2]",5/2,,T7226,L11760,
326.4552,0.0004,326.45577,100l,1.4e+06,,108298.183,138921.375,5d10.7p,2P*,1/2,5d9.6s.7s,"[(2D<5/2>,1/2)<2>,1/2]",3/2,,T7226,L11760,
327.7846,0.0004,327.78451,10000,1.8e+07,,106215.059,136714.118,5d9.6s.6p,"(2D<5/2>,1P<1>)*",7/2,5d9.6s.7s,"[(2D<5/2>,1/2)<3>,1/2]",5/2,,T7226,L11760,
327.8104,0.0004,327.81030,100h,4.8e+06,,109191.648,139688.308,5d9.6s.6p,"(2D<3/2>,3P<2>)*",3/2,5d10.9d,2D,5/2,,T7226,L11760,
328.4712,0.0004,328.47019,10,1.0e+06,,109191.648,139627.043,5d9.6s.6p,"(2D<3/2>,3P<2>)*",3/2,5d10.9d,2D,3/2,,T7226,L11760,
328.9366,0.0004,328.93623,300h,1.3e+04,,95187.361,125579.636,5d9.6s.6p,"(2D<5/2>,3P<2>)*",7/2,5d10.7d,2D,5/2,,T7226,L11760,
331.7279,0.0004,331.72809,700,5.5e+06,,108298.183,138434.682,5d10.7p,2P*,1/2,5d10.10s,2S,1/2,,T7226,L11760,
333.0001,0.0004,333.00002,150c,3.5e+04,,95304.138,125325.531,5d9.6s.6p,"(2D<5/2>,3P<2>)*",5/2,5d10.7d,2D,3/2,,T7226,L11760,
333.5226,0.0004,,300,,,,,,,,,,,,,L11760,
333.8424,0.0004,333.84240,2000c,2.4e+06,,108975.732,138921.375,5d9.6s.6p,"(2D<5/2>,1P<1>)*",5/2,5d9.6s.7s,"[(2D<5/2>,1/2)<2>,1/2]",3/2,,T7226,L11760,
333.8709,0.0004,,30,,,,,,,,,,,,,L11760,
333.8964,0.0004,333.89639,50,2.6e+04,,111971.464,141912.265,5d10.7p,2P*,3/2,5d10.11s,2S,1/2,,T7226,L11760,
334.8487,0.0004,,80,,,,,,,,,,,,,L11760,
336.2671,0.0004,336.26705,10,5.5e+05,,109191.648,138921.375,5d9.6s.6p,"(2D<3/2>,3P<2>)*",3/2,5d9.6s.7s,"[(2D<5/2>,1/2)<2>,1/2]",3/2,,T7226,L11760,
337.3333,0.0004,,500,,,,,,,,,,,,,L11760,
338.5103,0.0004,338.51067,2000c,1.5e+07,,110604.447,140137.134,5d9.6s.6p,"(2D<3/2>,3P<2>)*",7/2,5d9.6s.7s,"[(2D<5/2>,1/2)<2>,1/2]",5/2,,T7226,L11760,
340.1389,0.0004,,200,,,,,,,,,,,,,L11760,
342.4789,0.0004,,400,,,,,,,,,,,,,L11760,
342.7310,0.0004,,100,,,,,,,,,,,,,L11760,
342.9584,0.0004,342.95843,1000c,3.5e+03,,50555.567,79705.262,5d9.6s2,2D,3/2,5d9.6s.6p,"(2D<5/2>,3P<0>)*",5/2,,T7226,L11760,
343.6917,0.0004,343.69129,400c,1.1e+06,,106215.059,135302.600,5d9.6s.6p,"(2D<5/2>,1P<1>)*",7/2,5d9.6s.7s,"[(2D<5/2>,1/2)<3>,1/2]",7/2,,T7226,L11760,
345.1689,0.0004,345.16871,30000,1.8e+07,,111174.092,140137.134,5d9.6s.6p,"(2D<3/2>,3P<2>)*",5/2,5d9.6s.7s,"[(2D<5/2>,1/2)<2>,1/2]",5/2,,T7226,L11760,
345.9164,0.0012,345.91703,350G,1.5e+05,,95714.406,124614.794,5d10.7s,2S,1/2,5d9.6s.6p,"(2D<3/2>,1P<1>)*",3/2,,T7226,L11760,
348.4872,0.0004,348.48719,400s,6.0e+06,,103873.302,132560.550,5d9.6s.6p,"(2D<3/2>,3P<1>)*",1/2,5d10.9s,2S,1/2,,T7226,L11760,
348.8399,0.0004,,150,,,,,,,,,,,,,L11760,
349.3859,0.0004,349.38598,8000h,2.7e+07,,106086.013,134699.466,5d9.6s.6p,"(2D<5/2>,1P<1>)*",3/2,5d10.8d,2D,5/2,,T7226,L11760,
350.9758,0.0004,350.97560,100h,4.2e+04,,97095.774,125579.636,5d9.6s.6p,"(2D<3/2>,3P<0>)*",3/2,5d10.7d,2D,5/2,,T7226,L11760,
351.0625,0.0004,351.06214,800h,4.8e+06,,106086.013,134562.854,5d9.6s.6p,"(2D<5/2>,1P<1>)*",3/2,5d10.8d,2D,3/2,,T7226,L11760,
351.5164,0.0004,351.51596,200h,5.6e+05,,110604.447,139044.524,5d9.6s.6p,"(2D<3/2>,3P<2>)*",7/2,5d10.6g,2G,9/2,,T7226,L11760,
351.5164,0.0004,351.51600,200h,2.0e+04,,110604.447,139044.521,5d9.6s.6p,"(2D<3/2>,3P<2>)*",7/2,5d10.6g,2G,7/2,,T7226,L11760,
353.2594,0.0004,353.2599,100000,3.0e+07,,104984.138,133283.820,5d10.6d,2D,3/2,5d10.6f,2F*,5/2,,T7226,L11760,
354.1352,0.0004,354.13494,100h,3.0e+04,,97095.774,125325.531,5d9.6s.6p,"(2D<3/2>,3P<0>)*",3/2,5d10.7d,2D,3/2,,T7226,L11760,
354.9411,0.0004,354.94074,30000,1.5e+07,,111971.464,140137.134,5d10.7p,2P*,3/2,5d9.6s.7s,"[(2D<5/2>,1/2)<2>,1/2]",5/2,,T7226,L11760,
356.2385,0.0004,,100,,,,,,,,,,,,,L11760,
360.2931,0.0004,360.29286,600c,9.8e+05,,111174.092,138921.375,5d9.6s.6p,"(2D<3/2>,3P<2>)*",5/2,5d9.6s.7s,"[(2D<5/2>,1/2)<2>,1/2]",3/2,,T7226,L11760,
360.3908,0.0004,360.3903,1500,2.0e+06,,105544.042,133283.820,5d10.6d,2D,5/2,5d10.6f,2F*,5/2,,T7226,L11760,
360.4085,0.0004,360.40843,45000c,1.4e+07,,108975.732,136714.118,5d9.6s.6p,"(2D<5/2>,1P<1>)*",5/2,5d9.6s.7s,"[(2D<5/2>,1/2)<3>,1/2]",5/2,,T7226,L11760,
360.5762,0.0002,360.57616,100000,3.0e+07,,105544.042,133269.525,5d10.6d,2D,5/2,5d10.6f,2F*,7/2,,T7226,L11760,
360.6885,0.0004,360.68855,8000,5.7e+06,,111971.464,139688.308,5d10.7p,2P*,3/2,5d10.9d,2D,5/2,,T7226,L11760,
361.4875,0.0004,361.48760,450,8.5e+05,,111971.464,139627.043,5d10.7p,2P*,3/2,5d10.9d,2D,3/2,,T7226,L11760,
363.2363,0.0004,363.23594,8000,3.5e+06,,109191.648,136714.118,5d9.6s.6p,"(2D<3/2>,3P<2>)*",3/2,5d9.6s.7s,"[(2D<5/2>,1/2)<3>,1/2]",5/2,,T7226,L11760,
364.3293,0.0004,364.32960,100h,1.2e+04,,106215.059,133654.913,5d9.6s.6p,"(2D<5/2>,1P<1>)*",7/2,5d10.5g,2G,7/2,,T7226,L11760,
364.3293,0.0004,364.33005,100h,3.4e+05,,106215.059,133654.879,5d9.6s.6p,"(2D<5/2>,1P<1>)*",7/2,5d10.5g,2G,9/2,,T7226,L11760,
375.1759,0.0004,,100h,,,,,,,,,,,,,L11760,
377.6141,0.0003,377.61416,6000h,2.6e+07,,106086.013,132560.550,5d9.6s.6p,"(2D<5/2>,1P<1>)*",3/2,5d10.9s,2S,1/2,,T7226,L11760,
377.7755,0.0003,377.7757,900,2.7e+06,,111971.464,138434.682,5d10.7p,2P*,3/2,5d10.10s,2S,1/2,,T7226,L11760,
378.9727,0.0004,378.9732,5,7.5e+05,,121753.739,148133.339,5d9.6s.6p,"(2D<3/2>,1P<1>)*",1/2,5d9.6s.6d,"[(2D<5/2>,1/2)<2>,3/2]",1/2,,T7226,L11760,
379.7326,0.0003,379.73228,6000c,7.6e+05,,108975.732,135302.600,5d9.6s.6p,"(2D<5/2>,1P<1>)*",5/2,5d9.6s.7s,"[(2D<5/2>,1/2)<3>,1/2]",7/2,,T7226,L11760,
380.6312,0.0003,380.63154,50000,3.2e+07,,108298.183,134562.854,5d10.7p,2P*,1/2,5d10.8d,2D,3/2,,T7226,L11760,
382.8909,0.0004,382.89121,1000,1.5e+06,,110604.447,136714.118,5d9.6s.6p,"(2D<3/2>,3P<2>)*",7/2,5d9.6s.7s,"[(2D<5/2>,1/2)<3>,1/2]",5/2,,T7226,L11760,
383.9259,0.0004,383.9255,10000,4.7e+06,,95714.406,121753.739,5d10.7s,2S,1/2,5d9.6s.6p,"(2D<3/2>,1P<1>)*",1/2,,T7226,L11760,
388.3183,0.0004,,200,,,,,,,,,,,,,L11760,
390.9320,0.0004,,400,,,,,,,,,,,,,L11760,
391.3367,0.0004,,75,,,,,,,,,,,,,L11760,
391.4313,0.0004,391.43142,5000,3.7e+06,,111174.092,136714.118,5d9.6s.6p,"(2D<3/2>,3P<2>)*",5/2,5d9.6s.7s,"[(2D<5/2>,1/2)<3>,1/2]",5/2,,T7226,L11760,
391.9264,0.0004,391.9257,500D,1.1e+07,,109191.648,134699.466,5d9.6s.6p,"(2D<3/2>,3P<2>)*",3/2,5d10.8d,2D,5/2,,T7226,L11760,
394.0369,0.0016,394.0361,15G,1.9e+06,,109191.648,134562.854,5d9.6s.6p,"(2D<3/2>,3P<2>)*",3/2,5d10.8d,2D,3/2,,T7226,L11760,
394.5673,0.0004,,30,,,,,,,,,,,,,L11760,
394.6281,0.0004,,75,,,,,,,,,,,,,L11760,
395.6319,0.0004,,60,,,,,,,,,,,,,L11760,
397.4402,0.0004,,500,,,,,,,,,,,,,L11760,
398.39312,0.00003,398.39312,10000000c,3.2e+06,,35514.624,60608.362,5d9.6s2,2D,5/2,5d10.6p,2P*,3/2,,T7226,L11760,
402.6201,0.0016,,15G,,,,,,,,,,,,,L11760,
404.0457,0.0010,404.04621,4000c,9.0e+06,,111971.464,136714.118,5d10.7p,2P*,3/2,5d9.6s.7s,"[(2D<5/2>,1/2)<3>,1/2]",5/2,,T7226,L11760,
404.0576,0.0003,,500,,,,,,,,,,,,,L11760,
404.7740,0.0004,404.7742,50,3.0e+05,,110604.447,135302.600,5d9.6s.6p,"(2D<3/2>,3P<2>)*",7/2,5d9.6s.7s,"[(2D<5/2>,1/2)<3>,1/2]",7/2,,T7226,L11760,
412.0440,0.0004,412.04469,4000,1.2e+07,,108298.183,132560.550,5d10.7p,2P*,1/2,5d10.9s,2S,1/2,,T7226,L11760,
427.6224,0.0003,,100,,,,,,,,,,,,,L11760,
427.7995,0.0003,427.7987,100w,8.0e+06,,109191.648,132560.550,5d9.6s.6p,"(2D<3/2>,3P<2>)*",3/2,5d10.9s,2S,1/2,,T7226,L11760,
433.7097,0.0004,433.70877,100c,4.0e+04,,110604.447,133654.913,5d9.6s.6p,"(2D<3/2>,3P<2>)*",7/2,5d10.5g,2G,7/2,,T7226,L11760,
433.7097,0.0004,433.70941,100c,1.1e+06,,110604.447,133654.879,5d9.6s.6p,"(2D<3/2>,3P<2>)*",7/2,5d10.5g,2G,9/2,,T7226,L11760,
438.2549,0.0004,438.25526,300u,8.5e+04,,104984.138,127795.481,5d10.6d,2D,3/2,5d10.8p,2P*,3/2,,T7226,L11760,
439.8617,0.0003,439.8623,40000,9.0e+06,,111971.464,134699.466,5d10.7p,2P*,3/2,5d10.8d,2D,5/2,,T7226,L11760,
440.4854,0.0006,440.4854,2h,4.5e+06,,123153.775,145849.628,5d10.5f,2F*,7/2,5d10.9g,2G,9/2,,T7226,L11760,
442.5220,0.0004,442.52225,3300h,1.3e+06,,111971.464,134562.854,5d10.7p,2P*,3/2,5d10.8d,2D,3/2,,T7226,L11760,
445.4395,0.0003,445.4390,200h,6.5e+06,,121960.399,144403.864,5d9.6s.6p,"(2D<3/2>,1P<1>)*",5/2,5d10.8g,2G,7/2,,T7226,L11760,
445.5486,0.0003,445.5486,70h,2.1e+06,,123411.351,145849.294,5d10.5f,2F*,5/2,5d10.9g,2G,7/2,,T7226,L11760,
445.9053,0.0003,,150h,,,,,,,,,,,,,L11760,
446.3878,0.0004,446.3878,700c,8.0e+04,,103183.874,125579.636,5d9.6s.6p,"(2D<3/2>,3P<1>)*",3/2,5d10.7d,2D,5/2,,T7226,L11760,
449.1552,0.0003,,2000,,,,,,,,,,,,,L11760,
449.2831,0.0003,449.28309,2800,7.5e+05,,105544.042,127795.481,5d10.6d,2D,5/2,5d10.8p,2P*,3/2,,T7226,L11760,
465.7320,0.0003,465.73159,60h,,,123153.775,144619.360,5d10.5f,2F*,7/2,5d9.6s.6d,"[(2D<5/2>,1/2)<3>,3/2]",9/2,,,L11760,
466.0219,0.0004,466.02156,30000,1.0e+07,,103873.302,125325.531,5d9.6s.6p,"(2D<3/2>,3P<1>)*",1/2,5d10.7d,2D,3/2,,T7226,L11760,
468.6563,0.0003,468.6561,60s,7.7e+03,,84212.404,105544.042,5d9.6s.6p,"(2D<5/2>,3P<1>)*",7/2,5d10.6d,2D,5/2,,T7226,L11760,
470.4625,0.0003,470.4625,300l,6.7e+06,,123153.775,144403.510,5d10.5f,2F*,7/2,5d10.8g,2G,9/2,,T7226,L11760,
474.2297,0.0003,474.2296,300,,,144619.360,165700.298,5d9.6s.6d,"[(2D<5/2>,1/2)<3>,3/2]",9/2,5d9.6s.5f,"[(2D<5/2>,1/2)<3>,7/2]*",9/2,,,L11760,
476.2266,0.0003,476.2271,100h,2.8e+06,,123411.351,144403.864,5d10.5f,2F*,5/2,5d10.8g,2G,7/2,,T7226,L11760,
482.5566,0.0003,482.5564,17000,,,144619.360,165336.537,5d9.6s.6d,"[(2D<5/2>,1/2)<3>,3/2]",9/2,5d9.6s.5f,"[(2D<5/2>,1/2)<3>,5/2]*",11/2,,,L11760,
482.7732,0.0003,482.77261,30w,4.8e+03,,84836.143,105544.042,5d9.6s.6p,"(2D<5/2>,3P<1>)*",5/2,5d10.6d,2D,5/2,,T7226,L11760,
485.5584,0.0004,485.5586,16000h,2.2e+06,,111971.464,132560.550,5d10.7p,2P*,3/2,5d10.9s,2S,1/2,,T7226,L11760,
488.0327,0.0005,,4500c,,,,,,,,,,,,,L11760,
491.6328,0.0003,,100w,,,,,,,,,,,,,L11760,
496.1873,0.0003,496.1888,18000c,2.1e+05,,84836.143,104984.138,5d9.6s.6p,"(2D<5/2>,3P<1>)*",5/2,5d10.6d,2D,3/2,,T7226,L11760,
498.0564,0.0004,498.0567,9500l,,,145859.294,165931.728,5d9.6s.6d,"[(2D<5/2>,1/2)<3>,3/2]",5/2,5d9.6s.5f,"[(2D<5/2>,1/2)<3>,5/2]*",7/2,,,L11760,
501.7279,0.0003,,100,,,,,,,,,,,,,L11760,
502.5607,0.0003,,100,,,,,,,,,,,,,L11760,
506.6493,0.0005,506.6497,1200,,,145968.295,165700.298,5d9.6s.6d,"[(2D<5/2>,1/2)<3>,3/2]",7/2,5d9.6s.5f,"[(2D<5/2>,1/2)<3>,7/2]*",9/2,,,L11760,
509.8559,0.0003,509.8561,60,,,146062.814,165670.728,5d9.6s.6d,"[(2D<5/2>,1/2)<3>,5/2]",11/2,5d9.6s.5f,"[(2D<5/2>,1/2)<3>,5/2]*",9/2,,,L11760,
510.0946,0.0003,510.0945,100,,,146062.814,165661.563,5d9.6s.6d,"[(2D<5/2>,1/2)<3>,5/2]",11/2,5d9.6s.5f,"[(2D<5/2>,1/2)<3>,7/2]*",11/2,,,L11760,
512.8442,0.0003,512.84538,120000c,2.5e+07,,106086.013,125579.636,5d9.6s.6p,"(2D<5/2>,1P<1>)*",3/2,5d10.7d,2D,5/2,,T7226,L11760,
514.6289,0.0003,514.6293,15000,,,146505.679,165931.728,5d9.6s.6d,"[(2D<5/2>,1/2)<3>,5/2]",7/2,5d9.6s.5f,"[(2D<5/2>,1/2)<3>,5/2]*",7/2,,,L11760,
516.2357,0.0008,516.2367,25000c,1.7e+05,,86178.478,105544.042,5d9.6s.6p,"(2D<5/2>,3P<1>)*",3/2,5d10.6d,2D,5/2,,T7226,L11760,
519.6190,0.0008,519.61884,18000c,4.2e+06,,106086.013,125325.531,5d9.6s.6p,"(2D<5/2>,1P<1>)*",3/2,5d10.7d,2D,3/2,,T7226,L11760,
520.4768,0.0003,520.4768,150000,,,146062.814,165270.619,5d9.6s.6d,"[(2D<5/2>,1/2)<3>,5/2]",11/2,5d9.6s.5f,"[(2D<5/2>,1/2)<3>,7/2]*",13/2,,,L11760,
520.5868,0.0003,520.5864,80h,,,146727.968,165931.728,5d9.6s.6d,"[(2D<5/2>,1/2)<3>,5/2]",9/2,5d9.6s.5f,"[(2D<5/2>,1/2)<3>,5/2]*",7/2,,,L11760,
521.6382,0.0003,521.6379,40000,,,146505.679,165670.728,5d9.6s.6d,"[(2D<5/2>,1/2)<3>,5/2]",7/2,5d9.6s.5f,"[(2D<5/2>,1/2)<3>,5/2]*",9/2,,,L11760,
522.2922,0.0003,522.2922,500h,1.3e+07,,123153.775,142294.817,5d10.5f,2F*,7/2,5d10.7g,2G,9/2,,T7226,L11760,
524.2173,0.0003,524.2172,35w,9.0e+04,,105544.042,124614.794,5d10.6d,2D,5/2,5d9.6s.6p,"(2D<3/2>,1P<1>)*",3/2,,T7226,L11760,
527.7591,0.0003,527.7593,18000,,,146727.968,165670.728,5d9.6s.6d,"[(2D<5/2>,1/2)<3>,5/2]",9/2,5d9.6s.5f,"[(2D<5/2>,1/2)<3>,5/2]*",9/2,,,L11760,
528.0146,0.0003,528.0148,600h,,,146727.968,165661.563,5d9.6s.6d,"[(2D<5/2>,1/2)<3>,5/2]",9/2,5d9.6s.5f,"[(2D<5/2>,1/2)<3>,7/2]*",11/2,,,L11760,
529.3248,0.0003,,200,,,,,,,,,,,,,L11760,
529.4177,0.0003,529.4177,400h,9.2e+06,,123411.351,142294.773,5d10.5f,2F*,5/2,5d10.7g,2G,7/2,,T7226,L11760,
531.6067,0.0006,531.6069,75c,1.5e+04,,86178.478,104984.138,5d9.6s.6p,"(2D<5/2>,3P<1>)*",3/2,5d10.6d,2D,3/2,,T7226,L11760,
537.2373,0.0003,537.2374,40,,,146727.968,165336.537,5d9.6s.6d,"[(2D<5/2>,1/2)<3>,5/2]",9/2,5d9.6s.5f,"[(2D<5/2>,1/2)<3>,5/2]*",11/2,,,L11760,
542.5253,0.0003,542.5249,8000000,1.4e+08,,104984.138,123411.351,5d10.6d,2D,3/2,5d10.5f,2F*,5/2,,T7226,L11760,
546.5286,0.0003,,250,,,,,,,,,,,,,L11760,
559.5268,0.0005,559.5260,200000,8.8e+06,,105544.042,123411.351,5d10.6d,2D,5/2,5d10.5f,2F*,5/2,,T7226,L11760,
567.7105,0.0003,567.7102,20000000E,1.8e+08,,105544.042,123153.775,5d10.6d,2D,5/2,5d10.5f,2F*,7/2,,T7226,L11760,
569.8590,0.0003,569.8593,1500c,4.6e+06,,103873.302,121416.626,5d9.6s.6p,"(2D<3/2>,3P<1>)*",1/2,5d10.8s,2S,1/2,,T7226,L11760,
585.1758,0.0004,585.1766,1300c,8.0e+06,,121960.399,139044.521,5d9.6s.6p,"(2D<3/2>,1P<1>)*",5/2,5d10.6g,2G,7/2,,T7226,L11760,
587.0899,0.0003,,80p,,,,,,,,,,,,,L11760,
587.1279,0.0003,587.12779,1200000,1.0e+08,,108298.183,125325.531,5d10.7p,2P*,1/2,5d10.7d,2D,3/2,,T7226,L11760,
587.1572,0.0003,,50u,,,,,,,,,,,,,L11760,
587.1921,0.0003,,600h,,,,,,,,,,,,,L11760,
588.8939,0.0003,588.8947,2000000c,3.8e+07,,104984.138,121960.399,5d10.6d,2D,3/2,5d9.6s.6p,"(2D<3/2>,1P<1>)*",5/2,,T7226,L11760,
591.8496,0.0003,591.8496,10w,3.3e+06,,127795.481,144686.984,5d10.8p,2P*,3/2,5d10.11d,2D,5/2,,T7226,L11760,
594.7680,0.0003,594.7682,150,4.5e+06,,125325.531,142134.148,5d10.7d,2D,3/2,5d10.8f,2F*,5/2,,T7226,L11760,
596.1509,0.0006,596.1520,1500c,1.8e+06,,104984.138,121753.739,5d10.6d,2D,3/2,5d9.6s.6p,"(2D<3/2>,1P<1>)*",1/2,,T7226,L11760,
597.8916,0.0003,,180h,,,,,,,,,,,,,L11760,
603.2653,0.0003,,60h,,,,,,,,,,,,,L11760,
604.1045,0.0003,604.1047,180h,4.5e+06,,125579.636,142128.476,5d10.7d,2D,5/2,5d10.8f,2F*,7/2,,T7226,L11760,
608.9794,0.0004,608.9800,8000c,2.7e+06,,105544.042,121960.399,5d10.6d,2D,5/2,5d9.6s.6p,"(2D<3/2>,1P<1>)*",5/2,,T7226,L11760,
610.0096,0.0003,,100,,,,,,,,,,,,,L11760,
610.0332,0.0004,610.0342,5000c,1.8e+07,,109191.648,125579.636,5d9.6s.6p,"(2D<3/2>,3P<2>)*",3/2,5d10.7d,2D,5/2,,T7226,L11760,
614.1773,0.0003,,150,,,,,,,,,,,,,L11760,
614.6435,0.0003,,1500000,,,,,,,,,,,,,L11760,
614.6845,0.0003,,350w,,,,,,,,,,,,,L11760,
614.94750,0.00010,614.94726,25000000c,6.2e+07,,95714.406,111971.464,5d10.7s,2S,1/2,5d10.7p,2P*,3/2,,T7226,L11760,
615.2002,0.0003,,120,,,,,,,,,,,,,L11760,
615.7138,0.0003,,120,,,,,,,,,,,,,L11760,
615.8303,0.0003,,1000,,,,,,,,,,,,,L11760,
619.4289,0.0003,,70h,,,,,,,,,,,,,L11760,
619.6409,0.0003,619.6421,250c,3.0e+06,,109191.648,125325.531,5d9.6s.6p,"(2D<3/2>,3P<2>)*",3/2,5d10.7d,2D,3/2,,T7226,L11760,
624.2222,0.0003,,65000,,,,,,,,,,,,,L11760,
629.1228,0.0003,629.1230,65000,2.6e+07,,123153.775,139044.524,5d10.5f,2F*,7/2,5d10.6g,2G,9/2,,T7226,L11760,
636.0199,0.0003,636.0199,150h,4.8e+06,,126941.844,142660.277,5d10.8p,2P*,1/2,5d10.10d,2D,3/2,,T7226,L11760,
639.4890,0.0003,639.4888,55000,1.8e+07,,123411.351,139044.521,5d10.5f,2F*,5/2,5d10.6g,2G,7/2,,T7226,L11760,
644.0547,0.0003,644.0548,30h,1.8e+05,,124614.794,140137.134,5d9.6s.6p,"(2D<3/2>,1P<1>)*",3/2,5d9.6s.7s,"[(2D<5/2>,1/2)<2>,1/2]",5/2,,T7226,L11760,
652.1092,0.0003,652.1095,150000c,1.6e+07,,106086.013,121416.626,5d9.6s.6p,"(2D<5/2>,1P<1>)*",3/2,5d10.8s,2S,1/2,,T7226,L11760,
664.66840,0.00010,664.66839,1300,,,35514.624,50555.567,5d9.6s2,2D,5/2,5d9.6s2,2D,3/2,UT,,L11760,
670.2030,0.0003,670.2032,170h,5.3e+06,,127795.481,142712.211,5d10.8p,2P*,3/2,5d10.10d,2D,5/2,,T7226,L11760,
694.5474,0.0003,694.5474,120h,2.2e+06,,121416.626,135810.522,5d10.8s,2S,1/2,5d10.9p,2P*,3/2,,T7226,L11760,
734.6508,0.0003,734.6502,600000E,5.3e+07,,111971.464,125579.636,5d10.7p,2P*,3/2,5d10.7d,2D,5/2,,T7226,L11760,
739.5622,0.0003,,1200h,,,,,,,,,,,,,L11760,
741.1852,0.0003,741.1852,600w,1.1e+07,,125325.531,138813.721,5d10.7d,2D,3/2,5d10.7f,2F*,5/2,,T7226,L11760,
741.7864,0.0004,741.7873,18000c,1.2e+07,,95714.406,109191.648,5d10.7s,2S,1/2,5d9.6s.6p,"(2D<3/2>,3P<2>)*",3/2,,T7226,L11760,
748.6298,0.0003,748.6294,6500w,8.5e+06,,111971.464,125325.531,5d10.7p,2P*,3/2,5d10.7d,2D,3/2,,T7226,L11760,
756.4534,0.0003,756.4535,12000h,1.1e+07,,125579.636,138795.581,5d10.7d,2D,5/2,5d10.7f,2F*,7/2,,T7226,L11760,
762.0763,0.0003,762.0758,60000h,4.0e+07,,108298.183,121416.626,5d10.7p,2P*,1/2,5d10.8s,2S,1/2,,T7226,L11760,
777.1951,0.0004,,2000w,,,,,,,,,,,,,L11760,
788.1034,0.0002,788.1035,110h,9.5e+06,,126941.844,139627.043,5d10.8p,2P*,1/2,5d10.9d,2D,3/2,,T7226,L11760,
794.4555,0.0002,794.4554,25000000,4.3e+07,,95714.406,108298.183,5d10.7s,2S,1/2,5d10.7p,2P*,1/2,,T7226,L11760,
840.6119,0.0003,840.6120,100c,9.8e+06,,127795.481,139688.308,5d10.8p,2P*,3/2,5d10.9d,2D,5/2,,T7226,L11760,
854.8664,0.0003,854.8669,1000c,2.0e+07,,121960.399,133654.913,5d9.6s.6p,"(2D<3/2>,1P<1>)*",5/2,5d10.5g,2G,7/2,,T7226,L11760,
952.0198,0.0004,952.0197,600000h,7.2e+07,,123153.775,133654.879,5d10.5f,2F*,7/2,5d10.5g,2G,9/2,,T7226,L11760,
963.9060,0.0004,963.9064,180000c,7.2e+06,,95714.406,106086.013,5d10.7s,2S,1/2,5d9.6s.6p,"(2D<5/2>,1P<1>)*",3/2,,T7226,L11760,
975.9557,0.0004,975.9553,20000w,5.1e+07,,123411.351,133654.913,5d10.5f,2F*,5/2,5d10.5g,2G,7/2,,T7226,L11760,
